season,week_num,week_label,position,first_name,last_name,team,team_raw,salary,game,in_slate,source_file
2024,6,week6,RB,Alvin,Kamara,NO,NO,8200,,1,FG_week6_exportin.csv
2024,6,week6,QB,Lamar,Jackson,BAL,BAL,7800,,1,FG_week6_exportin.csv
2024,6,week6,RB,Saquon,Barkley,PHI,PHI,7400,,1,FG_week6_exportin.csv
2024,6,week6,QB,Jayden,Daniels,WAS,WAS,7400,,1,FG_week6_exportin.csv
2024,6,week6,RB,Derrick,Henry,BAL,BAL,7400,,1,FG_week6_exportin.csv
2024,6,week6,WR,Nico,Collins,HOU,HOU,7000,,1,FG_week6_exportin.csv
2024,6,week6,RB,Jonathan,Taylor,IND,IND,6800,,1,FG_week6_exportin.csv
2024,6,week6,RB,Jahmyr,Gibbs,DET,DET,6600,,1,FG_week6_exportin.csv
2024,6,week6,WR,CeeDee,Lamb,DAL,DAL,6600,,1,FG_week6_exportin.csv
2024,6,week6,RB,Joe,Mixon,HOU,HOU,6600,,1,FG_week6_exportin.csv
2024,6,week6,WR,Amon-Ra,St. Brown,DET,DET,6600,,1,FG_week6_exportin.csv
2024,6,week6,RB,James,Conner,ARI,ARI,6400,,1,FG_week6_exportin.csv
2024,6,week6,QB,Justin,Fields,PIT,PIT,6400,,1,FG_week6_exportin.csv
2024,6,week6,WR,Drake,London,ATL,ATL,6400,,1,FG_week6_exportin.csv
2024,6,week6,QB,Kyler,Murray,ARI,ARI,6400,,1,FG_week6_exportin.csv
2024,6,week6,QB,Jordan,Love,GB,GB,6200,,1,FG_week6_exportin.csv
2024,6,week6,QB,Baker,Mayfield,TB,TB,6200,,1,FG_week6_exportin.csv
2024,6,week6,WR,A.J.,Brown,PHI,PHI,6000,,1,FG_week6_exportin.csv
2024,6,week6,WR,Mike,Evans,TB,TB,6000,,1,FG_week6_exportin.csv
2024,6,week6,WR,Chris,Godwin,TB,TB,6000,,1,FG_week6_exportin.csv
2024,6,week6,RB,Chuba,Hubbard,CAR,CAR,6000,,1,FG_week6_exportin.csv
2024,6,week6,RB,David,Montgomery,DET,DET,6000,,1,FG_week6_exportin.csv
2024,6,week6,QB,Dak,Prescott,DAL,DAL,6000,,1,FG_week6_exportin.csv
2024,6,week6,WR,Jayden,Reed,GB,GB,6000,,1,FG_week6_exportin.csv
2024,6,week6,RB,Bijan,Robinson,ATL,ATL,6000,,1,FG_week6_exportin.csv
2024,6,week6,WR,Davante,Adams,LV,LV,5800,,1,FG_week6_exportin.csv
2024,6,week6,RB,J.K.,Dobbins,LAC,LAC,5800,,1,FG_week6_exportin.csv
2024,6,week6,WR,Marvin,Harrison Jr.,ARI,ARI,5800,,1,FG_week6_exportin.csv
2024,6,week6,QB,Jalen,Hurts,PHI,PHI,5800,,1,FG_week6_exportin.csv
2024,6,week6,RB,Brian,Robinson Jr.,WAS,WAS,5800,,1,FG_week6_exportin.csv
2024,6,week6,WR,DeVonta,Smith,PHI,PHI,5800,,1,FG_week6_exportin.csv
2024,6,week6,QB,Kirk,Cousins,ATL,ATL,5600,,1,FG_week6_exportin.csv
2024,6,week6,QB,Joe,Flacco,IND,IND,5600,,1,FG_week6_exportin.csv
2024,6,week6,QB,Jared,Goff,DET,DET,5600,,1,FG_week6_exportin.csv
2024,6,week6,RB,Josh,Jacobs,GB,GB,5600,,1,FG_week6_exportin.csv
2024,6,week6,RB,Tony,Pollard,TEN,TEN,5600,,1,FG_week6_exportin.csv
2024,6,week6,QB,Anthony,Richardson,IND,IND,5600,,1,FG_week6_exportin.csv
2024,6,week6,QB,C.J.,Stroud,HOU,HOU,5600,,1,FG_week6_exportin.csv
2024,6,week6,WR,Terry,McLaurin,WAS,WAS,5400,,1,FG_week6_exportin.csv
2024,6,week6,WR,Chris,Olave,NO,NO,5400,,1,FG_week6_exportin.csv
2024,6,week6,QB,Derek,Carr,NO,NO,5200,,1,FG_week6_exportin.csv
2024,6,week6,WR,Amari,Cooper,CLE,CLE,5200,,1,FG_week6_exportin.csv
2024,6,week6,WR,Stefon,Diggs,HOU,HOU,5200,,1,FG_week6_exportin.csv
2024,6,week6,WR,Zay,Flowers,BAL,BAL,5200,,1,FG_week6_exportin.csv
2024,6,week6,WR,Diontae,Johnson,CAR,CAR,5200,,1,FG_week6_exportin.csv
2024,6,week6,WR,Darnell,Mooney,ATL,ATL,5200,,1,FG_week6_exportin.csv
2024,6,week6,RB,Rhamondre,Stevenson,NE,NE,5200,,1,FG_week6_exportin.csv
2024,6,week6,WR,Jameson,Williams,DET,DET,5200,,1,FG_week6_exportin.csv
2024,6,week6,QB,Bo,Nix,DEN,DEN,5000,,1,FG_week6_exportin.csv
2024,6,week6,WR,George,Pickens,PIT,PIT,4800,,1,FG_week6_exportin.csv
2024,6,week6,WR,Rashid,Shaheed,NO,NO,4800,,1,FG_week6_exportin.csv
2024,6,week6,QB,Deshaun,Watson,CLE,CLE,4800,,1,FG_week6_exportin.csv
2024,6,week6,RB,Najee,Harris,PIT,PIT,4600,,1,FG_week6_exportin.csv
2024,6,week6,QB,Justin,Herbert,LAC,LAC,4600,,1,FG_week6_exportin.csv
2024,6,week6,WR,Michael,Pittman Jr.,IND,IND,4600,,1,FG_week6_exportin.csv
2024,6,week6,QB,Jacoby,Brissett,NE,NE,4400,,1,FG_week6_exportin.csv
2024,6,week6,QB,Andy,Dalton,CAR,CAR,4400,,1,FG_week6_exportin.csv
2024,6,week6,RB,Rico,Dowdle,DAL,DAL,4400,,1,FG_week6_exportin.csv
2024,6,week6,RB,Austin,Ekeler,WAS,WAS,4400,,1,FG_week6_exportin.csv
2024,6,week6,RB,Jerome,Ford,CLE,CLE,4400,,1,FG_week6_exportin.csv
2024,6,week6,QB,Will,Levis,TEN,TEN,4400,,1,FG_week6_exportin.csv
2024,6,week6,QB,Drake,Maye,NE,NE,4400,,1,FG_week6_exportin.csv
2024,6,week6,WR,Jakobi,Meyers,LV,LV,4400,,1,FG_week6_exportin.csv
2024,6,week6,QB,Gardner,Minshew II,LV,LV,4400,,1,FG_week6_exportin.csv
2024,6,week6,WR,Calvin,Ridley,TEN,TEN,4400,,1,FG_week6_exportin.csv
2024,6,week6,RB,Javonte,Williams,DEN,DEN,4400,,1,FG_week6_exportin.csv
2024,6,week6,QB,Bryce,Young,CAR,CAR,4400,,1,FG_week6_exportin.csv
2024,6,week6,QB,Kyle,Allen,PIT,PIT,4200,,1,FG_week6_exportin.csv
2024,6,week6,TE,Brock,Bowers,LV,LV,4200,,1,FG_week6_exportin.csv
2024,6,week6,WR,Tank,Dell,HOU,HOU,4200,,1,FG_week6_exportin.csv
2024,6,week6,WR,Josh,Downs,IND,IND,4200,,1,FG_week6_exportin.csv
2024,6,week6,QB,Jeff,Driskel,WAS,WAS,4200,,1,FG_week6_exportin.csv
2024,6,week6,QB,Sam,Ehlinger,IND,IND,4200,,1,FG_week6_exportin.csv
2024,6,week6,QB,Jake,Haener,NO,NO,4200,,1,FG_week6_exportin.csv
2024,6,week6,QB,Sam,Hartman,WAS,WAS,4200,,1,FG_week6_exportin.csv
2024,6,week6,QB,Taylor,Heinicke,LAC,LAC,4200,,1,FG_week6_exportin.csv
2024,6,week6,QB,Hendon,Hooker,DET,DET,4200,,1,FG_week6_exportin.csv
2024,6,week6,QB,Josh,Johnson,BAL,BAL,4200,,1,FG_week6_exportin.csv
2024,6,week6,QB,Trey,Lance,DAL,DAL,4200,,1,FG_week6_exportin.csv
2024,6,week6,QB,Marcus,Mariota,WAS,WAS,4200,,1,FG_week6_exportin.csv
2024,6,week6,TE,Trey,McBride,ARI,ARI,4200,,1,FG_week6_exportin.csv
2024,6,week6,WR,Ladd,McConkey,LAC,LAC,4200,,1,FG_week6_exportin.csv
2024,6,week6,QB,Tanner,McKee,PHI,PHI,4200,,1,FG_week6_exportin.csv
2024,6,week6,QB,Davis,Mills,HOU,HOU,4200,,1,FG_week6_exportin.csv
2024,6,week6,QB,Joe,Milton III,NE,NE,4200,,1,FG_week6_exportin.csv
2024,6,week6,QB,Aidan,O'Connell,LV,LV,4200,,1,FG_week6_exportin.csv
2024,6,week6,QB,Michael,Penix Jr.,ATL,ATL,4200,,1,FG_week6_exportin.csv
2024,6,week6,QB,Kenny,Pickett,PHI,PHI,4200,,1,FG_week6_exportin.csv
2024,6,week6,QB,Spencer,Rattler,NO,NO,4200,,1,FG_week6_exportin.csv
2024,6,week6,QB,Mason,Rudolph,TEN,TEN,4200,,1,FG_week6_exportin.csv
2024,6,week6,QB,Cooper,Rush,DAL,DAL,4200,,1,FG_week6_exportin.csv
2024,6,week6,QB,Easton,Stick,LAC,LAC,4200,,1,FG_week6_exportin.csv
2024,6,week6,QB,Jarrett,Stidham,DEN,DEN,4200,,1,FG_week6_exportin.csv
2024,6,week6,QB,Dorian,Thompson-Robinson,CLE,CLE,4200,,1,FG_week6_exportin.csv
2024,6,week6,QB,Kyle,Trask,TB,TB,4200,,1,FG_week6_exportin.csv
2024,6,week6,QB,Clayton,Tune,ARI,ARI,4200,,1,FG_week6_exportin.csv
2024,6,week6,RB,Rachaad,White,TB,TB,4200,,1,FG_week6_exportin.csv
2024,6,week6,WR,Dontayvion,Wicks,GB,GB,4200,,1,FG_week6_exportin.csv
2024,6,week6,QB,Malik,Willis,GB,GB,4200,,1,FG_week6_exportin.csv
2024,6,week6,QB,Zach,Wilson,DEN,DEN,4200,,1,FG_week6_exportin.csv
2024,6,week6,QB,Russell,Wilson,PIT,PIT,4200,,1,FG_week6_exportin.csv
2024,6,week6,QB,Jameis,Winston,CLE,CLE,4200,,1,FG_week6_exportin.csv
2024,6,week6,TE,Jake,Ferguson,DAL,DAL,4000,,1,FG_week6_exportin.csv
2024,6,week6,WR,Quentin,Johnston,LAC,LAC,4000,,1,FG_week6_exportin.csv
2024,6,week6,WR,Courtland,Sutton,DEN,DEN,4000,,1,FG_week6_exportin.csv
2024,6,week6,WR,Romeo,Doubs,GB,GB,3800,,1,FG_week6_exportin.csv
2024,6,week6,TE,Dallas,Goedert,PHI,PHI,3800,,1,FG_week6_exportin.csv
2024,6,week6,RB,Bucky,Irving,TB,TB,3800,,1,FG_week6_exportin.csv
2024,6,week6,WR,Jerry,Jeudy,CLE,CLE,3800,,1,FG_week6_exportin.csv
2024,6,week6,RB,Alexander,Mattison,LV,LV,3800,,1,FG_week6_exportin.csv
2024,6,week6,TE,David,Njoku,CLE,CLE,3800,,1,FG_week6_exportin.csv
2024,6,week6,RB,Tyjae,Spears,TEN,TEN,3800,,1,FG_week6_exportin.csv
2024,6,week6,WR,Kendrick,Bourne,NE,NE,3600,,1,FG_week6_exportin.csv
2024,6,week6,RB,Justice,Hill,BAL,BAL,3600,,1,FG_week6_exportin.csv
2024,6,week6,WR,DeAndre,Hopkins,TEN,TEN,3600,,1,FG_week6_exportin.csv
2024,6,week6,TE,Tucker,Kraft,GB,GB,3600,,1,FG_week6_exportin.csv
2024,6,week6,WR,Xavier,Legette,CAR,CAR,3600,,1,FG_week6_exportin.csv
2024,6,week6,WR,Alec,Pierce,IND,IND,3600,,1,FG_week6_exportin.csv
2024,6,week6,WR,Jalen,Tolbert,DAL,DAL,3600,,1,FG_week6_exportin.csv
2024,6,week6,WR,Christian,Watson,GB,GB,3600,,1,FG_week6_exportin.csv
2024,6,week6,RB,Tyler,Allgeier,ATL,ATL,3400,,1,FG_week6_exportin.csv
2024,6,week6,WR,Rashod,Bateman,BAL,BAL,3400,,1,FG_week6_exportin.csv
2024,6,week6,WR,Ray-Ray,McCloud,ATL,ATL,3400,,1,FG_week6_exportin.csv
2024,6,week6,WR,Tre,Tucker,LV,LV,3400,,1,FG_week6_exportin.csv
2024,6,week6,WR,Michael,Wilson,ARI,ARI,3400,,1,FG_week6_exportin.csv
2024,6,week6,RB,Antonio,Gibson,NE,NE,3200,,1,FG_week6_exportin.csv
2024,6,week6,TE,Sam,LaPorta,DET,DET,3200,,1,FG_week6_exportin.csv
2024,6,week6,WR,Joshua,Palmer,LAC,LAC,3200,,1,FG_week6_exportin.csv
2024,6,week6,RB,Ezekiel,Elliott,DAL,DAL,3000,,1,FG_week6_exportin.csv
2024,6,week6,TE,Pat,Freiermuth,PIT,PIT,3000,,1,FG_week6_exportin.csv
2024,6,week6,TE,Taysom,Hill,NO,NO,3000,,1,FG_week6_exportin.csv
2024,6,week6,TE,Kyle,Pitts,ATL,ATL,3000,,1,FG_week6_exportin.csv
2024,6,week6,RB,Jaylen,Warren,PIT,PIT,3000,,1,FG_week6_exportin.csv
2024,6,week6,WR,Greg,Dortch,ARI,ARI,2800,,1,FG_week6_exportin.csv
2024,6,week6,WR,DeMario,Douglas,NE,NE,2800,,1,FG_week6_exportin.csv
2024,6,week6,TE,Hunter,Henry,NE,NE,2800,,1,FG_week6_exportin.csv
2024,6,week6,TE,Juwan,Johnson,NO,NO,2800,,1,FG_week6_exportin.csv
2024,6,week6,TE,Isaiah,Likely,BAL,BAL,2800,,1,FG_week6_exportin.csv
2024,6,week6,WR,Josh,Reynolds,DEN,DEN,2800,,1,FG_week6_exportin.csv
2024,6,week6,RB,Zamir,White,LV,LV,2800,,1,FG_week6_exportin.csv
2024,6,week6,RB,Emanuel,Wilson,GB,GB,2800,,1,FG_week6_exportin.csv
2024,6,week6,WR,Noah,Brown,WAS,WAS,2600,,1,FG_week6_exportin.csv
2024,6,week6,WR,Lil'Jordan,Humphrey,DEN,DEN,2600,,1,FG_week6_exportin.csv
2024,6,week6,RB,Jaleel,McLaughlin,DEN,DEN,2600,,1,FG_week6_exportin.csv
2024,6,week6,TE,Cade,Otton,TB,TB,2600,,1,FG_week6_exportin.csv
2024,6,week6,TE,Mark,Andrews,BAL,BAL,2400,,1,FG_week6_exportin.csv
2024,6,week6,WR,Tyler,Boyd,TEN,TEN,2400,,1,FG_week6_exportin.csv
2024,6,week6,RB,Gus,Edwards,LAC,LAC,2400,,1,FG_week6_exportin.csv
2024,6,week6,TE,Zach,Ertz,WAS,WAS,2400,,1,FG_week6_exportin.csv
2024,6,week6,TE,Dalton,Schultz,HOU,HOU,2400,,1,FG_week6_exportin.csv
2024,6,week6,RB,Ameer,Abdullah,LV,LV,2200,,1,FG_week6_exportin.csv
2024,6,week6,TE,Nate,Adkins,DEN,DEN,2200,,1,FG_week6_exportin.csv
2024,6,week6,WR,Nelson,Agholor,BAL,BAL,2200,,1,FG_week6_exportin.csv
2024,6,week6,RB,Cam,Akers,HOU,HOU,2200,,1,FG_week6_exportin.csv
2024,6,week6,TE,Jordan,Akins,CLE,CLE,2200,,1,FG_week6_exportin.csv
2024,6,week6,RB,Rasheen,Ali,BAL,BAL,2200,,1,FG_week6_exportin.csv
2024,6,week6,TE,Mo,Alie-Cox,IND,IND,2200,,1,FG_week6_exportin.csv
2024,6,week6,WR,Calvin,Austin III,PIT,PIT,2200,,1,FG_week6_exportin.csv
2024,6,week6,WR,Alex,Bachman,LV,LV,2200,,1,FG_week6_exportin.csv
2024,6,week6,RB,Tyler,Badie,DEN,DEN,2200,,1,FG_week6_exportin.csv
2024,6,week6,WR,Javon,Baker,NE,NE,2200,,1,FG_week6_exportin.csv
2024,6,week6,TE,John,Bates,WAS,WAS,2200,,1,FG_week6_exportin.csv
2024,6,week6,RB,Andrew,Beck,GB,GB,2200,,1,FG_week6_exportin.csv
2024,6,week6,TE,Jaheim,Bell,NE,NE,2200,,1,FG_week6_exportin.csv
2024,6,week6,RB,Trey,Benson,ARI,ARI,2200,,1,FG_week6_exportin.csv
2024,6,week6,RB,Raheem,Blackshear,CAR,CAR,2200,,1,FG_week6_exportin.csv
2024,6,week6,RB,Mike,Boone,CAR,CAR,2200,,1,FG_week6_exportin.csv
2024,6,week6,WR,Kayshon,Boutte,NE,NE,2200,,1,FG_week6_exportin.csv
2024,6,week6,RB,Chris,Brooks,GB,GB,2200,,1,FG_week6_exportin.csv
2024,6,week6,RB,British,Brooks,HOU,HOU,2200,,1,FG_week6_exportin.csv
2024,6,week6,WR,Jalen,Brooks,DAL,DAL,2200,,1,FG_week6_exportin.csv
2024,6,week6,WR,Dyami,Brown,WAS,WAS,2200,,1,FG_week6_exportin.csv
2024,6,week6,TE,Harrison,Bryant,LV,LV,2200,,1,FG_week6_exportin.csv
2024,6,week6,WR,Treylon,Burks,TEN,TEN,2200,,1,FG_week6_exportin.csv
2024,6,week6,RB,Robert,Burns,ATL,ATL,2200,,1,FG_week6_exportin.csv
2024,6,week6,RB,Michael,Burton,DEN,DEN,2200,,1,FG_week6_exportin.csv
2024,6,week6,TE,Grant,Calcaterra,PHI,PHI,2200,,1,FG_week6_exportin.csv
2024,6,week6,RB,Julius,Chestnut,TEN,TEN,2200,,1,FG_week6_exportin.csv
2024,6,week6,RB,Nick,Chubb,CLE,CLE,2200,,1,FG_week6_exportin.csv
2024,6,week6,WR,Jalen,Coker,CAR,CAR,2200,,1,FG_week6_exportin.csv
2024,6,week6,RB,Chris,Collier,BAL,BAL,2200,,1,FG_week6_exportin.csv
2024,6,week6,WR,Brandin,Cooks,DAL,DAL,2200,,1,FG_week6_exportin.csv
2024,6,week6,TE,Devin,Culp,TB,TB,2200,,1,FG_week6_exportin.csv
2024,6,week6,RB,DeeJay,Dallas,ARI,ARI,2200,,1,FG_week6_exportin.csv
2024,6,week6,WR,Derius,Davis,LAC,LAC,2200,,1,FG_week6_exportin.csv
2024,6,week6,RB,Emari,Demercado,ARI,ARI,2200,,1,FG_week6_exportin.csv
2024,6,week6,TE,Will,Dissly,LAC,LAC,2200,,1,FG_week6_exportin.csv
2024,6,week6,WR,Jahan,Dotson,PHI,PHI,2200,,1,FG_week6_exportin.csv
2024,6,week6,WR,Colton,Dowell,TEN,TEN,2200,,1,FG_week6_exportin.csv
2024,6,week6,TE,Greg,Dulcich,DEN,DEN,2200,,1,FG_week6_exportin.csv
2024,6,week6,WR,Ashton,Dulin,IND,IND,2200,,1,FG_week6_exportin.csv
2024,6,week6,TE,Payne,Durham,TB,TB,2200,,1,FG_week6_exportin.csv
2024,6,week6,TE,Ross,Dwelley,ATL,ATL,2200,,1,FG_week6_exportin.csv
2024,6,week6,WR,Simi,Fehoko,LAC,LAC,2200,,1,FG_week6_exportin.csv
2024,6,week6,WR,Ryan,Flournoy,DAL,DAL,2200,,1,FG_week6_exportin.csv
2024,6,week6,RB,D'Onta,Foreman,CLE,CLE,2200,,1,FG_week6_exportin.csv
2024,6,week6,WR,Troy,Franklin,DEN,DEN,2200,,1,FG_week6_exportin.csv
2024,6,week6,TE,Feleipe,Franks,CAR,CAR,2200,,1,FG_week6_exportin.csv
2024,6,week6,RB,Kenneth,Gainwell,PHI,PHI,2200,,1,FG_week6_exportin.csv
2024,6,week6,RB,Tyler,Goodson,IND,IND,2200,,1,FG_week6_exportin.csv
2024,6,week6,WR,Anthony,Gould,IND,IND,2200,,1,FG_week6_exportin.csv
2024,6,week6,TE,Kylen,Granson,IND,IND,2200,,1,FG_week6_exportin.csv
2024,6,week6,WR,Deonte,Harty,BAL,BAL,2200,,1,FG_week6_exportin.csv
2024,6,week6,RB,Hassan,Haskins,LAC,LAC,2200,,1,FG_week6_exportin.csv
2024,6,week6,RB,JaMycal,Hasty,NE,NE,2200,,1,FG_week6_exportin.csv
2024,6,week6,WR,Malik,Heath,GB,GB,2200,,1,FG_week6_exportin.csv
2024,6,week6,TE,Parker,Hesse,DET,DET,2200,,1,FG_week6_exportin.csv
2024,6,week6,TE,Connor,Heyward,PIT,PIT,2200,,1,FG_week6_exportin.csv
2024,6,week6,TE,Elijah,Higgins,ARI,ARI,2200,,1,FG_week6_exportin.csv
2024,6,week6,RB,Nyheim,Hines,CLE,CLE,2200,,1,FG_week6_exportin.csv
2024,6,week6,WR,KhaDarel,Hodge,ATL,ATL,2200,,1,FG_week6_exportin.csv
2024,6,week6,TE,Dallin,Holker,NO,NO,2200,,1,FG_week6_exportin.csv
2024,6,week6,TE,Austin,Hooper,NE,NE,2200,,1,FG_week6_exportin.csv
2024,6,week6,RB,Evan,Hull,IND,IND,2200,,1,FG_week6_exportin.csv
2024,6,week6,TE,Hayden,Hurst,LAC,LAC,2200,,1,FG_week6_exportin.csv
2024,6,week6,WR,Xavier,Hutchinson,HOU,HOU,2200,,1,FG_week6_exportin.csv
2024,6,week6,WR,Jha'Quan,Jackson,TEN,TEN,2200,,1,FG_week6_exportin.csv
2024,6,week6,WR,Van,Jefferson,PIT,PIT,2200,,1,FG_week6_exportin.csv
2024,6,week6,WR,Kameron,Johnson,TB,TB,2200,,1,FG_week6_exportin.csv
2024,6,week6,WR,Brandon,Johnson,PIT,PIT,2200,,1,FG_week6_exportin.csv
2024,6,week6,WR,Zay,Jones,ARI,ARI,2200,,1,FG_week6_exportin.csv
2024,6,week6,TE,Ko,Kieft,TB,TB,2200,,1,FG_week6_exportin.csv
2024,6,week6,TE,Charlie,Kolar,BAL,BAL,2200,,1,FG_week6_exportin.csv
2024,6,week6,TE,Lucas,Krull,DEN,DEN,2200,,1,FG_week6_exportin.csv
2024,6,week6,RB,Dylan,Laube,LV,LV,2200,,1,FG_week6_exportin.csv
2024,6,week6,RB,Hunter,Luepke,DAL,DAL,2200,,1,FG_week6_exportin.csv
2024,6,week6,TE,Will,Mallory,IND,IND,2200,,1,FG_week6_exportin.csv
2024,6,week6,TE,David,Martin-Robinson,TEN,TEN,2200,,1,FG_week6_exportin.csv
2024,6,week6,RB,Scott,Matlock,LAC,LAC,2200,,1,FG_week6_exportin.csv
2024,6,week6,TE,Michael,Mayer,LV,LV,2200,,1,FG_week6_exportin.csv
2024,6,week6,WR,Tyreik,McAllister,LV,LV,2200,,1,FG_week6_exportin.csv
2024,6,week6,WR,Luke,McCaffrey,WAS,WAS,2200,,1,FG_week6_exportin.csv
2024,6,week6,RB,Jase,McClellan,ATL,ATL,2200,,1,FG_week6_exportin.csv
2024,6,week6,RB,Sincere,McCormick,LV,LV,2200,,1,FG_week6_exportin.csv
2024,6,week6,WR,Jalen,McMillan,TB,TB,2200,,1,FG_week6_exportin.csv
2024,6,week6,RB,Jeremy,McNichols,WAS,WAS,2200,,1,FG_week6_exportin.csv
2024,6,week6,WR,Bub,Means,NO,NO,2200,,1,FG_week6_exportin.csv
2024,6,week6,WR,Bo,Melton,GB,GB,2200,,1,FG_week6_exportin.csv
2024,6,week6,WR,John,Metchie III,HOU,HOU,2200,,1,FG_week6_exportin.csv
2024,6,week6,RB,Kendre,Miller,NO,NO,2200,,1,FG_week6_exportin.csv
2024,6,week6,WR,Scotty,Miller,PIT,PIT,2200,,1,FG_week6_exportin.csv
2024,6,week6,RB,Jordan,Mims,NO,NO,2200,,1,FG_week6_exportin.csv
2024,6,week6,WR,Marvin,Mims Jr.,DEN,DEN,2200,,1,FG_week6_exportin.csv
2024,6,week6,WR,Jonathan,Mingo,CAR,CAR,2200,,1,FG_week6_exportin.csv
2024,6,week6,RB,Keaton,Mitchell,BAL,BAL,2200,,1,FG_week6_exportin.csv
2024,6,week6,WR,Adonai,Mitchell,IND,IND,2200,,1,FG_week6_exportin.csv
2024,6,week6,WR,Chris,Moore,ARI,ARI,2200,,1,FG_week6_exportin.csv
2024,6,week6,WR,Elijah,Moore,CLE,CLE,2200,,1,FG_week6_exportin.csv
2024,6,week6,WR,David,Moore,CAR,CAR,2200,,1,FG_week6_exportin.csv
2024,6,week6,TE,Foster,Moreau,NO,NO,2200,,1,FG_week6_exportin.csv
2024,6,week6,TE,Luke,Musgrave,GB,GB,2200,,1,FG_week6_exportin.csv
2024,6,week6,TE,Thomas,Odukoya,TEN,TEN,2200,,1,FG_week6_exportin.csv
2024,6,week6,TE,Drew,Ogletree,IND,IND,2200,,1,FG_week6_exportin.csv
2024,6,week6,RB,Dare,Ogunbowale,HOU,HOU,2200,,1,FG_week6_exportin.csv
2024,6,week6,TE,Chig,Okonkwo,TEN,TEN,2200,,1,FG_week6_exportin.csv
2024,6,week6,WR,K.J.,Osborn,NE,NE,2200,,1,FG_week6_exportin.csv
2024,6,week6,WR,Trey,Palmer,TB,TB,2200,,1,FG_week6_exportin.csv
2024,6,week6,WR,Zach,Pascal,ARI,ARI,2200,,1,FG_week6_exportin.csv
2024,6,week6,WR,Tim,Patrick,DET,DET,2200,,1,FG_week6_exportin.csv
2024,6,week6,RB,Cordarrelle,Patterson,PIT,PIT,2200,,1,FG_week6_exportin.csv
2024,6,week6,WR,A.T.,Perry,NO,NO,2200,,1,FG_week6_exportin.csv
2024,6,week6,RB,Dameon,Pierce,HOU,HOU,2200,,1,FG_week6_exportin.csv
2024,6,week6,WR,Ja'Lynn,Polk,NE,NE,2200,,1,FG_week6_exportin.csv
2024,6,week6,RB,Adam,Prentice,NO,NO,2200,,1,FG_week6_exportin.csv
2024,6,week6,WR,James,Proche II,CLE,CLE,2200,,1,FG_week6_exportin.csv
2024,6,week6,TE,MyCole,Pruitt,PIT,PIT,2200,,1,FG_week6_exportin.csv
2024,6,week6,WR,Kalif,Raymond,DET,DET,2200,,1,FG_week6_exportin.csv
2024,6,week6,TE,Tip,Reiman,ARI,ARI,2200,,1,FG_week6_exportin.csv
2024,6,week6,RB,Craig,Reynolds,DET,DET,2200,,1,FG_week6_exportin.csv
2024,6,week6,RB,Patrick,Ricard,BAL,BAL,2200,,1,FG_week6_exportin.csv
2024,6,week6,WR,Brenden,Rice,LAC,LAC,2200,,1,FG_week6_exportin.csv
2024,6,week6,WR,Allen,Robinson,DET,DET,2200,,1,FG_week6_exportin.csv
2024,6,week6,RB,Miles,Sanders,CAR,CAR,2200,,1,FG_week6_exportin.csv
2024,6,week6,TE,Ja'Tavion,Sanders,CAR,CAR,2200,,1,FG_week6_exportin.csv
2024,6,week6,TE,Luke,Schoonmaker,DAL,DAL,2200,,1,FG_week6_exportin.csv
2024,6,week6,RB,Trey,Sermon,IND,IND,2200,,1,FG_week6_exportin.csv
2024,6,week6,RB,Aaron,Shampklin,PIT,PIT,2200,,1,FG_week6_exportin.csv
2024,6,week6,TE,John Samuel,Shenker,LV,LV,2200,,1,FG_week6_exportin.csv
2024,6,week6,WR,Sterling,Shepard,TB,TB,2200,,1,FG_week6_exportin.csv
2024,6,week6,RB,Will,Shipley,PHI,PHI,2200,,1,FG_week6_exportin.csv
2024,6,week6,TE,Ben,Sims,GB,GB,2200,,1,FG_week6_exportin.csv
2024,6,week6,WR,Steven,Sims,HOU,HOU,2200,,1,FG_week6_exportin.csv
2024,6,week6,TE,Ben,Sinnott,WAS,WAS,2200,,1,FG_week6_exportin.csv
2024,6,week6,TE,Stone,Smartt,LAC,LAC,2200,,1,FG_week6_exportin.csv
2024,6,week6,TE,Brevyn,Spann-Ford,DAL,DAL,2200,,1,FG_week6_exportin.csv
2024,6,week6,TE,John,Stephens Jr.,DAL,DAL,2200,,1,FG_week6_exportin.csv
2024,6,week6,TE,Jack,Stoll,PHI,PHI,2200,,1,FG_week6_exportin.csv
2024,6,week6,TE,Cade,Stover,HOU,HOU,2200,,1,FG_week6_exportin.csv
2024,6,week6,RB,Pierre,Strong Jr.,CLE,CLE,2200,,1,FG_week6_exportin.csv
2024,6,week6,TE,Geoff,Swaim,CLE,CLE,2200,,1,FG_week6_exportin.csv
2024,6,week6,RB,J.J.,Taylor,HOU,HOU,2200,,1,FG_week6_exportin.csv
2024,6,week6,TE,Ian,Thomas,CAR,CAR,2200,,1,FG_week6_exportin.csv
2024,6,week6,WR,Cody,Thompson,TB,TB,2200,,1,FG_week6_exportin.csv
2024,6,week6,WR,Tyquan,Thornton,NE,NE,2200,,1,FG_week6_exportin.csv
2024,6,week6,WR,Jamari,Thrash,CLE,CLE,2200,,1,FG_week6_exportin.csv
2024,6,week6,WR,Cedric,Tillman,CLE,CLE,2200,,1,FG_week6_exportin.csv
2024,6,week6,WR,Mason,Tipton,NO,NO,2200,,1,FG_week6_exportin.csv
2024,6,week6,TE,Eric,Tomlinson,LAC,LAC,2200,,1,FG_week6_exportin.csv
2024,6,week6,TE,Adam,Trautman,DEN,DEN,2200,,1,FG_week6_exportin.csv
2024,6,week6,WR,Brycen,Tremayne,WAS,WAS,2200,,1,FG_week6_exportin.csv
2024,6,week6,TE,Tommy,Tremble,CAR,CAR,2200,,1,FG_week6_exportin.csv
2024,6,week6,RB,Sean,Tucker,TB,TB,2200,,1,FG_week6_exportin.csv
2024,6,week6,WR,DJ,Turner,LV,LV,2200,,1,FG_week6_exportin.csv
2024,6,week6,WR,KaVontae,Turpin,DAL,DAL,2200,,1,FG_week6_exportin.csv
2024,6,week6,RB,Sione,Vaki,DET,DET,2200,,1,FG_week6_exportin.csv
2024,6,week6,TE,Nick,Vannett,TEN,TEN,2200,,1,FG_week6_exportin.csv
2024,6,week6,RB,Deuce,Vaughn,DAL,DAL,2200,,1,FG_week6_exportin.csv
2024,6,week6,WR,Devaughn,Vele,DEN,DEN,2200,,1,FG_week6_exportin.csv
2024,6,week6,RB,Kimani,Vidal,LAC,LAC,2200,,1,FG_week6_exportin.csv
2024,6,week6,TE,Travis,Vokolek,ARI,ARI,2200,,1,FG_week6_exportin.csv
2024,6,week6,WR,Devontez,Walker,BAL,BAL,2200,,1,FG_week6_exportin.csv
2024,6,week6,WR,Tylan,Wallace,BAL,BAL,2200,,1,FG_week6_exportin.csv
2024,6,week6,RB,Jonathan,Ward,PIT,PIT,2200,,1,FG_week6_exportin.csv
2024,6,week6,TE,Darnell,Washington,PIT,PIT,2200,,1,FG_week6_exportin.csv
2024,6,week6,WR,Casey,Washington,ATL,ATL,2200,,1,FG_week6_exportin.csv
2024,6,week6,RB,Blake,Watson,DEN,DEN,2200,,1,FG_week6_exportin.csv
2024,6,week6,WR,Xavier,Weaver,ARI,ARI,2200,,1,FG_week6_exportin.csv
2024,6,week6,WR,Nick,Westbrook-Ikhine,TEN,TEN,2200,,1,FG_week6_exportin.csv
2024,6,week6,TE,Blake,Whiteheart,CLE,CLE,2200,,1,FG_week6_exportin.csv
2024,6,week6,TE,Josh,Whyle,TEN,TEN,2200,,1,FG_week6_exportin.csv
2024,6,week6,RB,Jamaal,Williams,NO,NO,2200,,1,FG_week6_exportin.csv
2024,6,week6,RB,Avery,Williams,ATL,ATL,2200,,1,FG_week6_exportin.csv
2024,6,week6,TE,Rodney,Williams,PIT,PIT,2200,,1,FG_week6_exportin.csv
2024,6,week6,WR,Isaiah,Williams,DET,DET,2200,,1,FG_week6_exportin.csv
2024,6,week6,WR,Johnny,Wilson,PHI,PHI,2200,,1,FG_week6_exportin.csv
2024,6,week6,WR,Roman,Wilson,PIT,PIT,2200,,1,FG_week6_exportin.csv
2024,6,week6,WR,Cedrick,Wilson Jr.,NO,NO,2200,,1,FG_week6_exportin.csv
2024,6,week6,TE,Charlie,Woerner,ATL,ATL,2200,,1,FG_week6_exportin.csv
2024,6,week6,WR,Robert,Woods,HOU,HOU,2200,,1,FG_week6_exportin.csv
2024,6,week6,TE,Brock,Wright,DET,DET,2200,,1,FG_week6_exportin.csv
2024,6,week6,TE,Colson,Yankoff,WAS,WAS,2200,,1,FG_week6_exportin.csv
2024,6,week6,WR,Olamide,Zaccheaus,WAS,WAS,2200,,1,FG_week6_exportin.csv
2024,7,week7,QB,Jayden,Daniels,WAS,WAS,7400,,1,FG_week7_exportin.csv
2024,7,week7,RB,Kyren,Williams,LAR,LA,7200,,1,FG_week7_exportin.csv
2024,7,week7,RB,Saquon,Barkley,PHI,PHI,7000,,1,FG_week7_exportin.csv
2024,7,week7,QB,Josh,Allen,BUF,BUF,6800,,1,FG_week7_exportin.csv
2024,7,week7,WR,Ja'Marr,Chase,CIN,CIN,6800,,1,FG_week7_exportin.csv
2024,7,week7,RB,Joe,Mixon,HOU,HOU,6800,,1,FG_week7_exportin.csv
2024,7,week7,WR,Malik,Nabers,NYG,NYG,6800,,1,FG_week7_exportin.csv
2024,7,week7,RB,Jonathan,Taylor,IND,IND,6800,,1,FG_week7_exportin.csv
2024,7,week7,WR,Justin,Jefferson,MIN,MIN,6600,,1,FG_week7_exportin.csv
2024,7,week7,WR,Amon-Ra,St. Brown,DET,DET,6600,,1,FG_week7_exportin.csv
2024,7,week7,QB,Joe,Burrow,CIN,CIN,6400,,1,FG_week7_exportin.csv
2024,7,week7,QB,Jalen,Hurts,PHI,PHI,6400,,1,FG_week7_exportin.csv
2024,7,week7,WR,Drake,London,ATL,ATL,6400,,1,FG_week7_exportin.csv
2024,7,week7,QB,Jordan,Love,GB,GB,6400,,1,FG_week7_exportin.csv
2024,7,week7,RB,Kenneth,Walker III,SEA,SEA,6400,,1,FG_week7_exportin.csv
2024,7,week7,WR,A.J.,Brown,PHI,PHI,6200,,1,FG_week7_exportin.csv
2024,7,week7,RB,Jahmyr,Gibbs,DET,DET,6000,,1,FG_week7_exportin.csv
2024,7,week7,RB,Aaron,Jones,MIN,MIN,6000,,1,FG_week7_exportin.csv
2024,7,week7,WR,Terry,McLaurin,WAS,WAS,6000,,1,FG_week7_exportin.csv
2024,7,week7,RB,David,Montgomery,DET,DET,6000,,1,FG_week7_exportin.csv
2024,7,week7,WR,Jayden,Reed,GB,GB,6000,,1,FG_week7_exportin.csv
2024,7,week7,RB,Bijan,Robinson,ATL,ATL,6000,,1,FG_week7_exportin.csv
2024,7,week7,QB,Geno,Smith,SEA,SEA,6000,,1,FG_week7_exportin.csv
2024,7,week7,RB,James,Cook,BUF,BUF,5800,,1,FG_week7_exportin.csv
2024,7,week7,QB,Sam,Darnold,MIN,MIN,5800,,1,FG_week7_exportin.csv
2024,7,week7,WR,Stefon,Diggs,HOU,HOU,5800,,1,FG_week7_exportin.csv
2024,7,week7,QB,Jared,Goff,DET,DET,5800,,1,FG_week7_exportin.csv
2024,7,week7,WR,Tee,Higgins,CIN,CIN,5800,,1,FG_week7_exportin.csv
2024,7,week7,RB,Chuba,Hubbard,CAR,CAR,5800,,1,FG_week7_exportin.csv
2024,7,week7,WR,Cooper,Kupp,LAR,LA,5800,,1,FG_week7_exportin.csv
2024,7,week7,QB,Patrick,Mahomes,KC,KC,5800,,1,FG_week7_exportin.csv
2024,7,week7,QB,Brock,Purdy,SF,SF,5800,,1,FG_week7_exportin.csv
2024,7,week7,RB,Brian,Robinson Jr.,WAS,WAS,5800,,1,FG_week7_exportin.csv
2024,7,week7,WR,DeVonta,Smith,PHI,PHI,5800,,1,FG_week7_exportin.csv
2024,7,week7,QB,C.J.,Stroud,HOU,HOU,5800,,1,FG_week7_exportin.csv
2024,7,week7,RB,De'Von,Achane,MIA,MIA,5600,,1,FG_week7_exportin.csv
2024,7,week7,WR,Davante,Adams,LV,LV,5600,,1,FG_week7_exportin.csv
2024,7,week7,QB,Kirk,Cousins,ATL,ATL,5600,,1,FG_week7_exportin.csv
2024,7,week7,QB,Joe,Flacco,IND,IND,5600,,1,FG_week7_exportin.csv
2024,7,week7,RB,Josh,Jacobs,GB,GB,5600,,1,FG_week7_exportin.csv
2024,7,week7,RB,Tony,Pollard,TEN,TEN,5600,,1,FG_week7_exportin.csv
2024,7,week7,QB,Anthony,Richardson,IND,IND,5600,,1,FG_week7_exportin.csv
2024,7,week7,WR,Deebo,Samuel Sr.,SF,SF,5600,,1,FG_week7_exportin.csv
2024,7,week7,WR,Jameson,Williams,DET,DET,5600,,1,FG_week7_exportin.csv
2024,7,week7,RB,Kareem,Hunt,KC,KC,5400,,1,FG_week7_exportin.csv
2024,7,week7,WR,Diontae,Johnson,CAR,CAR,5400,,1,FG_week7_exportin.csv
2024,7,week7,RB,Jordan,Mason,SF,SF,5400,,1,FG_week7_exportin.csv
2024,7,week7,WR,DK,Metcalf,SEA,SEA,5400,,1,FG_week7_exportin.csv
2024,7,week7,WR,Jordan,Addison,MIN,MIN,5200,,1,FG_week7_exportin.csv
2024,7,week7,RB,Chase,Brown,CIN,CIN,5200,,1,FG_week7_exportin.csv
2024,7,week7,WR,Amari,Cooper,CLE,CLE,5200,,1,FG_week7_exportin.csv
2024,7,week7,QB,Daniel,Jones,NYG,NYG,5200,,1,FG_week7_exportin.csv
2024,7,week7,TE,George,Kittle,SF,SF,5200,,1,FG_week7_exportin.csv
2024,7,week7,RB,Devin,Singletary,NYG,NYG,5200,,1,FG_week7_exportin.csv
2024,7,week7,QB,Andy,Dalton,CAR,CAR,5000,,1,FG_week7_exportin.csv
2024,7,week7,WR,Tank,Dell,HOU,HOU,5000,,1,FG_week7_exportin.csv
2024,7,week7,WR,Josh,Downs,IND,IND,5000,,1,FG_week7_exportin.csv
2024,7,week7,WR,Tyreek,Hill,MIA,MIA,5000,,1,FG_week7_exportin.csv
2024,7,week7,QB,Aidan,O'Connell,LV,LV,5000,,1,FG_week7_exportin.csv
2024,7,week7,WR,Wan'Dale,Robinson,NYG,NYG,5000,,1,FG_week7_exportin.csv
2024,7,week7,WR,Khalil,Shakir,BUF,BUF,5000,,1,FG_week7_exportin.csv
2024,7,week7,RB,Austin,Ekeler,WAS,WAS,4800,,1,FG_week7_exportin.csv
2024,7,week7,WR,Jauan,Jennings,SF,SF,4800,,1,FG_week7_exportin.csv
2024,7,week7,WR,Darnell,Mooney,ATL,ATL,4800,,1,FG_week7_exportin.csv
2024,7,week7,WR,Brandon,Aiyuk,SF,SF,4600,,1,FG_week7_exportin.csv
2024,7,week7,WR,Tyler,Lockett,SEA,SEA,4600,,1,FG_week7_exportin.csv
2024,7,week7,WR,Jakobi,Meyers,LV,LV,4600,,1,FG_week7_exportin.csv
2024,7,week7,RB,Raheem,Mostert,MIA,MIA,4600,,1,FG_week7_exportin.csv
2024,7,week7,WR,Michael,Pittman Jr.,IND,IND,4600,,1,FG_week7_exportin.csv
2024,7,week7,WR,Jaxon,Smith-Njigba,SEA,SEA,4600,,1,FG_week7_exportin.csv
2024,7,week7,QB,Matthew,Stafford,LAR,LA,4600,,1,FG_week7_exportin.csv
2024,7,week7,QB,Deshaun,Watson,CLE,CLE,4600,,1,FG_week7_exportin.csv
2024,7,week7,WR,Xavier,Worthy,KC,KC,4600,,1,FG_week7_exportin.csv
2024,7,week7,QB,Tyler,Huntley,MIA,MIA,4400,,1,FG_week7_exportin.csv
2024,7,week7,TE,Travis,Kelce,KC,KC,4400,,1,FG_week7_exportin.csv
2024,7,week7,QB,Will,Levis,TEN,TEN,4400,,1,FG_week7_exportin.csv
2024,7,week7,RB,Zack,Moss,CIN,CIN,4400,,1,FG_week7_exportin.csv
2024,7,week7,QB,Brandon,Allen,SF,SF,4200,,1,FG_week7_exportin.csv
2024,7,week7,QB,Stetson,Bennett,LAR,LA,4200,,1,FG_week7_exportin.csv
2024,7,week7,TE,Brock,Bowers,LV,LV,4200,,1,FG_week7_exportin.csv
2024,7,week7,QB,Jake,Browning,CIN,CIN,4200,,1,FG_week7_exportin.csv
2024,7,week7,QB,Tommy,DeVito,NYG,NYG,4200,,1,FG_week7_exportin.csv
2024,7,week7,QB,Joshua,Dobbs,SF,SF,4200,,1,FG_week7_exportin.csv
2024,7,week7,WR,Romeo,Doubs,GB,GB,4200,,1,FG_week7_exportin.csv
2024,7,week7,QB,Jeff,Driskel,WAS,WAS,4200,,1,FG_week7_exportin.csv
2024,7,week7,QB,Sam,Ehlinger,IND,IND,4200,,1,FG_week7_exportin.csv
2024,7,week7,QB,Jimmy,Garoppolo,LAR,LA,4200,,1,FG_week7_exportin.csv
2024,7,week7,QB,Hendon,Hooker,DET,DET,4200,,1,FG_week7_exportin.csv
2024,7,week7,QB,Sam,Howell,SEA,SEA,4200,,1,FG_week7_exportin.csv
2024,7,week7,QB,Drew,Lock,NYG,NYG,4200,,1,FG_week7_exportin.csv
2024,7,week7,QB,Marcus,Mariota,WAS,WAS,4200,,1,FG_week7_exportin.csv
2024,7,week7,QB,Tanner,McKee,PHI,PHI,4200,,1,FG_week7_exportin.csv
2024,7,week7,QB,Davis,Mills,HOU,HOU,4200,,1,FG_week7_exportin.csv
2024,7,week7,QB,Gardner,Minshew II,LV,LV,4200,,1,FG_week7_exportin.csv
2024,7,week7,QB,Nick,Mullens,MIN,MIN,4200,,1,FG_week7_exportin.csv
2024,7,week7,QB,Michael,Penix Jr.,ATL,ATL,4200,,1,FG_week7_exportin.csv
2024,7,week7,QB,Kenny,Pickett,PHI,PHI,4200,,1,FG_week7_exportin.csv
2024,7,week7,QB,Mason,Rudolph,TEN,TEN,4200,,1,FG_week7_exportin.csv
2024,7,week7,QB,Brett,Rypien,MIN,MIN,4200,,1,FG_week7_exportin.csv
2024,7,week7,QB,Skylar,Thompson,MIA,MIA,4200,,1,FG_week7_exportin.csv
2024,7,week7,QB,Dorian,Thompson-Robinson,CLE,CLE,4200,,1,FG_week7_exportin.csv
2024,7,week7,QB,Mitchell,Trubisky,BUF,BUF,4200,,1,FG_week7_exportin.csv
2024,7,week7,QB,Carson,Wentz,KC,KC,4200,,1,FG_week7_exportin.csv
2024,7,week7,QB,Malik,Willis,GB,GB,4200,,1,FG_week7_exportin.csv
2024,7,week7,QB,Jameis,Winston,CLE,CLE,4200,,1,FG_week7_exportin.csv
2024,7,week7,QB,Bryce,Young,CAR,CAR,4200,,1,FG_week7_exportin.csv
2024,7,week7,RB,Alexander,Mattison,LV,LV,4000,,1,FG_week7_exportin.csv
2024,7,week7,WR,Calvin,Ridley,TEN,TEN,4000,,1,FG_week7_exportin.csv
2024,7,week7,WR,Jaylen,Waddle,MIA,MIA,4000,,1,FG_week7_exportin.csv
2024,7,week7,WR,Christian,Watson,GB,GB,4000,,1,FG_week7_exportin.csv
2024,7,week7,RB,Tyler,Allgeier,ATL,ATL,3800,,1,FG_week7_exportin.csv
2024,7,week7,RB,Jerome,Ford,CLE,CLE,3800,,1,FG_week7_exportin.csv
2024,7,week7,WR,Xavier,Legette,CAR,CAR,3800,,1,FG_week7_exportin.csv
2024,7,week7,WR,Darius,Slayton,NYG,NYG,3800,,1,FG_week7_exportin.csv
2024,7,week7,WR,JuJu,Smith-Schuster,KC,KC,3800,,1,FG_week7_exportin.csv
2024,7,week7,RB,Zach,Charbonnet,SEA,SEA,3600,,1,FG_week7_exportin.csv
2024,7,week7,TE,Dallas,Goedert,PHI,PHI,3600,,1,FG_week7_exportin.csv
2024,7,week7,WR,DeAndre,Hopkins,TEN,TEN,3600,,1,FG_week7_exportin.csv
2024,7,week7,TE,Tucker,Kraft,GB,GB,3600,,1,FG_week7_exportin.csv
2024,7,week7,TE,David,Njoku,CLE,CLE,3600,,1,FG_week7_exportin.csv
2024,7,week7,RB,Tyjae,Spears,TEN,TEN,3600,,1,FG_week7_exportin.csv
2024,7,week7,RB,Tyrone,Tracy Jr.,NYG,NYG,3600,,1,FG_week7_exportin.csv
2024,7,week7,WR,Keon,Coleman,BUF,BUF,3400,,1,FG_week7_exportin.csv
2024,7,week7,WR,Jerry,Jeudy,CLE,CLE,3400,,1,FG_week7_exportin.csv
2024,7,week7,TE,Dalton,Kincaid,BUF,BUF,3400,,1,FG_week7_exportin.csv
2024,7,week7,TE,Sam,LaPorta,DET,DET,3400,,1,FG_week7_exportin.csv
2024,7,week7,WR,Ray-Ray,McCloud,ATL,ATL,3400,,1,FG_week7_exportin.csv
2024,7,week7,WR,Alec,Pierce,IND,IND,3400,,1,FG_week7_exportin.csv
2024,7,week7,WR,Demarcus,Robinson,LAR,LA,3400,,1,FG_week7_exportin.csv
2024,7,week7,WR,Tre,Tucker,LV,LV,3400,,1,FG_week7_exportin.csv
2024,7,week7,WR,Dontayvion,Wicks,GB,GB,3400,,1,FG_week7_exportin.csv
2024,7,week7,WR,Tutu,Atwell,LAR,LA,3200,,1,FG_week7_exportin.csv
2024,7,week7,RB,Ty,Chandler,MIN,MIN,3200,,1,FG_week7_exportin.csv
2024,7,week7,WR,Andrei,Iosivas,CIN,CIN,3200,,1,FG_week7_exportin.csv
2024,7,week7,TE,Kyle,Pitts,ATL,ATL,3200,,1,FG_week7_exportin.csv
2024,7,week7,WR,Jordan,Whittington,LAR,LA,3200,,1,FG_week7_exportin.csv
2024,7,week7,WR,Jalen,Nailor,MIN,MIN,3000,,1,FG_week7_exportin.csv
2024,7,week7,WR,Noah,Brown,WAS,WAS,2800,,1,FG_week7_exportin.csv
2024,7,week7,TE,Dalton,Schultz,HOU,HOU,2800,,1,FG_week7_exportin.csv
2024,7,week7,RB,Zamir,White,LV,LV,2800,,1,FG_week7_exportin.csv
2024,7,week7,TE,Zach,Ertz,WAS,WAS,2600,,1,FG_week7_exportin.csv
2024,7,week7,TE,Noah,Fant,SEA,SEA,2600,,1,FG_week7_exportin.csv
2024,7,week7,RB,Samaje,Perine,KC,KC,2600,,1,FG_week7_exportin.csv
2024,7,week7,WR,Tyler,Boyd,TEN,TEN,2400,,1,FG_week7_exportin.csv
2024,7,week7,WR,Tim,Patrick,DET,DET,2400,,1,FG_week7_exportin.csv
2024,7,week7,RB,Ameer,Abdullah,LV,LV,2200,,1,FG_week7_exportin.csv
2024,7,week7,RB,Cam,Akers,HOU,HOU,2200,,1,FG_week7_exportin.csv
2024,7,week7,TE,Jordan,Akins,CLE,CLE,2200,,1,FG_week7_exportin.csv
2024,7,week7,TE,Mo,Alie-Cox,IND,IND,2200,,1,FG_week7_exportin.csv
2024,7,week7,TE,Erick,All Jr.,CIN,CIN,2200,,1,FG_week7_exportin.csv
2024,7,week7,TE,Davis,Allen,LAR,LA,2200,,1,FG_week7_exportin.csv
2024,7,week7,WR,Alex,Bachman,LV,LV,2200,,1,FG_week7_exportin.csv
2024,7,week7,TE,AJ,Barner,SEA,SEA,2200,,1,FG_week7_exportin.csv
2024,7,week7,TE,John,Bates,WAS,WAS,2200,,1,FG_week7_exportin.csv
2024,7,week7,RB,Andrew,Beck,GB,GB,2200,,1,FG_week7_exportin.csv
2024,7,week7,WR,Odell,Beckham Jr.,MIA,MIA,2200,,1,FG_week7_exportin.csv
2024,7,week7,WR,Ronnie,Bell,SF,SF,2200,,1,FG_week7_exportin.csv
2024,7,week7,TE,Daniel,Bellinger,NYG,NYG,2200,,1,FG_week7_exportin.csv
2024,7,week7,WR,Braxton,Berrios,MIA,MIA,2200,,1,FG_week7_exportin.csv
2024,7,week7,RB,Raheem,Blackshear,CAR,CAR,2200,,1,FG_week7_exportin.csv
2024,7,week7,WR,Jake,Bobo,SEA,SEA,2200,,1,FG_week7_exportin.csv
2024,7,week7,RB,Chris,Brooks,GB,GB,2200,,1,FG_week7_exportin.csv
2024,7,week7,TE,Pharaoh,Brown,SEA,SEA,2200,,1,FG_week7_exportin.csv
2024,7,week7,WR,Dyami,Brown,WAS,WAS,2200,,1,FG_week7_exportin.csv
2024,7,week7,TE,Harrison,Bryant,LV,LV,2200,,1,FG_week7_exportin.csv
2024,7,week7,WR,Treylon,Burks,TEN,TEN,2200,,1,FG_week7_exportin.csv
2024,7,week7,RB,Robert,Burns,ATL,ATL,2200,,1,FG_week7_exportin.csv
2024,7,week7,WR,Jermaine,Burton,CIN,CIN,2200,,1,FG_week7_exportin.csv
2024,7,week7,TE,Grant,Calcaterra,PHI,PHI,2200,,1,FG_week7_exportin.csv
2024,7,week7,WR,Parris,Campbell,PHI,PHI,2200,,1,FG_week7_exportin.csv
2024,7,week7,RB,Julius,Chestnut,TEN,TEN,2200,,1,FG_week7_exportin.csv
2024,7,week7,RB,Nick,Chubb,CLE,CLE,2200,,1,FG_week7_exportin.csv
2024,7,week7,WR,Jalen,Coker,CAR,CAR,2200,,1,FG_week7_exportin.csv
2024,7,week7,WR,Chris,Conley,SF,SF,2200,,1,FG_week7_exportin.csv
2024,7,week7,TE,Tanner,Conner,MIA,MIA,2200,,1,FG_week7_exportin.csv
2024,7,week7,RB,Blake,Corum,LAR,LA,2200,,1,FG_week7_exportin.csv
2024,7,week7,WR,Jacob,Cowing,SF,SF,2200,,1,FG_week7_exportin.csv
2024,7,week7,WR,Jaelon,Darden,CLE,CLE,2200,,1,FG_week7_exportin.csv
2024,7,week7,RB,Ray,Davis,BUF,BUF,2200,,1,FG_week7_exportin.csv
2024,7,week7,WR,Jahan,Dotson,PHI,PHI,2200,,1,FG_week7_exportin.csv
2024,7,week7,WR,Colton,Dowell,TEN,TEN,2200,,1,FG_week7_exportin.csv
2024,7,week7,WR,Ashton,Dulin,IND,IND,2200,,1,FG_week7_exportin.csv
2024,7,week7,TE,Ross,Dwelley,ATL,ATL,2200,,1,FG_week7_exportin.csv
2024,7,week7,RB,Darrynton,Evans,BUF,BUF,2200,,1,FG_week7_exportin.csv
2024,7,week7,TE,John,FitzPatrick,GB,GB,2200,,1,FG_week7_exportin.csv
2024,7,week7,WR,Bryce,Ford-Wheaton,NYG,NYG,2200,,1,FG_week7_exportin.csv
2024,7,week7,RB,D'Onta,Foreman,CLE,CLE,2200,,1,FG_week7_exportin.csv
2024,7,week7,TE,Jody,Fortson,KC,KC,2200,,1,FG_week7_exportin.csv
2024,7,week7,TE,Feleipe,Franks,CAR,CAR,2200,,1,FG_week7_exportin.csv
2024,7,week7,RB,Kenneth,Gainwell,PHI,PHI,2200,,1,FG_week7_exportin.csv
2024,7,week7,RB,Myles,Gaskin,MIN,MIN,2200,,1,FG_week7_exportin.csv
2024,7,week7,TE,Mike,Gesicki,CIN,CIN,2200,,1,FG_week7_exportin.csv
2024,7,week7,RB,Reggie,Gilliam,BUF,BUF,2200,,1,FG_week7_exportin.csv
2024,7,week7,RB,Tyler,Goodson,IND,IND,2200,,1,FG_week7_exportin.csv
2024,7,week7,WR,Anthony,Gould,IND,IND,2200,,1,FG_week7_exportin.csv
2024,7,week7,TE,Kylen,Granson,IND,IND,2200,,1,FG_week7_exportin.csv
2024,7,week7,RB,Eric,Gray,NYG,NYG,2200,,1,FG_week7_exportin.csv
2024,7,week7,TE,Noah,Gray,KC,KC,2200,,1,FG_week7_exportin.csv
2024,7,week7,RB,Isaac,Guerendo,SF,SF,2200,,1,FG_week7_exportin.csv
2024,7,week7,RB,C.J.,Ham,MIN,MIN,2200,,1,FG_week7_exportin.csv
2024,7,week7,WR,Mecole,Hardman,KC,KC,2200,,1,FG_week7_exportin.csv
2024,7,week7,WR,Malik,Heath,GB,GB,2200,,1,FG_week7_exportin.csv
2024,7,week7,TE,Parker,Hesse,DET,DET,2200,,1,FG_week7_exportin.csv
2024,7,week7,TE,Tyler,Higbee,LAR,LA,2200,,1,FG_week7_exportin.csv
2024,7,week7,TE,Julian,Hill,MIA,MIA,2200,,1,FG_week7_exportin.csv
2024,7,week7,RB,Nyheim,Hines,CLE,CLE,2200,,1,FG_week7_exportin.csv
2024,7,week7,WR,KhaDarel,Hodge,ATL,ATL,2200,,1,FG_week7_exportin.csv
2024,7,week7,WR,Isaiah,Hodgins,NYG,NYG,2200,,1,FG_week7_exportin.csv
2024,7,week7,WR,Mack,Hollins,BUF,BUF,2200,,1,FG_week7_exportin.csv
2024,7,week7,TE,Tanner,Hudson,CIN,CIN,2200,,1,FG_week7_exportin.csv
2024,7,week7,RB,Evan,Hull,IND,IND,2200,,1,FG_week7_exportin.csv
2024,7,week7,WR,Xavier,Hutchinson,HOU,HOU,2200,,1,FG_week7_exportin.csv
2024,7,week7,WR,Jalin,Hyatt,NYG,NYG,2200,,1,FG_week7_exportin.csv
2024,7,week7,RB,Alec,Ingold,MIA,MIA,2200,,1,FG_week7_exportin.csv
2024,7,week7,WR,Trenton,Irwin,CIN,CIN,2200,,1,FG_week7_exportin.csv
2024,7,week7,WR,Trishton,Jackson,MIN,MIN,2200,,1,FG_week7_exportin.csv
2024,7,week7,WR,Jha'Quan,Jackson,TEN,TEN,2200,,1,FG_week7_exportin.csv
2024,7,week7,RB,Ty,Johnson,BUF,BUF,2200,,1,FG_week7_exportin.csv
2024,7,week7,TE,Theo,Johnson,NYG,NYG,2200,,1,FG_week7_exportin.csv
2024,7,week7,WR,Tyler,Johnson,LAR,LA,2200,,1,FG_week7_exportin.csv
2024,7,week7,WR,Charlie,Jones,CIN,CIN,2200,,1,FG_week7_exportin.csv
2024,7,week7,RB,Kyle,Juszczyk,SF,SF,2200,,1,FG_week7_exportin.csv
2024,7,week7,TE,Dawson,Knox,BUF,BUF,2200,,1,FG_week7_exportin.csv
2024,7,week7,RB,Dylan,Laube,LV,LV,2200,,1,FG_week7_exportin.csv
2024,7,week7,TE,Hunter,Long,LAR,LA,2200,,1,FG_week7_exportin.csv
2024,7,week7,TE,Will,Mallory,IND,IND,2200,,1,FG_week7_exportin.csv
2024,7,week7,TE,Chris,Manhertz,NYG,NYG,2200,,1,FG_week7_exportin.csv
2024,7,week7,TE,David,Martin-Robinson,TEN,TEN,2200,,1,FG_week7_exportin.csv
2024,7,week7,TE,Michael,Mayer,LV,LV,2200,,1,FG_week7_exportin.csv
2024,7,week7,WR,Tyreik,McAllister,LV,LV,2200,,1,FG_week7_exportin.csv
2024,7,week7,WR,Luke,McCaffrey,WAS,WAS,2200,,1,FG_week7_exportin.csv
2024,7,week7,RB,Jase,McClellan,ATL,ATL,2200,,1,FG_week7_exportin.csv
2024,7,week7,RB,Kenny,McIntosh,SEA,SEA,2200,,1,FG_week7_exportin.csv
2024,7,week7,TE,Tanner,McLachlan,CIN,CIN,2200,,1,FG_week7_exportin.csv
2024,7,week7,RB,Jeremy,McNichols,WAS,WAS,2200,,1,FG_week7_exportin.csv
2024,7,week7,WR,Bo,Melton,GB,GB,2200,,1,FG_week7_exportin.csv
2024,7,week7,WR,John,Metchie III,HOU,HOU,2200,,1,FG_week7_exportin.csv
2024,7,week7,RB,Dante,Miller,NYG,NYG,2200,,1,FG_week7_exportin.csv
2024,7,week7,WR,Jonathan,Mingo,CAR,CAR,2200,,1,FG_week7_exportin.csv
2024,7,week7,WR,Adonai,Mitchell,IND,IND,2200,,1,FG_week7_exportin.csv
2024,7,week7,WR,Elijah,Moore,CLE,CLE,2200,,1,FG_week7_exportin.csv
2024,7,week7,WR,David,Moore,CAR,CAR,2200,,1,FG_week7_exportin.csv
2024,7,week7,WR,Skyy,Moore,KC,KC,2200,,1,FG_week7_exportin.csv
2024,7,week7,TE,Quintin,Morris,BUF,BUF,2200,,1,FG_week7_exportin.csv
2024,7,week7,TE,Johnny,Mundt,MIN,MIN,2200,,1,FG_week7_exportin.csv
2024,7,week7,TE,Thomas,Odukoya,TEN,TEN,2200,,1,FG_week7_exportin.csv
2024,7,week7,TE,Drew,Ogletree,IND,IND,2200,,1,FG_week7_exportin.csv
2024,7,week7,RB,Dare,Ogunbowale,HOU,HOU,2200,,1,FG_week7_exportin.csv
2024,7,week7,TE,Chig,Okonkwo,TEN,TEN,2200,,1,FG_week7_exportin.csv
2024,7,week7,TE,Josh,Oliver,MIN,MIN,2200,,1,FG_week7_exportin.csv
2024,7,week7,TE,Colby,Parkinson,LAR,LA,2200,,1,FG_week7_exportin.csv
2024,7,week7,RB,Dameon,Pierce,HOU,HOU,2200,,1,FG_week7_exportin.csv
2024,7,week7,WR,Brandon,Powell,MIN,MIN,2200,,1,FG_week7_exportin.csv
2024,7,week7,TE,Teagan,Quitoriano,HOU,HOU,2200,,1,FG_week7_exportin.csv
2024,7,week7,WR,Kalif,Raymond,DET,DET,2200,,1,FG_week7_exportin.csv
2024,7,week7,RB,Craig,Reynolds,DET,DET,2200,,1,FG_week7_exportin.csv
2024,7,week7,RB,Ronnie,Rivers,LAR,LA,2200,,1,FG_week7_exportin.csv
2024,7,week7,WR,Allen,Robinson,DET,DET,2200,,1,FG_week7_exportin.csv
2024,7,week7,RB,Chris,Rodriguez Jr.,WAS,WAS,2200,,1,FG_week7_exportin.csv
2024,7,week7,TE,Brady,Russell,SEA,SEA,2200,,1,FG_week7_exportin.csv
2024,7,week7,TE,Drew,Sample,CIN,CIN,2200,,1,FG_week7_exportin.csv
2024,7,week7,WR,Curtis,Samuel,BUF,BUF,2200,,1,FG_week7_exportin.csv
2024,7,week7,RB,Miles,Sanders,CAR,CAR,2200,,1,FG_week7_exportin.csv
2024,7,week7,TE,Ja'Tavion,Sanders,CAR,CAR,2200,,1,FG_week7_exportin.csv
2024,7,week7,TE,Eric,Saubert,SF,SF,2200,,1,FG_week7_exportin.csv
2024,7,week7,RB,Cody,Schrader,LAR,LA,2200,,1,FG_week7_exportin.csv
2024,7,week7,RB,Trey,Sermon,IND,IND,2200,,1,FG_week7_exportin.csv
2024,7,week7,WR,Laviska,Shenault Jr.,SEA,SEA,2200,,1,FG_week7_exportin.csv
2024,7,week7,TE,John Samuel,Shenker,LV,LV,2200,,1,FG_week7_exportin.csv
2024,7,week7,WR,Trent,Sherfield Sr.,MIN,MIN,2200,,1,FG_week7_exportin.csv
2024,7,week7,RB,Will,Shipley,PHI,PHI,2200,,1,FG_week7_exportin.csv
2024,7,week7,TE,Ben,Sims,GB,GB,2200,,1,FG_week7_exportin.csv
2024,7,week7,WR,Steven,Sims,HOU,HOU,2200,,1,FG_week7_exportin.csv
2024,7,week7,TE,Ben,Sinnott,WAS,WAS,2200,,1,FG_week7_exportin.csv
2024,7,week7,TE,Jonnu,Smith,MIA,MIA,2200,,1,FG_week7_exportin.csv
2024,7,week7,WR,Ainias,Smith,PHI,PHI,2200,,1,FG_week7_exportin.csv
2024,7,week7,WR,Ihmir,Smith-Marsette,NYG,NYG,2200,,1,FG_week7_exportin.csv
2024,7,week7,TE,Durham,Smythe,MIA,MIA,2200,,1,FG_week7_exportin.csv
2024,7,week7,RB,Carson,Steele,KC,KC,2200,,1,FG_week7_exportin.csv
2024,7,week7,TE,Jack,Stoll,PHI,PHI,2200,,1,FG_week7_exportin.csv
2024,7,week7,TE,Cade,Stover,HOU,HOU,2200,,1,FG_week7_exportin.csv
2024,7,week7,RB,Pierre,Strong Jr.,CLE,CLE,2200,,1,FG_week7_exportin.csv
2024,7,week7,TE,Geoff,Swaim,CLE,CLE,2200,,1,FG_week7_exportin.csv
2024,7,week7,RB,Patrick,Taylor Jr.,SF,SF,2200,,1,FG_week7_exportin.csv
2024,7,week7,TE,Ian,Thomas,CAR,CAR,2200,,1,FG_week7_exportin.csv
2024,7,week7,WR,Jamari,Thrash,CLE,CLE,2200,,1,FG_week7_exportin.csv
2024,7,week7,WR,Cedric,Tillman,CLE,CLE,2200,,1,FG_week7_exportin.csv
2024,7,week7,TE,Jake,Tonges,SF,SF,2200,,1,FG_week7_exportin.csv
2024,7,week7,TE,Tommy,Tremble,CAR,CAR,2200,,1,FG_week7_exportin.csv
2024,7,week7,WR,DJ,Turner,LV,LV,2200,,1,FG_week7_exportin.csv
2024,7,week7,RB,Sione,Vaki,DET,DET,2200,,1,FG_week7_exportin.csv
2024,7,week7,WR,Marquez,Valdes-Scantling,BUF,BUF,2200,,1,FG_week7_exportin.csv
2024,7,week7,TE,Nick,Vannett,TEN,TEN,2200,,1,FG_week7_exportin.csv
2024,7,week7,WR,Casey,Washington,ATL,ATL,2200,,1,FG_week7_exportin.csv
2024,7,week7,WR,Malik,Washington,MIA,MIA,2200,,1,FG_week7_exportin.csv
2024,7,week7,WR,Justin,Watson,KC,KC,2200,,1,FG_week7_exportin.csv
2024,7,week7,WR,Nick,Westbrook-Ikhine,TEN,TEN,2200,,1,FG_week7_exportin.csv
2024,7,week7,TE,Josh,Whyle,TEN,TEN,2200,,1,FG_week7_exportin.csv
2024,7,week7,TE,Jared,Wiley,KC,KC,2200,,1,FG_week7_exportin.csv
2024,7,week7,WR,Kristian,Wilkerson,LV,LV,2200,,1,FG_week7_exportin.csv
2024,7,week7,RB,Avery,Williams,ATL,ATL,2200,,1,FG_week7_exportin.csv
2024,7,week7,RB,Trayveon,Williams,CIN,CIN,2200,,1,FG_week7_exportin.csv
2024,7,week7,WR,Isaiah,Williams,DET,DET,2200,,1,FG_week7_exportin.csv
2024,7,week7,TE,Brayden,Willis,SF,SF,2200,,1,FG_week7_exportin.csv
2024,7,week7,RB,Emanuel,Wilson,GB,GB,2200,,1,FG_week7_exportin.csv
2024,7,week7,WR,Johnny,Wilson,PHI,PHI,2200,,1,FG_week7_exportin.csv
2024,7,week7,RB,Jeff,Wilson Jr.,MIA,MIA,2200,,1,FG_week7_exportin.csv
2024,7,week7,TE,Charlie,Woerner,ATL,ATL,2200,,1,FG_week7_exportin.csv
2024,7,week7,WR,Robert,Woods,HOU,HOU,2200,,1,FG_week7_exportin.csv
2024,7,week7,RB,Jaylen,Wright,MIA,MIA,2200,,1,FG_week7_exportin.csv
2024,7,week7,TE,Brock,Wright,DET,DET,2200,,1,FG_week7_exportin.csv
2024,7,week7,TE,Colson,Yankoff,WAS,WAS,2200,,1,FG_week7_exportin.csv
2024,7,week7,WR,Dareke,Young,SEA,SEA,2200,,1,FG_week7_exportin.csv
2024,7,week7,WR,Olamide,Zaccheaus,WAS,WAS,2200,,1,FG_week7_exportin.csv
2024,8,week8,RB,Derrick,Henry,BAL,BAL,7800,,1,FG_week8_exportin.csv
2024,8,week8,QB,Lamar,Jackson,BAL,BAL,7400,,1,FG_week8_exportin.csv
2024,8,week8,RB,Joe,Mixon,HOU,HOU,7400,,1,FG_week8_exportin.csv
2024,8,week8,RB,Saquon,Barkley,PHI,PHI,6800,,1,FG_week8_exportin.csv
2024,8,week8,WR,Ja'Marr,Chase,CIN,CIN,6800,,1,FG_week8_exportin.csv
2024,8,week8,QB,Jayden,Daniels,WAS,WAS,6800,,1,FG_week8_exportin.csv
2024,8,week8,QB,Jordan,Love,GB,GB,6600,,1,FG_week8_exportin.csv
2024,8,week8,QB,Baker,Mayfield,TB,TB,6600,,1,FG_week8_exportin.csv
2024,8,week8,WR,Amon-Ra,St. Brown,DET,DET,6600,,1,FG_week8_exportin.csv
2024,8,week8,RB,Kenneth,Walker III,SEA,SEA,6600,,1,FG_week8_exportin.csv
2024,8,week8,QB,Josh,Allen,BUF,BUF,6400,,1,FG_week8_exportin.csv
2024,8,week8,RB,Breece,Hall,NYJ,NYJ,6400,,1,FG_week8_exportin.csv
2024,8,week8,WR,Tyreek,Hill,MIA,MIA,6400,,1,FG_week8_exportin.csv
2024,8,week8,QB,Jalen,Hurts,PHI,PHI,6400,,1,FG_week8_exportin.csv
2024,8,week8,RB,Jonathan,Taylor,IND,IND,6400,,1,FG_week8_exportin.csv
2024,8,week8,WR,A.J.,Brown,PHI,PHI,6200,,1,FG_week8_exportin.csv
2024,8,week8,QB,Joe,Burrow,CIN,CIN,6200,,1,FG_week8_exportin.csv
2024,8,week8,RB,Jahmyr,Gibbs,DET,DET,6200,,1,FG_week8_exportin.csv
2024,8,week8,WR,Chris,Godwin,TB,TB,6200,,1,FG_week8_exportin.csv
2024,8,week8,RB,Alvin,Kamara,NO,NO,6200,,1,FG_week8_exportin.csv
2024,8,week8,WR,Drake,London,ATL,ATL,6000,,1,FG_week8_exportin.csv
2024,8,week8,RB,David,Montgomery,DET,DET,6000,,1,FG_week8_exportin.csv
2024,8,week8,QB,Kyler,Murray,ARI,ARI,6000,,1,FG_week8_exportin.csv
2024,8,week8,RB,Bijan,Robinson,ATL,ATL,6000,,1,FG_week8_exportin.csv
2024,8,week8,WR,Brian,Thomas Jr.,JAX,JAC,6000,,1,FG_week8_exportin.csv
2024,8,week8,RB,De'Von,Achane,MIA,MIA,5800,,1,FG_week8_exportin.csv
2024,8,week8,RB,James,Conner,ARI,ARI,5800,,1,FG_week8_exportin.csv
2024,8,week8,RB,James,Cook,BUF,BUF,5800,,1,FG_week8_exportin.csv
2024,8,week8,QB,Jared,Goff,DET,DET,5800,,1,FG_week8_exportin.csv
2024,8,week8,WR,Tee,Higgins,CIN,CIN,5800,,1,FG_week8_exportin.csv
2024,8,week8,RB,Kareem,Hunt,KC,KC,5800,,1,FG_week8_exportin.csv
2024,8,week8,RB,Josh,Jacobs,GB,GB,5800,,1,FG_week8_exportin.csv
2024,8,week8,WR,Terry,McLaurin,WAS,WAS,5800,,1,FG_week8_exportin.csv
2024,8,week8,WR,Jayden,Reed,GB,GB,5800,,1,FG_week8_exportin.csv
2024,8,week8,QB,Geno,Smith,SEA,SEA,5800,,1,FG_week8_exportin.csv
2024,8,week8,RB,D'Andre,Swift,CHI,CHI,5800,,1,FG_week8_exportin.csv
2024,8,week8,WR,Garrett,Wilson,NYJ,NYJ,5800,,1,FG_week8_exportin.csv
2024,8,week8,WR,Davante,Adams,NYJ,NYJ,5600,,1,FG_week8_exportin.csv
2024,8,week8,WR,Stefon,Diggs,HOU,HOU,5600,,1,FG_week8_exportin.csv
2024,8,week8,RB,J.K.,Dobbins,LAC,LAC,5600,,1,FG_week8_exportin.csv
2024,8,week8,WR,Mike,Evans,TB,TB,5600,,1,FG_week8_exportin.csv
2024,8,week8,RB,Chuba,Hubbard,CAR,CAR,5600,,1,FG_week8_exportin.csv
2024,8,week8,QB,Patrick,Mahomes,KC,KC,5600,,1,FG_week8_exportin.csv
2024,8,week8,RB,Brian,Robinson Jr.,WAS,WAS,5600,,1,FG_week8_exportin.csv
2024,8,week8,QB,C.J.,Stroud,HOU,HOU,5600,,1,FG_week8_exportin.csv
2024,8,week8,QB,Caleb,Williams,CHI,CHI,5600,,1,FG_week8_exportin.csv
2024,8,week8,WR,Amari,Cooper,BUF,BUF,5400,,1,FG_week8_exportin.csv
2024,8,week8,WR,Zay,Flowers,BAL,BAL,5400,,1,FG_week8_exportin.csv
2024,8,week8,QB,Trevor,Lawrence,JAX,JAC,5400,,1,FG_week8_exportin.csv
2024,8,week8,WR,DK,Metcalf,SEA,SEA,5400,,1,FG_week8_exportin.csv
2024,8,week8,WR,DJ,Moore,CHI,CHI,5400,,1,FG_week8_exportin.csv
2024,8,week8,QB,Bo,Nix,DEN,DEN,5400,,1,FG_week8_exportin.csv
2024,8,week8,RB,Tony,Pollard,TEN,TEN,5400,,1,FG_week8_exportin.csv
2024,8,week8,WR,DeVonta,Smith,PHI,PHI,5400,,1,FG_week8_exportin.csv
2024,8,week8,RB,Chase,Brown,CIN,CIN,5200,,1,FG_week8_exportin.csv
2024,8,week8,QB,Kirk,Cousins,ATL,ATL,5200,,1,FG_week8_exportin.csv
2024,8,week8,WR,Diontae,Johnson,CAR,CAR,5200,,1,FG_week8_exportin.csv
2024,8,week8,QB,Aaron,Rodgers,NYJ,NYJ,5200,,1,FG_week8_exportin.csv
2024,8,week8,RB,Javonte,Williams,DEN,DEN,5200,,1,FG_week8_exportin.csv
2024,8,week8,WR,Tank,Dell,HOU,HOU,5000,,1,FG_week8_exportin.csv
2024,8,week8,WR,Marvin,Harrison Jr.,ARI,ARI,5000,,1,FG_week8_exportin.csv
2024,8,week8,WR,Jakobi,Meyers,LV,LV,5000,,1,FG_week8_exportin.csv
2024,8,week8,QB,Anthony,Richardson,IND,IND,5000,,1,FG_week8_exportin.csv
2024,8,week8,QB,Tua,Tagovailoa,MIA,MIA,5000,,1,FG_week8_exportin.csv
2024,8,week8,WR,Jaylen,Waddle,MIA,MIA,5000,,1,FG_week8_exportin.csv
2024,8,week8,RB,Tank,Bigsby,JAX,JAC,4800,,1,FG_week8_exportin.csv
2024,8,week8,TE,Brock,Bowers,LV,LV,4800,,1,FG_week8_exportin.csv
2024,8,week8,QB,Derek,Carr,NO,NO,4800,,1,FG_week8_exportin.csv
2024,8,week8,QB,Justin,Herbert,LAC,LAC,4800,,1,FG_week8_exportin.csv
2024,8,week8,TE,Travis,Kelce,KC,KC,4800,,1,FG_week8_exportin.csv
2024,8,week8,WR,Chris,Olave,NO,NO,4800,,1,FG_week8_exportin.csv
2024,8,week8,WR,Khalil,Shakir,BUF,BUF,4800,,1,FG_week8_exportin.csv
2024,8,week8,RB,Rhamondre,Stevenson,NE,NE,4800,,1,FG_week8_exportin.csv
2024,8,week8,WR,Keenan,Allen,CHI,CHI,4600,,1,FG_week8_exportin.csv
2024,8,week8,WR,Romeo,Doubs,GB,GB,4600,,1,FG_week8_exportin.csv
2024,8,week8,RB,Bucky,Irving,TB,TB,4600,,1,FG_week8_exportin.csv
2024,8,week8,TE,Trey,McBride,ARI,ARI,4600,,1,FG_week8_exportin.csv
2024,8,week8,WR,Darnell,Mooney,ATL,ATL,4600,,1,FG_week8_exportin.csv
2024,8,week8,WR,Michael,Pittman Jr.,IND,IND,4600,,1,FG_week8_exportin.csv
2024,8,week8,WR,Jameson,Williams,DET,DET,4600,,1,FG_week8_exportin.csv
2024,8,week8,QB,Andy,Dalton,CAR,CAR,4400,,1,FG_week8_exportin.csv
2024,8,week8,WR,Josh,Downs,IND,IND,4400,,1,FG_week8_exportin.csv
2024,8,week8,QB,Tyler,Huntley,MIA,MIA,4400,,1,FG_week8_exportin.csv
2024,8,week8,QB,Will,Levis,TEN,TEN,4400,,1,FG_week8_exportin.csv
2024,8,week8,WR,Tyler,Lockett,SEA,SEA,4400,,1,FG_week8_exportin.csv
2024,8,week8,QB,Drake,Maye,NE,NE,4400,,1,FG_week8_exportin.csv
2024,8,week8,WR,Ladd,McConkey,LAC,LAC,4400,,1,FG_week8_exportin.csv
2024,8,week8,QB,Gardner,Minshew II,LV,LV,4400,,1,FG_week8_exportin.csv
2024,8,week8,RB,Raheem,Mostert,MIA,MIA,4400,,1,FG_week8_exportin.csv
2024,8,week8,QB,Aidan,O'Connell,LV,LV,4400,,1,FG_week8_exportin.csv
2024,8,week8,QB,Spencer,Rattler,NO,NO,4400,,1,FG_week8_exportin.csv
2024,8,week8,QB,Mason,Rudolph,TEN,TEN,4400,,1,FG_week8_exportin.csv
2024,8,week8,WR,Courtland,Sutton,DEN,DEN,4400,,1,FG_week8_exportin.csv
2024,8,week8,QB,Dorian,Thompson-Robinson,CLE,CLE,4400,,1,FG_week8_exportin.csv
2024,8,week8,RB,Rachaad,White,TB,TB,4400,,1,FG_week8_exportin.csv
2024,8,week8,QB,Jameis,Winston,CLE,CLE,4400,,1,FG_week8_exportin.csv
2024,8,week8,QB,Bryce,Young,CAR,CAR,4400,,1,FG_week8_exportin.csv
2024,8,week8,QB,Tyson,Bagent,CHI,CHI,4200,,1,FG_week8_exportin.csv
2024,8,week8,QB,Tim,Boyle,MIA,MIA,4200,,1,FG_week8_exportin.csv
2024,8,week8,QB,Jacoby,Brissett,NE,NE,4200,,1,FG_week8_exportin.csv
2024,8,week8,QB,Jake,Browning,CIN,CIN,4200,,1,FG_week8_exportin.csv
2024,8,week8,RB,Nick,Chubb,CLE,CLE,4200,,1,FG_week8_exportin.csv
2024,8,week8,QB,Jeff,Driskel,WAS,WAS,4200,,1,FG_week8_exportin.csv
2024,8,week8,QB,Sam,Ehlinger,IND,IND,4200,,1,FG_week8_exportin.csv
2024,8,week8,TE,Evan,Engram,JAX,JAC,4200,,1,FG_week8_exportin.csv
2024,8,week8,RB,Travis,Etienne Jr.,JAX,JAC,4200,,1,FG_week8_exportin.csv
2024,8,week8,QB,Joe,Flacco,IND,IND,4200,,1,FG_week8_exportin.csv
2024,8,week8,QB,Jake,Haener,NO,NO,4200,,1,FG_week8_exportin.csv
2024,8,week8,QB,Taylor,Heinicke,LAC,LAC,4200,,1,FG_week8_exportin.csv
2024,8,week8,QB,Hendon,Hooker,DET,DET,4200,,1,FG_week8_exportin.csv
2024,8,week8,QB,Sam,Howell,SEA,SEA,4200,,1,FG_week8_exportin.csv
2024,8,week8,QB,Josh,Johnson,BAL,BAL,4200,,1,FG_week8_exportin.csv
2024,8,week8,QB,Mac,Jones,JAX,JAC,4200,,1,FG_week8_exportin.csv
2024,8,week8,QB,Marcus,Mariota,WAS,WAS,4200,,1,FG_week8_exportin.csv
2024,8,week8,QB,Tanner,McKee,PHI,PHI,4200,,1,FG_week8_exportin.csv
2024,8,week8,QB,Davis,Mills,HOU,HOU,4200,,1,FG_week8_exportin.csv
2024,8,week8,QB,Joe,Milton III,NE,NE,4200,,1,FG_week8_exportin.csv
2024,8,week8,QB,Michael,Penix Jr.,ATL,ATL,4200,,1,FG_week8_exportin.csv
2024,8,week8,QB,Kenny,Pickett,PHI,PHI,4200,,1,FG_week8_exportin.csv
2024,8,week8,QB,Easton,Stick,LAC,LAC,4200,,1,FG_week8_exportin.csv
2024,8,week8,QB,Jarrett,Stidham,DEN,DEN,4200,,1,FG_week8_exportin.csv
2024,8,week8,QB,Tyrod,Taylor,NYJ,NYJ,4200,,1,FG_week8_exportin.csv
2024,8,week8,QB,Skylar,Thompson,MIA,MIA,4200,,1,FG_week8_exportin.csv
2024,8,week8,QB,Kyle,Trask,TB,TB,4200,,1,FG_week8_exportin.csv
2024,8,week8,QB,Mitchell,Trubisky,BUF,BUF,4200,,1,FG_week8_exportin.csv
2024,8,week8,QB,Clayton,Tune,ARI,ARI,4200,,1,FG_week8_exportin.csv
2024,8,week8,QB,Deshaun,Watson,CLE,CLE,4200,,1,FG_week8_exportin.csv
2024,8,week8,QB,Carson,Wentz,KC,KC,4200,,1,FG_week8_exportin.csv
2024,8,week8,WR,Dontayvion,Wicks,GB,GB,4200,,1,FG_week8_exportin.csv
2024,8,week8,QB,Malik,Willis,GB,GB,4200,,1,FG_week8_exportin.csv
2024,8,week8,QB,Zach,Wilson,DEN,DEN,4200,,1,FG_week8_exportin.csv
2024,8,week8,WR,Xavier,Worthy,KC,KC,4200,,1,FG_week8_exportin.csv
2024,8,week8,TE,Mark,Andrews,BAL,BAL,4000,,1,FG_week8_exportin.csv
2024,8,week8,RB,Austin,Ekeler,WAS,WAS,4000,,1,FG_week8_exportin.csv
2024,8,week8,WR,Quentin,Johnston,LAC,LAC,4000,,1,FG_week8_exportin.csv
2024,8,week8,TE,Cole,Kmet,CHI,CHI,4000,,1,FG_week8_exportin.csv
2024,8,week8,TE,Tucker,Kraft,GB,GB,4000,,1,FG_week8_exportin.csv
2024,8,week8,WR,Allen,Lazard,NYJ,NYJ,4000,,1,FG_week8_exportin.csv
2024,8,week8,RB,Alexander,Mattison,LV,LV,4000,,1,FG_week8_exportin.csv
2024,8,week8,RB,Zack,Moss,CIN,CIN,4000,,1,FG_week8_exportin.csv
2024,8,week8,WR,Rome,Odunze,CHI,CHI,4000,,1,FG_week8_exportin.csv
2024,8,week8,WR,Jaxon,Smith-Njigba,SEA,SEA,4000,,1,FG_week8_exportin.csv
2024,8,week8,RB,Kimani,Vidal,LAC,LAC,4000,,1,FG_week8_exportin.csv
2024,8,week8,RB,Tyler,Allgeier,ATL,ATL,3800,,1,FG_week8_exportin.csv
2024,8,week8,WR,DeMario,Douglas,NE,NE,3800,,1,FG_week8_exportin.csv
2024,8,week8,WR,Christian,Kirk,JAX,JAC,3800,,1,FG_week8_exportin.csv
2024,8,week8,TE,David,Njoku,CLE,CLE,3800,,1,FG_week8_exportin.csv
2024,8,week8,WR,JuJu,Smith-Schuster,KC,KC,3800,,1,FG_week8_exportin.csv
2024,8,week8,WR,Christian,Watson,GB,GB,3800,,1,FG_week8_exportin.csv
2024,8,week8,WR,Michael,Wilson,ARI,ARI,3800,,1,FG_week8_exportin.csv
2024,8,week8,WR,Rashod,Bateman,BAL,BAL,3600,,1,FG_week8_exportin.csv
2024,8,week8,WR,Keon,Coleman,BUF,BUF,3600,,1,FG_week8_exportin.csv
2024,8,week8,RB,Jerome,Ford,CLE,CLE,3600,,1,FG_week8_exportin.csv
2024,8,week8,TE,Dallas,Goedert,PHI,PHI,3600,,1,FG_week8_exportin.csv
2024,8,week8,WR,Jerry,Jeudy,CLE,CLE,3600,,1,FG_week8_exportin.csv
2024,8,week8,WR,Xavier,Legette,CAR,CAR,3600,,1,FG_week8_exportin.csv
2024,8,week8,RB,Tyjae,Spears,TEN,TEN,3600,,1,FG_week8_exportin.csv
2024,8,week8,TE,Hunter,Henry,NE,NE,3400,,1,FG_week8_exportin.csv
2024,8,week8,RB,Roschon,Johnson,CHI,CHI,3400,,1,FG_week8_exportin.csv
2024,8,week8,TE,Dalton,Kincaid,BUF,BUF,3400,,1,FG_week8_exportin.csv
2024,8,week8,TE,Sam,LaPorta,DET,DET,3400,,1,FG_week8_exportin.csv
2024,8,week8,WR,Calvin,Ridley,TEN,TEN,3400,,1,FG_week8_exportin.csv
2024,8,week8,WR,Devaughn,Vele,DEN,DEN,3400,,1,FG_week8_exportin.csv
2024,8,week8,WR,Gabe,Davis,JAX,JAC,3200,,1,FG_week8_exportin.csv
2024,8,week8,RB,Justice,Hill,BAL,BAL,3200,,1,FG_week8_exportin.csv
2024,8,week8,WR,DeAndre,Hopkins,TEN,TEN,3200,,1,FG_week8_exportin.csv
2024,8,week8,WR,Alec,Pierce,IND,IND,3200,,1,FG_week8_exportin.csv
2024,8,week8,TE,Kyle,Pitts,ATL,ATL,3200,,1,FG_week8_exportin.csv
2024,8,week8,RB,Zach,Charbonnet,SEA,SEA,3000,,1,FG_week8_exportin.csv
2024,8,week8,TE,Zach,Ertz,WAS,WAS,3000,,1,FG_week8_exportin.csv
2024,8,week8,TE,Taysom,Hill,NO,NO,3000,,1,FG_week8_exportin.csv
2024,8,week8,WR,Zay,Jones,ARI,ARI,3000,,1,FG_week8_exportin.csv
2024,8,week8,WR,Ray-Ray,McCloud,ATL,ATL,3000,,1,FG_week8_exportin.csv
2024,8,week8,WR,Bub,Means,NO,NO,3000,,1,FG_week8_exportin.csv
2024,8,week8,TE,Cade,Otton,TB,TB,3000,,1,FG_week8_exportin.csv
2024,8,week8,TE,Jonnu,Smith,MIA,MIA,3000,,1,FG_week8_exportin.csv
2024,8,week8,WR,Tre,Tucker,LV,LV,3000,,1,FG_week8_exportin.csv
2024,8,week8,RB,Braelon,Allen,NYJ,NYJ,2800,,1,FG_week8_exportin.csv
2024,8,week8,WR,Noah,Brown,WAS,WAS,2800,,1,FG_week8_exportin.csv
2024,8,week8,TE,Noah,Fant,SEA,SEA,2800,,1,FG_week8_exportin.csv
2024,8,week8,WR,Troy,Franklin,DEN,DEN,2800,,1,FG_week8_exportin.csv
2024,8,week8,RB,Antonio,Gibson,NE,NE,2800,,1,FG_week8_exportin.csv
2024,8,week8,TE,Isaiah,Likely,BAL,BAL,2800,,1,FG_week8_exportin.csv
2024,8,week8,WR,Joshua,Palmer,LAC,LAC,2800,,1,FG_week8_exportin.csv
2024,8,week8,WR,Kayshon,Boutte,NE,NE,2600,,1,FG_week8_exportin.csv
2024,8,week8,RB,Ray,Davis,BUF,BUF,2600,,1,FG_week8_exportin.csv
2024,8,week8,WR,Greg,Dortch,ARI,ARI,2600,,1,FG_week8_exportin.csv
2024,8,week8,RB,Jaleel,McLaughlin,DEN,DEN,2600,,1,FG_week8_exportin.csv
2024,8,week8,WR,Tim,Patrick,DET,DET,2600,,1,FG_week8_exportin.csv
2024,8,week8,TE,Dalton,Schultz,HOU,HOU,2600,,1,FG_week8_exportin.csv
2024,8,week8,WR,Rashid,Shaheed,NO,NO,2600,,1,FG_week8_exportin.csv
2024,8,week8,RB,Zamir,White,LV,LV,2600,,1,FG_week8_exportin.csv
2024,8,week8,WR,Tyler,Boyd,TEN,TEN,2400,,1,FG_week8_exportin.csv
2024,8,week8,TE,Tyler,Conklin,NYJ,NYJ,2400,,1,FG_week8_exportin.csv
2024,8,week8,WR,Andrei,Iosivas,CIN,CIN,2400,,1,FG_week8_exportin.csv
2024,8,week8,TE,Juwan,Johnson,NO,NO,2400,,1,FG_week8_exportin.csv
2024,8,week8,RB,Kendre,Miller,NO,NO,2400,,1,FG_week8_exportin.csv
2024,8,week8,WR,Elijah,Moore,CLE,CLE,2400,,1,FG_week8_exportin.csv
2024,8,week8,TE,Ja'Tavion,Sanders,CAR,CAR,2400,,1,FG_week8_exportin.csv
2024,8,week8,RB,Sean,Tucker,TB,TB,2400,,1,FG_week8_exportin.csv
2024,8,week8,WR,Olamide,Zaccheaus,WAS,WAS,2400,,1,FG_week8_exportin.csv
2024,8,week8,RB,Israel,Abanikanda,NYJ,NYJ,2200,,1,FG_week8_exportin.csv
2024,8,week8,RB,Ameer,Abdullah,LV,LV,2200,,1,FG_week8_exportin.csv
2024,8,week8,TE,Nate,Adkins,DEN,DEN,2200,,1,FG_week8_exportin.csv
2024,8,week8,WR,Nelson,Agholor,BAL,BAL,2200,,1,FG_week8_exportin.csv
2024,8,week8,TE,Jordan,Akins,CLE,CLE,2200,,1,FG_week8_exportin.csv
2024,8,week8,RB,Rasheen,Ali,BAL,BAL,2200,,1,FG_week8_exportin.csv
2024,8,week8,TE,Mo,Alie-Cox,IND,IND,2200,,1,FG_week8_exportin.csv
2024,8,week8,TE,Erick,All Jr.,CIN,CIN,2200,,1,FG_week8_exportin.csv
2024,8,week8,WR,Alex,Bachman,LV,LV,2200,,1,FG_week8_exportin.csv
2024,8,week8,WR,Javon,Baker,NE,NE,2200,,1,FG_week8_exportin.csv
2024,8,week8,TE,AJ,Barner,SEA,SEA,2200,,1,FG_week8_exportin.csv
2024,8,week8,TE,John,Bates,WAS,WAS,2200,,1,FG_week8_exportin.csv
2024,8,week8,WR,Odell,Beckham Jr.,MIA,MIA,2200,,1,FG_week8_exportin.csv
2024,8,week8,TE,Jaheim,Bell,NE,NE,2200,,1,FG_week8_exportin.csv
2024,8,week8,RB,Trey,Benson,ARI,ARI,2200,,1,FG_week8_exportin.csv
2024,8,week8,RB,Raheem,Blackshear,CAR,CAR,2200,,1,FG_week8_exportin.csv
2024,8,week8,RB,Khari,Blasingame,CHI,CHI,2200,,1,FG_week8_exportin.csv
2024,8,week8,WR,Jake,Bobo,SEA,SEA,2200,,1,FG_week8_exportin.csv
2024,8,week8,WR,Kendrick,Bourne,NE,NE,2200,,1,FG_week8_exportin.csv
2024,8,week8,RB,Chris,Brooks,GB,GB,2200,,1,FG_week8_exportin.csv
2024,8,week8,RB,Jonathon,Brooks,CAR,CAR,2200,,1,FG_week8_exportin.csv
2024,8,week8,TE,Pharaoh,Brown,SEA,SEA,2200,,1,FG_week8_exportin.csv
2024,8,week8,WR,Dyami,Brown,WAS,WAS,2200,,1,FG_week8_exportin.csv
2024,8,week8,TE,Harrison,Bryant,LV,LV,2200,,1,FG_week8_exportin.csv
2024,8,week8,WR,Treylon,Burks,TEN,TEN,2200,,1,FG_week8_exportin.csv
2024,8,week8,RB,Robert,Burns,ATL,ATL,2200,,1,FG_week8_exportin.csv
2024,8,week8,RB,Michael,Burton,DEN,DEN,2200,,1,FG_week8_exportin.csv
2024,8,week8,WR,Jermaine,Burton,CIN,CIN,2200,,1,FG_week8_exportin.csv
2024,8,week8,TE,Grant,Calcaterra,PHI,PHI,2200,,1,FG_week8_exportin.csv
2024,8,week8,WR,Parris,Campbell,PHI,PHI,2200,,1,FG_week8_exportin.csv
2024,8,week8,WR,DeAndre,Carter,CHI,CHI,2200,,1,FG_week8_exportin.csv
2024,8,week8,WR,DJ,Chark Jr.,LAC,LAC,2200,,1,FG_week8_exportin.csv
2024,8,week8,WR,Irvin,Charles,NYJ,NYJ,2200,,1,FG_week8_exportin.csv
2024,8,week8,RB,Julius,Chestnut,TEN,TEN,2200,,1,FG_week8_exportin.csv
2024,8,week8,WR,Jalen,Coker,CAR,CAR,2200,,1,FG_week8_exportin.csv
2024,8,week8,RB,Chris,Collier,BAL,BAL,2200,,1,FG_week8_exportin.csv
2024,8,week8,TE,Tanner,Conner,MIA,MIA,2200,,1,FG_week8_exportin.csv
2024,8,week8,WR,Malachi,Corley,NYJ,NYJ,2200,,1,FG_week8_exportin.csv
2024,8,week8,TE,Devin,Culp,TB,TB,2200,,1,FG_week8_exportin.csv
2024,8,week8,RB,DeeJay,Dallas,ARI,ARI,2200,,1,FG_week8_exportin.csv
2024,8,week8,RB,Isaiah,Davis,NYJ,NYJ,2200,,1,FG_week8_exportin.csv
2024,8,week8,WR,Derius,Davis,LAC,LAC,2200,,1,FG_week8_exportin.csv
2024,8,week8,TE,Josiah,Deguara,JAX,JAC,2200,,1,FG_week8_exportin.csv
2024,8,week8,RB,Emari,Demercado,ARI,ARI,2200,,1,FG_week8_exportin.csv
2024,8,week8,TE,Will,Dissly,LAC,LAC,2200,,1,FG_week8_exportin.csv
2024,8,week8,WR,Jahan,Dotson,PHI,PHI,2200,,1,FG_week8_exportin.csv
2024,8,week8,WR,Colton,Dowell,TEN,TEN,2200,,1,FG_week8_exportin.csv
2024,8,week8,TE,Greg,Dulcich,DEN,DEN,2200,,1,FG_week8_exportin.csv
2024,8,week8,WR,Ashton,Dulin,IND,IND,2200,,1,FG_week8_exportin.csv
2024,8,week8,TE,Payne,Durham,TB,TB,2200,,1,FG_week8_exportin.csv
2024,8,week8,TE,Ross,Dwelley,ATL,ATL,2200,,1,FG_week8_exportin.csv
2024,8,week8,RB,Clyde,Edwards-Helaire,KC,KC,2200,,1,FG_week8_exportin.csv
2024,8,week8,RB,Audric,Estime,DEN,DEN,2200,,1,FG_week8_exportin.csv
2024,8,week8,RB,Darrynton,Evans,BUF,BUF,2200,,1,FG_week8_exportin.csv
2024,8,week8,TE,Gerald,Everett,CHI,CHI,2200,,1,FG_week8_exportin.csv
2024,8,week8,TE,Luke,Farrell,JAX,JAC,2200,,1,FG_week8_exportin.csv
2024,8,week8,WR,Simi,Fehoko,LAC,LAC,2200,,1,FG_week8_exportin.csv
2024,8,week8,TE,Anthony,Firkser,NYJ,NYJ,2200,,1,FG_week8_exportin.csv
2024,8,week8,TE,John,FitzPatrick,GB,GB,2200,,1,FG_week8_exportin.csv
2024,8,week8,RB,D'Onta,Foreman,CLE,CLE,2200,,1,FG_week8_exportin.csv
2024,8,week8,TE,Jody,Fortson,KC,KC,2200,,1,FG_week8_exportin.csv
2024,8,week8,TE,Feleipe,Franks,CAR,CAR,2200,,1,FG_week8_exportin.csv
2024,8,week8,RB,Kenneth,Gainwell,PHI,PHI,2200,,1,FG_week8_exportin.csv
2024,8,week8,TE,Mike,Gesicki,CIN,CIN,2200,,1,FG_week8_exportin.csv
2024,8,week8,RB,Reggie,Gilliam,BUF,BUF,2200,,1,FG_week8_exportin.csv
2024,8,week8,WR,Xavier,Gipson,NYJ,NYJ,2200,,1,FG_week8_exportin.csv
2024,8,week8,RB,Tyler,Goodson,IND,IND,2200,,1,FG_week8_exportin.csv
2024,8,week8,WR,Anthony,Gould,IND,IND,2200,,1,FG_week8_exportin.csv
2024,8,week8,TE,Kylen,Granson,IND,IND,2200,,1,FG_week8_exportin.csv
2024,8,week8,TE,Noah,Gray,KC,KC,2200,,1,FG_week8_exportin.csv
2024,8,week8,WR,Mecole,Hardman,KC,KC,2200,,1,FG_week8_exportin.csv
2024,8,week8,WR,Deonte,Harty,BAL,BAL,2200,,1,FG_week8_exportin.csv
2024,8,week8,RB,Hassan,Haskins,LAC,LAC,2200,,1,FG_week8_exportin.csv
2024,8,week8,RB,JaMycal,Hasty,NE,NE,2200,,1,FG_week8_exportin.csv
2024,8,week8,WR,Malik,Heath,GB,GB,2200,,1,FG_week8_exportin.csv
2024,8,week8,RB,Khalil,Herbert,CHI,CHI,2200,,1,FG_week8_exportin.csv
2024,8,week8,TE,Parker,Hesse,DET,DET,2200,,1,FG_week8_exportin.csv
2024,8,week8,TE,Elijah,Higgins,ARI,ARI,2200,,1,FG_week8_exportin.csv
2024,8,week8,TE,Julian,Hill,MIA,MIA,2200,,1,FG_week8_exportin.csv
2024,8,week8,RB,Nyheim,Hines,CLE,CLE,2200,,1,FG_week8_exportin.csv
2024,8,week8,WR,KhaDarel,Hodge,ATL,ATL,2200,,1,FG_week8_exportin.csv
2024,8,week8,TE,Dallin,Holker,NO,NO,2200,,1,FG_week8_exportin.csv
2024,8,week8,WR,Mack,Hollins,BUF,BUF,2200,,1,FG_week8_exportin.csv
2024,8,week8,TE,Austin,Hooper,NE,NE,2200,,1,FG_week8_exportin.csv
2024,8,week8,TE,Tanner,Hudson,CIN,CIN,2200,,1,FG_week8_exportin.csv
2024,8,week8,RB,Evan,Hull,IND,IND,2200,,1,FG_week8_exportin.csv
2024,8,week8,WR,Lil'Jordan,Humphrey,DEN,DEN,2200,,1,FG_week8_exportin.csv
2024,8,week8,TE,Hayden,Hurst,LAC,LAC,2200,,1,FG_week8_exportin.csv
2024,8,week8,WR,Xavier,Hutchinson,HOU,HOU,2200,,1,FG_week8_exportin.csv
2024,8,week8,RB,Alec,Ingold,MIA,MIA,2200,,1,FG_week8_exportin.csv
2024,8,week8,WR,Trenton,Irwin,CIN,CIN,2200,,1,FG_week8_exportin.csv
2024,8,week8,WR,Jha'Quan,Jackson,TEN,TEN,2200,,1,FG_week8_exportin.csv
2024,8,week8,WR,Jermaine,Jackson,NO,NO,2200,,1,FG_week8_exportin.csv
2024,8,week8,WR,Rakim,Jarrett,TB,TB,2200,,1,FG_week8_exportin.csv
2024,8,week8,RB,D'Ernest,Johnson,JAX,JAC,2200,,1,FG_week8_exportin.csv
2024,8,week8,RB,Ty,Johnson,BUF,BUF,2200,,1,FG_week8_exportin.csv
2024,8,week8,WR,Kameron,Johnson,TB,TB,2200,,1,FG_week8_exportin.csv
2024,8,week8,WR,Tim,Jones,JAX,JAC,2200,,1,FG_week8_exportin.csv
2024,8,week8,WR,Charlie,Jones,CIN,CIN,2200,,1,FG_week8_exportin.csv
2024,8,week8,WR,Velus,Jones Jr.,CHI,CHI,2200,,1,FG_week8_exportin.csv
2024,8,week8,TE,Ko,Kieft,TB,TB,2200,,1,FG_week8_exportin.csv
2024,8,week8,TE,Dawson,Knox,BUF,BUF,2200,,1,FG_week8_exportin.csv
2024,8,week8,TE,Charlie,Kolar,BAL,BAL,2200,,1,FG_week8_exportin.csv
2024,8,week8,TE,Lucas,Krull,DEN,DEN,2200,,1,FG_week8_exportin.csv
2024,8,week8,RB,Dylan,Laube,LV,LV,2200,,1,FG_week8_exportin.csv
2024,8,week8,TE,Marcedes,Lewis,CHI,CHI,2200,,1,FG_week8_exportin.csv
2024,8,week8,TE,Will,Mallory,IND,IND,2200,,1,FG_week8_exportin.csv
2024,8,week8,TE,David,Martin-Robinson,TEN,TEN,2200,,1,FG_week8_exportin.csv
2024,8,week8,RB,Scott,Matlock,LAC,LAC,2200,,1,FG_week8_exportin.csv
2024,8,week8,WR,Tyreik,McAllister,LV,LV,2200,,1,FG_week8_exportin.csv
2024,8,week8,WR,Luke,McCaffrey,WAS,WAS,2200,,1,FG_week8_exportin.csv
2024,8,week8,RB,Jase,McClellan,ATL,ATL,2200,,1,FG_week8_exportin.csv
2024,8,week8,RB,Kenny,McIntosh,SEA,SEA,2200,,1,FG_week8_exportin.csv
2024,8,week8,TE,Tanner,McLachlan,CIN,CIN,2200,,1,FG_week8_exportin.csv
2024,8,week8,WR,Jalen,McMillan,TB,TB,2200,,1,FG_week8_exportin.csv
2024,8,week8,RB,Jeremy,McNichols,WAS,WAS,2200,,1,FG_week8_exportin.csv
2024,8,week8,WR,Bo,Melton,GB,GB,2200,,1,FG_week8_exportin.csv
2024,8,week8,WR,John,Metchie III,HOU,HOU,2200,,1,FG_week8_exportin.csv
2024,8,week8,RB,Jordan,Mims,NO,NO,2200,,1,FG_week8_exportin.csv
2024,8,week8,WR,Marvin,Mims Jr.,DEN,DEN,2200,,1,FG_week8_exportin.csv
2024,8,week8,WR,Jonathan,Mingo,CAR,CAR,2200,,1,FG_week8_exportin.csv
2024,8,week8,RB,Keaton,Mitchell,BAL,BAL,2200,,1,FG_week8_exportin.csv
2024,8,week8,WR,Adonai,Mitchell,IND,IND,2200,,1,FG_week8_exportin.csv
2024,8,week8,WR,Skyy,Moore,KC,KC,2200,,1,FG_week8_exportin.csv
2024,8,week8,WR,David,Moore,CAR,CAR,2200,,1,FG_week8_exportin.csv
2024,8,week8,TE,Foster,Moreau,NO,NO,2200,,1,FG_week8_exportin.csv
2024,8,week8,TE,Quintin,Morris,BUF,BUF,2200,,1,FG_week8_exportin.csv
2024,8,week8,TE,Thomas,Odukoya,TEN,TEN,2200,,1,FG_week8_exportin.csv
2024,8,week8,TE,Drew,Ogletree,IND,IND,2200,,1,FG_week8_exportin.csv
2024,8,week8,RB,Dare,Ogunbowale,HOU,HOU,2200,,1,FG_week8_exportin.csv
2024,8,week8,TE,Chig,Okonkwo,TEN,TEN,2200,,1,FG_week8_exportin.csv
2024,8,week8,TE,Albert,Okwuegbunam Jr.,PHI,PHI,2200,,1,FG_week8_exportin.csv
2024,8,week8,WR,K.J.,Osborn,NE,NE,2200,,1,FG_week8_exportin.csv
2024,8,week8,WR,Trey,Palmer,TB,TB,2200,,1,FG_week8_exportin.csv
2024,8,week8,WR,Zach,Pascal,ARI,ARI,2200,,1,FG_week8_exportin.csv
2024,8,week8,RB,Samaje,Perine,KC,KC,2200,,1,FG_week8_exportin.csv
2024,8,week8,RB,Dameon,Pierce,HOU,HOU,2200,,1,FG_week8_exportin.csv
2024,8,week8,WR,Ja'Lynn,Polk,NE,NE,2200,,1,FG_week8_exportin.csv
2024,8,week8,RB,Adam,Prentice,NO,NO,2200,,1,FG_week8_exportin.csv
2024,8,week8,TE,Teagan,Quitoriano,HOU,HOU,2200,,1,FG_week8_exportin.csv
2024,8,week8,WR,Kalif,Raymond,DET,DET,2200,,1,FG_week8_exportin.csv
2024,8,week8,WR,Jalen,Reagor,LAC,LAC,2200,,1,FG_week8_exportin.csv
2024,8,week8,TE,Tip,Reiman,ARI,ARI,2200,,1,FG_week8_exportin.csv
2024,8,week8,RB,Craig,Reynolds,DET,DET,2200,,1,FG_week8_exportin.csv
2024,8,week8,RB,Patrick,Ricard,BAL,BAL,2200,,1,FG_week8_exportin.csv
2024,8,week8,WR,Brenden,Rice,LAC,LAC,2200,,1,FG_week8_exportin.csv
2024,8,week8,WR,Allen,Robinson,DET,DET,2200,,1,FG_week8_exportin.csv
2024,8,week8,TE,Jeremy,Ruckert,NYJ,NYJ,2200,,1,FG_week8_exportin.csv
2024,8,week8,TE,Brady,Russell,SEA,SEA,2200,,1,FG_week8_exportin.csv
2024,8,week8,TE,Drew,Sample,CIN,CIN,2200,,1,FG_week8_exportin.csv
2024,8,week8,WR,Curtis,Samuel,BUF,BUF,2200,,1,FG_week8_exportin.csv
2024,8,week8,RB,Miles,Sanders,CAR,CAR,2200,,1,FG_week8_exportin.csv
2024,8,week8,WR,Tyler,Scott,CHI,CHI,2200,,1,FG_week8_exportin.csv
2024,8,week8,RB,Trey,Sermon,IND,IND,2200,,1,FG_week8_exportin.csv
2024,8,week8,WR,Laviska,Shenault Jr.,SEA,SEA,2200,,1,FG_week8_exportin.csv
2024,8,week8,TE,John Samuel,Shenker,LV,LV,2200,,1,FG_week8_exportin.csv
2024,8,week8,WR,Sterling,Shepard,TB,TB,2200,,1,FG_week8_exportin.csv
2024,8,week8,RB,Will,Shipley,PHI,PHI,2200,,1,FG_week8_exportin.csv
2024,8,week8,TE,Ben,Sims,GB,GB,2200,,1,FG_week8_exportin.csv
2024,8,week8,WR,Steven,Sims,HOU,HOU,2200,,1,FG_week8_exportin.csv
2024,8,week8,TE,Ben,Sinnott,WAS,WAS,2200,,1,FG_week8_exportin.csv
2024,8,week8,TE,Stone,Smartt,LAC,LAC,2200,,1,FG_week8_exportin.csv
2024,8,week8,WR,Ainias,Smith,PHI,PHI,2200,,1,FG_week8_exportin.csv
2024,8,week8,TE,Durham,Smythe,MIA,MIA,2200,,1,FG_week8_exportin.csv
2024,8,week8,RB,Carson,Steele,KC,KC,2200,,1,FG_week8_exportin.csv
2024,8,week8,TE,Jack,Stoll,PHI,PHI,2200,,1,FG_week8_exportin.csv
2024,8,week8,TE,Cade,Stover,HOU,HOU,2200,,1,FG_week8_exportin.csv
2024,8,week8,TE,Brenton,Strange,JAX,JAC,2200,,1,FG_week8_exportin.csv
2024,8,week8,RB,Pierre,Strong Jr.,CLE,CLE,2200,,1,FG_week8_exportin.csv
2024,8,week8,TE,Geoff,Swaim,CLE,CLE,2200,,1,FG_week8_exportin.csv
2024,8,week8,TE,Ian,Thomas,CAR,CAR,2200,,1,FG_week8_exportin.csv
2024,8,week8,WR,Tyquan,Thornton,NE,NE,2200,,1,FG_week8_exportin.csv
2024,8,week8,WR,Jamari,Thrash,CLE,CLE,2200,,1,FG_week8_exportin.csv
2024,8,week8,WR,Cedric,Tillman,CLE,CLE,2200,,1,FG_week8_exportin.csv
2024,8,week8,WR,Mason,Tipton,NO,NO,2200,,1,FG_week8_exportin.csv
2024,8,week8,TE,Eric,Tomlinson,LAC,LAC,2200,,1,FG_week8_exportin.csv
2024,8,week8,TE,Adam,Trautman,DEN,DEN,2200,,1,FG_week8_exportin.csv
2024,8,week8,TE,Tommy,Tremble,CAR,CAR,2200,,1,FG_week8_exportin.csv
2024,8,week8,WR,DJ,Turner,LV,LV,2200,,1,FG_week8_exportin.csv
2024,8,week8,RB,Sione,Vaki,DET,DET,2200,,1,FG_week8_exportin.csv
2024,8,week8,WR,Marquez,Valdes-Scantling,NO,NO,2200,,1,FG_week8_exportin.csv
2024,8,week8,TE,Nick,Vannett,TEN,TEN,2200,,1,FG_week8_exportin.csv
2024,8,week8,TE,Travis,Vokolek,ARI,ARI,2200,,1,FG_week8_exportin.csv
2024,8,week8,WR,Devontez,Walker,BAL,BAL,2200,,1,FG_week8_exportin.csv
2024,8,week8,WR,Tylan,Wallace,BAL,BAL,2200,,1,FG_week8_exportin.csv
2024,8,week8,WR,Parker,Washington,JAX,JAC,2200,,1,FG_week8_exportin.csv
2024,8,week8,WR,Casey,Washington,ATL,ATL,2200,,1,FG_week8_exportin.csv
2024,8,week8,WR,Malik,Washington,MIA,MIA,2200,,1,FG_week8_exportin.csv
2024,8,week8,WR,Justin,Watson,KC,KC,2200,,1,FG_week8_exportin.csv
2024,8,week8,WR,Xavier,Weaver,ARI,ARI,2200,,1,FG_week8_exportin.csv
2024,8,week8,WR,Nick,Westbrook-Ikhine,TEN,TEN,2200,,1,FG_week8_exportin.csv
2024,8,week8,TE,Josh,Whyle,TEN,TEN,2200,,1,FG_week8_exportin.csv
2024,8,week8,TE,Jared,Wiley,KC,KC,2200,,1,FG_week8_exportin.csv
2024,8,week8,RB,Avery,Williams,ATL,ATL,2200,,1,FG_week8_exportin.csv
2024,8,week8,RB,Jamaal,Williams,NO,NO,2200,,1,FG_week8_exportin.csv
2024,8,week8,RB,Trayveon,Williams,CIN,CIN,2200,,1,FG_week8_exportin.csv
2024,8,week8,WR,Isaiah,Williams,DET,DET,2200,,1,FG_week8_exportin.csv
2024,8,week8,WR,Mike,Williams,NYJ,NYJ,2200,,1,FG_week8_exportin.csv
2024,8,week8,RB,Emanuel,Wilson,GB,GB,2200,,1,FG_week8_exportin.csv
2024,8,week8,WR,Johnny,Wilson,PHI,PHI,2200,,1,FG_week8_exportin.csv
2024,8,week8,RB,Jeff,Wilson Jr.,MIA,MIA,2200,,1,FG_week8_exportin.csv
2024,8,week8,WR,Cedrick,Wilson Jr.,NO,NO,2200,,1,FG_week8_exportin.csv
2024,8,week8,TE,Charlie,Woerner,ATL,ATL,2200,,1,FG_week8_exportin.csv
2024,8,week8,WR,Robert,Woods,HOU,HOU,2200,,1,FG_week8_exportin.csv
2024,8,week8,RB,Jaylen,Wright,MIA,MIA,2200,,1,FG_week8_exportin.csv
2024,8,week8,TE,Brock,Wright,DET,DET,2200,,1,FG_week8_exportin.csv
2024,8,week8,TE,Colson,Yankoff,WAS,WAS,2200,,1,FG_week8_exportin.csv
2024,8,week8,WR,Dareke,Young,SEA,SEA,2200,,1,FG_week8_exportin.csv
2024,9,week9,RB,Derrick,Henry,BAL,BAL,8200,,1,FG_week9_exportin.csv
2024,9,week9,WR,CeeDee,Lamb,DAL,DAL,8200,,1,FG_week9_exportin.csv
2024,9,week9,QB,Lamar,Jackson,BAL,BAL,7800,,1,FG_week9_exportin.csv
2024,9,week9,RB,Saquon,Barkley,PHI,PHI,7600,,1,FG_week9_exportin.csv
2024,9,week9,WR,Ja'Marr,Chase,CIN,CIN,7600,,1,FG_week9_exportin.csv
2024,9,week9,RB,Kyren,Williams,LAR,LA,7600,,1,FG_week9_exportin.csv
2024,9,week9,WR,A.J.,Brown,PHI,PHI,7400,,1,FG_week9_exportin.csv
2024,9,week9,RB,Jahmyr,Gibbs,DET,DET,7400,,1,FG_week9_exportin.csv
2024,9,week9,WR,Malik,Nabers,NYG,NYG,7400,,1,FG_week9_exportin.csv
2024,9,week9,RB,Bijan,Robinson,ATL,ATL,7400,,1,FG_week9_exportin.csv
2024,9,week9,QB,Josh,Allen,BUF,BUF,7000,,1,FG_week9_exportin.csv
2024,9,week9,WR,Puka,Nacua,LAR,LA,7000,,1,FG_week9_exportin.csv
2024,9,week9,RB,De'Von,Achane,MIA,MIA,6800,,1,FG_week9_exportin.csv
2024,9,week9,QB,Jayden,Daniels,WAS,WAS,6800,,1,FG_week9_exportin.csv
2024,9,week9,WR,Tyreek,Hill,MIA,MIA,6800,,1,FG_week9_exportin.csv
2024,9,week9,RB,Alvin,Kamara,NO,NO,6800,,1,FG_week9_exportin.csv
2024,9,week9,WR,Drake,London,ATL,ATL,6800,,1,FG_week9_exportin.csv
2024,9,week9,WR,Amon-Ra,St. Brown,DET,DET,6800,,1,FG_week9_exportin.csv
2024,9,week9,RB,Kenneth,Walker III,SEA,SEA,6800,,1,FG_week9_exportin.csv
2024,9,week9,QB,Jalen,Hurts,PHI,PHI,6400,,1,FG_week9_exportin.csv
2024,9,week9,RB,Josh,Jacobs,GB,GB,6400,,1,FG_week9_exportin.csv
2024,9,week9,RB,D'Andre,Swift,CHI,CHI,6400,,1,FG_week9_exportin.csv
2024,9,week9,QB,Joe,Burrow,CIN,CIN,6200,,1,FG_week9_exportin.csv
2024,9,week9,RB,James,Cook,BUF,BUF,6200,,1,FG_week9_exportin.csv
2024,9,week9,WR,Tee,Higgins,CIN,CIN,6200,,1,FG_week9_exportin.csv
2024,9,week9,WR,Terry,McLaurin,WAS,WAS,6200,,1,FG_week9_exportin.csv
2024,9,week9,QB,Kyler,Murray,ARI,ARI,6200,,1,FG_week9_exportin.csv
2024,9,week9,QB,Bo,Nix,DEN,DEN,6200,,1,FG_week9_exportin.csv
2024,9,week9,QB,Kirk,Cousins,ATL,ATL,6000,,1,FG_week9_exportin.csv
2024,9,week9,WR,Cooper,Kupp,LAR,LA,6000,,1,FG_week9_exportin.csv
2024,9,week9,QB,Jordan,Love,GB,GB,6000,,1,FG_week9_exportin.csv
2024,9,week9,RB,David,Montgomery,DET,DET,6000,,1,FG_week9_exportin.csv
2024,9,week9,QB,Dak,Prescott,DAL,DAL,6000,,1,FG_week9_exportin.csv
2024,9,week9,WR,Brian,Thomas Jr.,JAX,JAC,6000,,1,FG_week9_exportin.csv
2024,9,week9,QB,Caleb,Williams,CHI,CHI,6000,,1,FG_week9_exportin.csv
2024,9,week9,RB,James,Conner,ARI,ARI,5800,,1,FG_week9_exportin.csv
2024,9,week9,WR,Zay,Flowers,BAL,BAL,5800,,1,FG_week9_exportin.csv
2024,9,week9,QB,Jared,Goff,DET,DET,5800,,1,FG_week9_exportin.csv
2024,9,week9,QB,Trevor,Lawrence,JAX,JAC,5800,,1,FG_week9_exportin.csv
2024,9,week9,QB,Geno,Smith,SEA,SEA,5800,,1,FG_week9_exportin.csv
2024,9,week9,WR,Marvin,Harrison Jr.,ARI,ARI,5600,,1,FG_week9_exportin.csv
2024,9,week9,WR,DK,Metcalf,SEA,SEA,5600,,1,FG_week9_exportin.csv
2024,9,week9,WR,Jakobi,Meyers,LV,LV,5600,,1,FG_week9_exportin.csv
2024,9,week9,WR,DeVonta,Smith,PHI,PHI,5600,,1,FG_week9_exportin.csv
2024,9,week9,WR,Amari,Cooper,BUF,BUF,5400,,1,FG_week9_exportin.csv
2024,9,week9,RB,J.K.,Dobbins,LAC,LAC,5400,,1,FG_week9_exportin.csv
2024,9,week9,WR,Ladd,McConkey,LAC,LAC,5400,,1,FG_week9_exportin.csv
2024,9,week9,WR,DJ,Moore,CHI,CHI,5400,,1,FG_week9_exportin.csv
2024,9,week9,RB,Brian,Robinson Jr.,WAS,WAS,5400,,1,FG_week9_exportin.csv
2024,9,week9,QB,Tua,Tagovailoa,MIA,MIA,5400,,1,FG_week9_exportin.csv
2024,9,week9,QB,Derek,Carr,NO,NO,5200,,1,FG_week9_exportin.csv
2024,9,week9,WR,Diontae,Johnson,CAR,CAR,5200,,1,FG_week9_exportin.csv
2024,9,week9,WR,Diontae,Johnson,CAR,CAR,5200,,1,FG_week9_exportin.csv
2024,9,week9,WR,Darnell,Mooney,ATL,ATL,5200,,1,FG_week9_exportin.csv
2024,9,week9,WR,Chris,Olave,NO,NO,5200,,1,FG_week9_exportin.csv
2024,9,week9,RB,Tony,Pollard,TEN,TEN,5200,,1,FG_week9_exportin.csv
2024,9,week9,TE,Brock,Bowers,LV,LV,5000,,1,FG_week9_exportin.csv
2024,9,week9,QB,Justin,Herbert,LAC,LAC,5000,,1,FG_week9_exportin.csv
2024,9,week9,RB,Chuba,Hubbard,CAR,CAR,5000,,1,FG_week9_exportin.csv
2024,9,week9,QB,Daniel,Jones,NYG,NYG,5000,,1,FG_week9_exportin.csv
2024,9,week9,WR,Jakobi,Meyers,LV,LV,5000,,1,FG_week9_exportin.csv
2024,9,week9,WR,Jayden,Reed,GB,GB,5000,,1,FG_week9_exportin.csv
2024,9,week9,WR,Khalil,Shakir,BUF,BUF,5000,,1,FG_week9_exportin.csv
2024,9,week9,RB,Rhamondre,Stevenson,NE,NE,5000,,1,FG_week9_exportin.csv
2024,9,week9,WR,Wan'Dale,Robinson,NYG,NYG,4800,,1,FG_week9_exportin.csv
2024,9,week9,QB,Matthew,Stafford,LAR,LA,4800,,1,FG_week9_exportin.csv
2024,9,week9,WR,Romeo,Doubs,GB,GB,4600,,1,FG_week9_exportin.csv
2024,9,week9,QB,Drake,Maye,NE,NE,4600,,1,FG_week9_exportin.csv
2024,9,week9,TE,Trey,McBride,ARI,ARI,4600,,1,FG_week9_exportin.csv
2024,9,week9,TE,David,Njoku,CLE,CLE,4600,,1,FG_week9_exportin.csv
2024,9,week9,RB,Javonte,Williams,DEN,DEN,4600,,1,FG_week9_exportin.csv
2024,9,week9,QB,Jameis,Winston,CLE,CLE,4600,,1,FG_week9_exportin.csv
2024,9,week9,WR,Keenan,Allen,CHI,CHI,4400,,1,FG_week9_exportin.csv
2024,9,week9,RB,Tank,Bigsby,JAX,JAC,4400,,1,FG_week9_exportin.csv
2024,9,week9,RB,Chase,Brown,CIN,CIN,4400,,1,FG_week9_exportin.csv
2024,9,week9,WR,Keon,Coleman,BUF,BUF,4400,,1,FG_week9_exportin.csv
2024,9,week9,WR,Calvin,Ridley,TEN,TEN,4400,,1,FG_week9_exportin.csv
2024,9,week9,WR,Courtland,Sutton,DEN,DEN,4400,,1,FG_week9_exportin.csv
2024,9,week9,QB,Dorian,Thompson-Robinson,CLE,CLE,4400,,1,FG_week9_exportin.csv
2024,9,week9,QB,Tyson,Bagent,CHI,CHI,4200,,1,FG_week9_exportin.csv
2024,9,week9,QB,Stetson,Bennett,LAR,LA,4200,,1,FG_week9_exportin.csv
2024,9,week9,QB,Carter,Bradley,LV,LV,4200,,1,FG_week9_exportin.csv
2024,9,week9,QB,Jacoby,Brissett,NE,NE,4200,,1,FG_week9_exportin.csv
2024,9,week9,QB,Jake,Browning,CIN,CIN,4200,,1,FG_week9_exportin.csv
2024,9,week9,QB,Andy,Dalton,CAR,CAR,4200,,1,FG_week9_exportin.csv
2024,9,week9,QB,Tommy,DeVito,NYG,NYG,4200,,1,FG_week9_exportin.csv
2024,9,week9,QB,Jeff,Driskel,WAS,WAS,4200,,1,FG_week9_exportin.csv
2024,9,week9,QB,Jimmy,Garoppolo,LAR,LA,4200,,1,FG_week9_exportin.csv
2024,9,week9,QB,Jake,Haener,NO,NO,4200,,1,FG_week9_exportin.csv
2024,9,week9,QB,Taylor,Heinicke,LAC,LAC,4200,,1,FG_week9_exportin.csv
2024,9,week9,QB,Hendon,Hooker,DET,DET,4200,,1,FG_week9_exportin.csv
2024,9,week9,QB,Sam,Howell,SEA,SEA,4200,,1,FG_week9_exportin.csv
2024,9,week9,QB,Tyler,Huntley,MIA,MIA,4200,,1,FG_week9_exportin.csv
2024,9,week9,QB,Josh,Johnson,BAL,BAL,4200,,1,FG_week9_exportin.csv
2024,9,week9,QB,Mac,Jones,JAX,JAC,4200,,1,FG_week9_exportin.csv
2024,9,week9,QB,Trey,Lance,DAL,DAL,4200,,1,FG_week9_exportin.csv
2024,9,week9,QB,Will,Levis,TEN,TEN,4200,,1,FG_week9_exportin.csv
2024,9,week9,QB,Drew,Lock,NYG,NYG,4200,,1,FG_week9_exportin.csv
2024,9,week9,QB,Marcus,Mariota,WAS,WAS,4200,,1,FG_week9_exportin.csv
2024,9,week9,QB,Tanner,McKee,PHI,PHI,4200,,1,FG_week9_exportin.csv
2024,9,week9,QB,Joe,Milton III,NE,NE,4200,,1,FG_week9_exportin.csv
2024,9,week9,QB,Gardner,Minshew II,LV,LV,4200,,1,FG_week9_exportin.csv
2024,9,week9,RB,Raheem,Mostert,MIA,MIA,4200,,1,FG_week9_exportin.csv
2024,9,week9,QB,Michael,Penix Jr.,ATL,ATL,4200,,1,FG_week9_exportin.csv
2024,9,week9,QB,Kenny,Pickett,PHI,PHI,4200,,1,FG_week9_exportin.csv
2024,9,week9,QB,Jack,Plummer,CAR,CAR,4200,,1,FG_week9_exportin.csv
2024,9,week9,QB,Spencer,Rattler,NO,NO,4200,,1,FG_week9_exportin.csv
2024,9,week9,QB,Desmond,Ridder,LV,LV,4200,,1,FG_week9_exportin.csv
2024,9,week9,QB,Mason,Rudolph,TEN,TEN,4200,,1,FG_week9_exportin.csv
2024,9,week9,QB,Cooper,Rush,DAL,DAL,4200,,1,FG_week9_exportin.csv
2024,9,week9,QB,Trevor,Siemian,TEN,TEN,4200,,1,FG_week9_exportin.csv
2024,9,week9,RB,Devin,Singletary,NYG,NYG,4200,,1,FG_week9_exportin.csv
2024,9,week9,QB,Easton,Stick,LAC,LAC,4200,,1,FG_week9_exportin.csv
2024,9,week9,QB,Jarrett,Stidham,DEN,DEN,4200,,1,FG_week9_exportin.csv
2024,9,week9,WR,Courtland,Sutton,DEN,DEN,4200,,1,FG_week9_exportin.csv
2024,9,week9,QB,Skylar,Thompson,MIA,MIA,4200,,1,FG_week9_exportin.csv
2024,9,week9,WR,Cedric,Tillman,CLE,CLE,4200,,1,FG_week9_exportin.csv
2024,9,week9,QB,Mitchell,Trubisky,BUF,BUF,4200,,1,FG_week9_exportin.csv
2024,9,week9,QB,Clayton,Tune,ARI,ARI,4200,,1,FG_week9_exportin.csv
2024,9,week9,WR,Jaylen,Waddle,MIA,MIA,4200,,1,FG_week9_exportin.csv
2024,9,week9,QB,Malik,Willis,GB,GB,4200,,1,FG_week9_exportin.csv
2024,9,week9,QB,Zach,Wilson,DEN,DEN,4200,,1,FG_week9_exportin.csv
2024,9,week9,WR,Xavier,Worthy,KC,KC,4200,,1,FG_week9_exportin.csv
2024,9,week9,QB,Bryce,Young,CAR,CAR,4200,,1,FG_week9_exportin.csv
2024,9,week9,QB,Bailey,Zappe,CLE,CLE,4200,,1,FG_week9_exportin.csv
2024,9,week9,WR,Rashod,Bateman,BAL,BAL,4000,,1,FG_week9_exportin.csv
2024,9,week9,RB,Rico,Dowdle,DAL,DAL,4000,,1,FG_week9_exportin.csv
2024,9,week9,TE,Evan,Engram,JAX,JAC,4000,,1,FG_week9_exportin.csv
2024,9,week9,TE,Tucker,Kraft,GB,GB,4000,,1,FG_week9_exportin.csv
2024,9,week9,WR,Tyler,Lockett,SEA,SEA,4000,,1,FG_week9_exportin.csv
2024,9,week9,TE,Kyle,Pitts,ATL,ATL,4000,,1,FG_week9_exportin.csv
2024,9,week9,WR,Jaxon,Smith-Njigba,SEA,SEA,4000,,1,FG_week9_exportin.csv
2024,9,week9,RB,Nick,Chubb,CLE,CLE,3800,,1,FG_week9_exportin.csv
2024,9,week9,RB,Travis,Etienne Jr.,JAX,JAC,3800,,1,FG_week9_exportin.csv
2024,9,week9,TE,Jake,Ferguson,DAL,DAL,3800,,1,FG_week9_exportin.csv
2024,9,week9,WR,Jerry,Jeudy,CLE,CLE,3800,,1,FG_week9_exportin.csv
2024,9,week9,WR,Quentin,Johnston,LAC,LAC,3800,,1,FG_week9_exportin.csv
2024,9,week9,RB,Alexander,Mattison,LV,LV,3800,,1,FG_week9_exportin.csv
2024,9,week9,WR,Darius,Slayton,NYG,NYG,3800,,1,FG_week9_exportin.csv
2024,9,week9,WR,Jalen,Tolbert,DAL,DAL,3800,,1,FG_week9_exportin.csv
2024,9,week9,TE,Mark,Andrews,BAL,BAL,3600,,1,FG_week9_exportin.csv
2024,9,week9,WR,DeMario,Douglas,NE,NE,3600,,1,FG_week9_exportin.csv
2024,9,week9,RB,Austin,Ekeler,WAS,WAS,3600,,1,FG_week9_exportin.csv
2024,9,week9,TE,Dallas,Goedert,PHI,PHI,3600,,1,FG_week9_exportin.csv
2024,9,week9,TE,Dalton,Kincaid,BUF,BUF,3600,,1,FG_week9_exportin.csv
2024,9,week9,TE,Cole,Kmet,CHI,CHI,3600,,1,FG_week9_exportin.csv
2024,9,week9,WR,Xavier,Legette,CAR,CAR,3600,,1,FG_week9_exportin.csv
2024,9,week9,WR,Xavier,Legette,CAR,CAR,3600,,1,FG_week9_exportin.csv
2024,9,week9,WR,Rome,Odunze,CHI,CHI,3600,,1,FG_week9_exportin.csv
2024,9,week9,WR,Demarcus,Robinson,LAR,LA,3600,,1,FG_week9_exportin.csv
2024,9,week9,RB,Tyrone,Tracy Jr.,NYG,NYG,3600,,1,FG_week9_exportin.csv
2024,9,week9,WR,Christian,Watson,GB,GB,3600,,1,FG_week9_exportin.csv
2024,9,week9,RB,Jerome,Ford,CLE,CLE,3400,,1,FG_week9_exportin.csv
2024,9,week9,TE,Sam,LaPorta,DET,DET,3400,,1,FG_week9_exportin.csv
2024,9,week9,RB,Zack,Moss,CIN,CIN,3400,,1,FG_week9_exportin.csv
2024,9,week9,WR,Devaughn,Vele,DEN,DEN,3400,,1,FG_week9_exportin.csv
2024,9,week9,WR,Michael,Wilson,ARI,ARI,3400,,1,FG_week9_exportin.csv
2024,9,week9,RB,Tyler,Allgeier,ATL,ATL,3200,,1,FG_week9_exportin.csv
2024,9,week9,WR,Noah,Brown,WAS,WAS,3200,,1,FG_week9_exportin.csv
2024,9,week9,RB,Zach,Charbonnet,SEA,SEA,3200,,1,FG_week9_exportin.csv
2024,9,week9,WR,Jalen,Coker,CAR,CAR,3200,,1,FG_week9_exportin.csv
2024,9,week9,WR,Gabe,Davis,JAX,JAC,3200,,1,FG_week9_exportin.csv
2024,9,week9,TE,Hunter,Henry,NE,NE,3200,,1,FG_week9_exportin.csv
2024,9,week9,TE,Taysom,Hill,NO,NO,3200,,1,FG_week9_exportin.csv
2024,9,week9,RB,Roschon,Johnson,CHI,CHI,3200,,1,FG_week9_exportin.csv
2024,9,week9,WR,Bub,Means,NO,NO,3200,,1,FG_week9_exportin.csv
2024,9,week9,WR,Devaughn,Vele,DEN,DEN,3200,,1,FG_week9_exportin.csv
2024,9,week9,WR,Jordan,Whittington,LAR,LA,3200,,1,FG_week9_exportin.csv
2024,9,week9,WR,Dontayvion,Wicks,GB,GB,3200,,1,FG_week9_exportin.csv
2024,9,week9,TE,Zach,Ertz,WAS,WAS,3000,,1,FG_week9_exportin.csv
2024,9,week9,WR,Ray-Ray,McCloud,ATL,ATL,3000,,1,FG_week9_exportin.csv
2024,9,week9,WR,Elijah,Moore,CLE,CLE,3000,,1,FG_week9_exportin.csv
2024,9,week9,WR,Joshua,Palmer,LAC,LAC,3000,,1,FG_week9_exportin.csv
2024,9,week9,RB,Tyjae,Spears,TEN,TEN,3000,,1,FG_week9_exportin.csv
2024,9,week9,WR,Tre,Tucker,LV,LV,3000,,1,FG_week9_exportin.csv
2024,9,week9,WR,Tutu,Atwell,LAR,LA,2800,,1,FG_week9_exportin.csv
2024,9,week9,RB,Ezekiel,Elliott,DAL,DAL,2800,,1,FG_week9_exportin.csv
2024,9,week9,TE,Noah,Fant,SEA,SEA,2800,,1,FG_week9_exportin.csv
2024,9,week9,WR,Troy,Franklin,DEN,DEN,2800,,1,FG_week9_exportin.csv
2024,9,week9,RB,Justice,Hill,BAL,BAL,2800,,1,FG_week9_exportin.csv
2024,9,week9,RB,Jaleel,McLaughlin,DEN,DEN,2800,,1,FG_week9_exportin.csv
2024,9,week9,RB,Keaton,Mitchell,BAL,BAL,2800,,1,FG_week9_exportin.csv
2024,9,week9,WR,Tre,Tucker,LV,LV,2800,,1,FG_week9_exportin.csv
2024,9,week9,WR,Kayshon,Boutte,NE,NE,2600,,1,FG_week9_exportin.csv
2024,9,week9,WR,Tyler,Boyd,TEN,TEN,2600,,1,FG_week9_exportin.csv
2024,9,week9,RB,Ray,Davis,BUF,BUF,2600,,1,FG_week9_exportin.csv
2024,9,week9,WR,Troy,Franklin,DEN,DEN,2600,,1,FG_week9_exportin.csv
2024,9,week9,RB,Antonio,Gibson,NE,NE,2600,,1,FG_week9_exportin.csv
2024,9,week9,TE,Juwan,Johnson,NO,NO,2600,,1,FG_week9_exportin.csv
2024,9,week9,TE,Isaiah,Likely,BAL,BAL,2600,,1,FG_week9_exportin.csv
2024,9,week9,WR,Kalif,Raymond,DET,DET,2600,,1,FG_week9_exportin.csv
2024,9,week9,TE,Jonnu,Smith,MIA,MIA,2600,,1,FG_week9_exportin.csv
2024,9,week9,WR,Nick,Westbrook-Ikhine,TEN,TEN,2600,,1,FG_week9_exportin.csv
2024,9,week9,WR,Greg,Dortch,ARI,ARI,2400,,1,FG_week9_exportin.csv
2024,9,week9,WR,Andrei,Iosivas,CIN,CIN,2400,,1,FG_week9_exportin.csv
2024,9,week9,WR,Zay,Jones,ARI,ARI,2400,,1,FG_week9_exportin.csv
2024,9,week9,RB,Kendre,Miller,NO,NO,2400,,1,FG_week9_exportin.csv
2024,9,week9,WR,Tim,Patrick,DET,DET,2400,,1,FG_week9_exportin.csv
2024,9,week9,WR,DJ,Turner,LV,LV,2400,,1,FG_week9_exportin.csv
2024,9,week9,WR,Jameson,Williams,DET,DET,2400,,1,FG_week9_exportin.csv
2024,9,week9,RB,Ameer,Abdullah,LV,LV,2200,,1,FG_week9_exportin.csv
2024,9,week9,TE,Nate,Adkins,DEN,DEN,2200,,1,FG_week9_exportin.csv
2024,9,week9,WR,Nelson,Agholor,BAL,BAL,2200,,1,FG_week9_exportin.csv
2024,9,week9,TE,Jordan,Akins,CLE,CLE,2200,,1,FG_week9_exportin.csv
2024,9,week9,RB,Rasheen,Ali,BAL,BAL,2200,,1,FG_week9_exportin.csv
2024,9,week9,TE,Erick,All Jr.,CIN,CIN,2200,,1,FG_week9_exportin.csv
2024,9,week9,TE,Davis,Allen,LAR,LA,2200,,1,FG_week9_exportin.csv
2024,9,week9,WR,Alex,Bachman,LV,LV,2200,,1,FG_week9_exportin.csv
2024,9,week9,WR,Alex,Bachman,LV,LV,2200,,1,FG_week9_exportin.csv
2024,9,week9,RB,Tyler,Badie,DEN,DEN,2200,,1,FG_week9_exportin.csv
2024,9,week9,WR,Javon,Baker,NE,NE,2200,,1,FG_week9_exportin.csv
2024,9,week9,TE,AJ,Barner,SEA,SEA,2200,,1,FG_week9_exportin.csv
2024,9,week9,TE,John,Bates,WAS,WAS,2200,,1,FG_week9_exportin.csv
2024,9,week9,WR,Odell,Beckham Jr.,MIA,MIA,2200,,1,FG_week9_exportin.csv
2024,9,week9,TE,Jaheim,Bell,NE,NE,2200,,1,FG_week9_exportin.csv
2024,9,week9,TE,Daniel,Bellinger,NYG,NYG,2200,,1,FG_week9_exportin.csv
2024,9,week9,RB,Trey,Benson,ARI,ARI,2200,,1,FG_week9_exportin.csv
2024,9,week9,RB,Raheem,Blackshear,CAR,CAR,2200,,1,FG_week9_exportin.csv
2024,9,week9,WR,Jake,Bobo,SEA,SEA,2200,,1,FG_week9_exportin.csv
2024,9,week9,WR,Kendrick,Bourne,NE,NE,2200,,1,FG_week9_exportin.csv
2024,9,week9,RB,Jonathon,Brooks,CAR,CAR,2200,,1,FG_week9_exportin.csv
2024,9,week9,RB,Chris,Brooks,GB,GB,2200,,1,FG_week9_exportin.csv
2024,9,week9,WR,Jalen,Brooks,DAL,DAL,2200,,1,FG_week9_exportin.csv
2024,9,week9,TE,Pharaoh,Brown,SEA,SEA,2200,,1,FG_week9_exportin.csv
2024,9,week9,WR,Dyami,Brown,WAS,WAS,2200,,1,FG_week9_exportin.csv
2024,9,week9,TE,Harrison,Bryant,LV,LV,2200,,1,FG_week9_exportin.csv
2024,9,week9,RB,Robert,Burns,ATL,ATL,2200,,1,FG_week9_exportin.csv
2024,9,week9,RB,Michael,Burton,DEN,DEN,2200,,1,FG_week9_exportin.csv
2024,9,week9,WR,Jermaine,Burton,CIN,CIN,2200,,1,FG_week9_exportin.csv
2024,9,week9,TE,Grant,Calcaterra,PHI,PHI,2200,,1,FG_week9_exportin.csv
2024,9,week9,WR,DeAndre,Carter,CHI,CHI,2200,,1,FG_week9_exportin.csv
2024,9,week9,WR,DJ,Chark Jr.,LAC,LAC,2200,,1,FG_week9_exportin.csv
2024,9,week9,RB,Julius,Chestnut,TEN,TEN,2200,,1,FG_week9_exportin.csv
2024,9,week9,WR,Jalen,Coker,CAR,CAR,2200,,1,FG_week9_exportin.csv
2024,9,week9,RB,Chris,Collier,BAL,BAL,2200,,1,FG_week9_exportin.csv
2024,9,week9,TE,Tanner,Conner,MIA,MIA,2200,,1,FG_week9_exportin.csv
2024,9,week9,RB,Dalvin,Cook,DAL,DAL,2200,,1,FG_week9_exportin.csv
2024,9,week9,RB,Blake,Corum,LAR,LA,2200,,1,FG_week9_exportin.csv
2024,9,week9,WR,River,Cracraft,MIA,MIA,2200,,1,FG_week9_exportin.csv
2024,9,week9,WR,Jamison,Crowder,WAS,WAS,2200,,1,FG_week9_exportin.csv
2024,9,week9,RB,DeeJay,Dallas,ARI,ARI,2200,,1,FG_week9_exportin.csv
2024,9,week9,WR,Jaelon,Darden,CLE,CLE,2200,,1,FG_week9_exportin.csv
2024,9,week9,WR,Derius,Davis,LAC,LAC,2200,,1,FG_week9_exportin.csv
2024,9,week9,TE,Josiah,Deguara,JAX,JAC,2200,,1,FG_week9_exportin.csv
2024,9,week9,RB,Emari,Demercado,ARI,ARI,2200,,1,FG_week9_exportin.csv
2024,9,week9,TE,Will,Dissly,LAC,LAC,2200,,1,FG_week9_exportin.csv
2024,9,week9,WR,Jahan,Dotson,PHI,PHI,2200,,1,FG_week9_exportin.csv
2024,9,week9,WR,Colton,Dowell,TEN,TEN,2200,,1,FG_week9_exportin.csv
2024,9,week9,TE,Greg,Dulcich,DEN,DEN,2200,,1,FG_week9_exportin.csv
2024,9,week9,TE,Ross,Dwelley,ATL,ATL,2200,,1,FG_week9_exportin.csv
2024,9,week9,WR,Dee,Eskridge,MIA,MIA,2200,,1,FG_week9_exportin.csv
2024,9,week9,RB,Audric,Estime,DEN,DEN,2200,,1,FG_week9_exportin.csv
2024,9,week9,RB,Darrynton,Evans,BUF,BUF,2200,,1,FG_week9_exportin.csv
2024,9,week9,TE,Gerald,Everett,CHI,CHI,2200,,1,FG_week9_exportin.csv
2024,9,week9,TE,Luke,Farrell,JAX,JAC,2200,,1,FG_week9_exportin.csv
2024,9,week9,WR,Simi,Fehoko,LAC,LAC,2200,,1,FG_week9_exportin.csv
2024,9,week9,TE,John,FitzPatrick,GB,GB,2200,,1,FG_week9_exportin.csv
2024,9,week9,WR,Ryan,Flournoy,DAL,DAL,2200,,1,FG_week9_exportin.csv
2024,9,week9,WR,Bryce,Ford-Wheaton,NYG,NYG,2200,,1,FG_week9_exportin.csv
2024,9,week9,RB,D'Onta,Foreman,CLE,CLE,2200,,1,FG_week9_exportin.csv
2024,9,week9,TE,Feleipe,Franks,CAR,CAR,2200,,1,FG_week9_exportin.csv
2024,9,week9,RB,Jake,Funk,JAX,JAC,2200,,1,FG_week9_exportin.csv
2024,9,week9,RB,Kenneth,Gainwell,PHI,PHI,2200,,1,FG_week9_exportin.csv
2024,9,week9,TE,Mike,Gesicki,CIN,CIN,2200,,1,FG_week9_exportin.csv
2024,9,week9,RB,Reggie,Gilliam,BUF,BUF,2200,,1,FG_week9_exportin.csv
2024,9,week9,RB,Eric,Gray,NYG,NYG,2200,,1,FG_week9_exportin.csv
2024,9,week9,WR,Mecole,Hardman,KC,KC,2200,,1,FG_week9_exportin.csv
2024,9,week9,RB,Hassan,Haskins,LAC,LAC,2200,,1,FG_week9_exportin.csv
2024,9,week9,RB,JaMycal,Hasty,NE,NE,2200,,1,FG_week9_exportin.csv
2024,9,week9,WR,Malik,Heath,GB,GB,2200,,1,FG_week9_exportin.csv
2024,9,week9,RB,Khalil,Herbert,CHI,CHI,2200,,1,FG_week9_exportin.csv
2024,9,week9,TE,Parker,Hesse,DET,DET,2200,,1,FG_week9_exportin.csv
2024,9,week9,TE,Tyler,Higbee,LAR,LA,2200,,1,FG_week9_exportin.csv
2024,9,week9,TE,Elijah,Higgins,ARI,ARI,2200,,1,FG_week9_exportin.csv
2024,9,week9,TE,Julian,Hill,MIA,MIA,2200,,1,FG_week9_exportin.csv
2024,9,week9,RB,Nyheim,Hines,CLE,CLE,2200,,1,FG_week9_exportin.csv
2024,9,week9,WR,KhaDarel,Hodge,ATL,ATL,2200,,1,FG_week9_exportin.csv
2024,9,week9,TE,Dallin,Holker,NO,NO,2200,,1,FG_week9_exportin.csv
2024,9,week9,WR,Mack,Hollins,BUF,BUF,2200,,1,FG_week9_exportin.csv
2024,9,week9,RB,Travis,Homer,CHI,CHI,2200,,1,FG_week9_exportin.csv
2024,9,week9,TE,Austin,Hooper,NE,NE,2200,,1,FG_week9_exportin.csv
2024,9,week9,TE,Tanner,Hudson,CIN,CIN,2200,,1,FG_week9_exportin.csv
2024,9,week9,WR,Lil'Jordan,Humphrey,DEN,DEN,2200,,1,FG_week9_exportin.csv
2024,9,week9,WR,Lil'Jordan,Humphrey,DEN,DEN,2200,,1,FG_week9_exportin.csv
2024,9,week9,TE,Hayden,Hurst,LAC,LAC,2200,,1,FG_week9_exportin.csv
2024,9,week9,WR,Jalin,Hyatt,NYG,NYG,2200,,1,FG_week9_exportin.csv
2024,9,week9,RB,Alec,Ingold,MIA,MIA,2200,,1,FG_week9_exportin.csv
2024,9,week9,WR,Trenton,Irwin,CIN,CIN,2200,,1,FG_week9_exportin.csv
2024,9,week9,WR,Jermaine,Jackson,NO,NO,2200,,1,FG_week9_exportin.csv
2024,9,week9,WR,Jha'Quan,Jackson,TEN,TEN,2200,,1,FG_week9_exportin.csv
2024,9,week9,RB,Ty,Johnson,BUF,BUF,2200,,1,FG_week9_exportin.csv
2024,9,week9,RB,D'Ernest,Johnson,JAX,JAC,2200,,1,FG_week9_exportin.csv
2024,9,week9,TE,Theo,Johnson,NYG,NYG,2200,,1,FG_week9_exportin.csv
2024,9,week9,WR,Jaylen,Johnson,LAC,LAC,2200,,1,FG_week9_exportin.csv
2024,9,week9,WR,Tyler,Johnson,LAR,LA,2200,,1,FG_week9_exportin.csv
2024,9,week9,WR,Charlie,Jones,CIN,CIN,2200,,1,FG_week9_exportin.csv
2024,9,week9,WR,Tim,Jones,JAX,JAC,2200,,1,FG_week9_exportin.csv
2024,9,week9,RB,Joshua,Kelley,TEN,TEN,2200,,1,FG_week9_exportin.csv
2024,9,week9,WR,Mason,Kinsey,TEN,TEN,2200,,1,FG_week9_exportin.csv
2024,9,week9,WR,Christian,Kirk,JAX,JAC,2200,,1,FG_week9_exportin.csv
2024,9,week9,TE,Dawson,Knox,BUF,BUF,2200,,1,FG_week9_exportin.csv
2024,9,week9,TE,Charlie,Kolar,BAL,BAL,2200,,1,FG_week9_exportin.csv
2024,9,week9,TE,Lucas,Krull,DEN,DEN,2200,,1,FG_week9_exportin.csv
2024,9,week9,RB,Dylan,Laube,LV,LV,2200,,1,FG_week9_exportin.csv
2024,9,week9,TE,Marcedes,Lewis,CHI,CHI,2200,,1,FG_week9_exportin.csv
2024,9,week9,RB,MarShawn,Lloyd,GB,GB,2200,,1,FG_week9_exportin.csv
2024,9,week9,TE,Hunter,Long,LAR,LA,2200,,1,FG_week9_exportin.csv
2024,9,week9,RB,Hunter,Luepke,DAL,DAL,2200,,1,FG_week9_exportin.csv
2024,9,week9,TE,Chris,Manhertz,NYG,NYG,2200,,1,FG_week9_exportin.csv
2024,9,week9,TE,David,Martin-Robinson,TEN,TEN,2200,,1,FG_week9_exportin.csv
2024,9,week9,RB,Scott,Matlock,LAC,LAC,2200,,1,FG_week9_exportin.csv
2024,9,week9,WR,Tyreik,McAllister,LV,LV,2200,,1,FG_week9_exportin.csv
2024,9,week9,WR,Tyreik,McAllister,LV,LV,2200,,1,FG_week9_exportin.csv
2024,9,week9,WR,Luke,McCaffrey,WAS,WAS,2200,,1,FG_week9_exportin.csv
2024,9,week9,RB,Jase,McClellan,ATL,ATL,2200,,1,FG_week9_exportin.csv
2024,9,week9,RB,Kenny,McIntosh,SEA,SEA,2200,,1,FG_week9_exportin.csv
2024,9,week9,TE,Tanner,McLachlan,CIN,CIN,2200,,1,FG_week9_exportin.csv
2024,9,week9,RB,Jeremy,McNichols,WAS,WAS,2200,,1,FG_week9_exportin.csv
2024,9,week9,WR,Bo,Melton,GB,GB,2200,,1,FG_week9_exportin.csv
2024,9,week9,WR,Marvin,Mims Jr.,DEN,DEN,2200,,1,FG_week9_exportin.csv
2024,9,week9,WR,Marvin,Mims Jr.,DEN,DEN,2200,,1,FG_week9_exportin.csv
2024,9,week9,WR,Jonathan,Mingo,CAR,CAR,2200,,1,FG_week9_exportin.csv
2024,9,week9,WR,Jonathan,Mingo,CAR,CAR,2200,,1,FG_week9_exportin.csv
2024,9,week9,WR,David,Moore,CAR,CAR,2200,,1,FG_week9_exportin.csv
2024,9,week9,WR,Skyy,Moore,KC,KC,2200,,1,FG_week9_exportin.csv
2024,9,week9,WR,David,Moore,CAR,CAR,2200,,1,FG_week9_exportin.csv
2024,9,week9,TE,Foster,Moreau,NO,NO,2200,,1,FG_week9_exportin.csv
2024,9,week9,TE,Quintin,Morris,BUF,BUF,2200,,1,FG_week9_exportin.csv
2024,9,week9,TE,Thomas,Odukoya,TEN,TEN,2200,,1,FG_week9_exportin.csv
2024,9,week9,TE,Chig,Okonkwo,TEN,TEN,2200,,1,FG_week9_exportin.csv
2024,9,week9,TE,Albert,Okwuegbunam Jr.,PHI,PHI,2200,,1,FG_week9_exportin.csv
2024,9,week9,WR,K.J.,Osborn,NE,NE,2200,,1,FG_week9_exportin.csv
2024,9,week9,TE,Colby,Parkinson,LAR,LA,2200,,1,FG_week9_exportin.csv
2024,9,week9,WR,Zach,Pascal,ARI,ARI,2200,,1,FG_week9_exportin.csv
2024,9,week9,WR,Ja'Lynn,Polk,NE,NE,2200,,1,FG_week9_exportin.csv
2024,9,week9,RB,Adam,Prentice,NO,NO,2200,,1,FG_week9_exportin.csv
2024,9,week9,WR,Jalen,Reagor,LAC,LAC,2200,,1,FG_week9_exportin.csv
2024,9,week9,TE,Tip,Reiman,ARI,ARI,2200,,1,FG_week9_exportin.csv
2024,9,week9,RB,Craig,Reynolds,DET,DET,2200,,1,FG_week9_exportin.csv
2024,9,week9,RB,Patrick,Ricard,BAL,BAL,2200,,1,FG_week9_exportin.csv
2024,9,week9,WR,Brenden,Rice,LAC,LAC,2200,,1,FG_week9_exportin.csv
2024,9,week9,RB,Ronnie,Rivers,LAR,LA,2200,,1,FG_week9_exportin.csv
2024,9,week9,WR,Allen,Robinson,DET,DET,2200,,1,FG_week9_exportin.csv
2024,9,week9,TE,Brady,Russell,SEA,SEA,2200,,1,FG_week9_exportin.csv
2024,9,week9,TE,Drew,Sample,CIN,CIN,2200,,1,FG_week9_exportin.csv
2024,9,week9,WR,Curtis,Samuel,BUF,BUF,2200,,1,FG_week9_exportin.csv
2024,9,week9,RB,Miles,Sanders,CAR,CAR,2200,,1,FG_week9_exportin.csv
2024,9,week9,TE,Ja'Tavion,Sanders,CAR,CAR,2200,,1,FG_week9_exportin.csv
2024,9,week9,TE,Luke,Schoonmaker,DAL,DAL,2200,,1,FG_week9_exportin.csv
2024,9,week9,RB,Cody,Schrader,LAR,LA,2200,,1,FG_week9_exportin.csv
2024,9,week9,WR,Tyler,Scott,CHI,CHI,2200,,1,FG_week9_exportin.csv
2024,9,week9,WR,Laviska,Shenault Jr.,SEA,SEA,2200,,1,FG_week9_exportin.csv
2024,9,week9,TE,John Samuel,Shenker,LV,LV,2200,,1,FG_week9_exportin.csv
2024,9,week9,RB,Will,Shipley,PHI,PHI,2200,,1,FG_week9_exportin.csv
2024,9,week9,TE,Justin,Shorter,LV,LV,2200,,1,FG_week9_exportin.csv
2024,9,week9,TE,Ben,Sims,GB,GB,2200,,1,FG_week9_exportin.csv
2024,9,week9,TE,Ben,Sinnott,WAS,WAS,2200,,1,FG_week9_exportin.csv
2024,9,week9,TE,Stone,Smartt,LAC,LAC,2200,,1,FG_week9_exportin.csv
2024,9,week9,WR,Xavier,Smith,LAR,LA,2200,,1,FG_week9_exportin.csv
2024,9,week9,WR,Ainias,Smith,PHI,PHI,2200,,1,FG_week9_exportin.csv
2024,9,week9,WR,Ihmir,Smith-Marsette,NYG,NYG,2200,,1,FG_week9_exportin.csv
2024,9,week9,TE,Durham,Smythe,MIA,MIA,2200,,1,FG_week9_exportin.csv
2024,9,week9,TE,Brevyn,Spann-Ford,DAL,DAL,2200,,1,FG_week9_exportin.csv
2024,9,week9,WR,Equanimeous,St. Brown,NO,NO,2200,,1,FG_week9_exportin.csv
2024,9,week9,TE,John,Stephens Jr.,DAL,DAL,2200,,1,FG_week9_exportin.csv
2024,9,week9,TE,Jack,Stoll,PHI,PHI,2200,,1,FG_week9_exportin.csv
2024,9,week9,TE,Brenton,Strange,JAX,JAC,2200,,1,FG_week9_exportin.csv
2024,9,week9,RB,Pierre,Strong Jr.,CLE,CLE,2200,,1,FG_week9_exportin.csv
2024,9,week9,TE,Geoff,Swaim,CLE,CLE,2200,,1,FG_week9_exportin.csv
2024,9,week9,WR,Adam,Thielen,CAR,CAR,2200,,1,FG_week9_exportin.csv
2024,9,week9,TE,Ian,Thomas,CAR,CAR,2200,,1,FG_week9_exportin.csv
2024,9,week9,WR,Tyquan,Thornton,NE,NE,2200,,1,FG_week9_exportin.csv
2024,9,week9,WR,Jamari,Thrash,CLE,CLE,2200,,1,FG_week9_exportin.csv
2024,9,week9,WR,Mason,Tipton,NO,NO,2200,,1,FG_week9_exportin.csv
2024,9,week9,TE,Eric,Tomlinson,LAC,LAC,2200,,1,FG_week9_exportin.csv
2024,9,week9,TE,Adam,Trautman,DEN,DEN,2200,,1,FG_week9_exportin.csv
2024,9,week9,TE,Tommy,Tremble,CAR,CAR,2200,,1,FG_week9_exportin.csv
2024,9,week9,WR,DJ,Turner,LV,LV,2200,,1,FG_week9_exportin.csv
2024,9,week9,WR,KaVontae,Turpin,DAL,DAL,2200,,1,FG_week9_exportin.csv
2024,9,week9,RB,Sione,Vaki,DET,DET,2200,,1,FG_week9_exportin.csv
2024,9,week9,WR,Marquez,Valdes-Scantling,NO,NO,2200,,1,FG_week9_exportin.csv
2024,9,week9,TE,Nick,Vannett,TEN,TEN,2200,,1,FG_week9_exportin.csv
2024,9,week9,RB,Deuce,Vaughn,DAL,DAL,2200,,1,FG_week9_exportin.csv
2024,9,week9,RB,Kimani,Vidal,LAC,LAC,2200,,1,FG_week9_exportin.csv
2024,9,week9,WR,Jalen,Virgil,BUF,BUF,2200,,1,FG_week9_exportin.csv
2024,9,week9,TE,Travis,Vokolek,ARI,ARI,2200,,1,FG_week9_exportin.csv
2024,9,week9,WR,Devontez,Walker,BAL,BAL,2200,,1,FG_week9_exportin.csv
2024,9,week9,WR,Tylan,Wallace,BAL,BAL,2200,,1,FG_week9_exportin.csv
2024,9,week9,WR,Malik,Washington,MIA,MIA,2200,,1,FG_week9_exportin.csv
2024,9,week9,WR,Casey,Washington,ATL,ATL,2200,,1,FG_week9_exportin.csv
2024,9,week9,WR,Parker,Washington,JAX,JAC,2200,,1,FG_week9_exportin.csv
2024,9,week9,WR,Xavier,Weaver,ARI,ARI,2200,,1,FG_week9_exportin.csv
2024,9,week9,RB,Zamir,White,LV,LV,2200,,1,FG_week9_exportin.csv
2024,9,week9,TE,Josh,Whyle,TEN,TEN,2200,,1,FG_week9_exportin.csv
2024,9,week9,RB,Avery,Williams,ATL,ATL,2200,,1,FG_week9_exportin.csv
2024,9,week9,RB,Jamaal,Williams,NO,NO,2200,,1,FG_week9_exportin.csv
2024,9,week9,RB,Trayveon,Williams,CIN,CIN,2200,,1,FG_week9_exportin.csv
2024,9,week9,WR,Isaiah,Williams,DET,DET,2200,,1,FG_week9_exportin.csv
2024,9,week9,RB,Emanuel,Wilson,GB,GB,2200,,1,FG_week9_exportin.csv
2024,9,week9,WR,Johnny,Wilson,PHI,PHI,2200,,1,FG_week9_exportin.csv
2024,9,week9,RB,Jeff,Wilson Jr.,MIA,MIA,2200,,1,FG_week9_exportin.csv
2024,9,week9,WR,Cedrick,Wilson Jr.,NO,NO,2200,,1,FG_week9_exportin.csv
2024,9,week9,TE,Charlie,Woerner,ATL,ATL,2200,,1,FG_week9_exportin.csv
2024,9,week9,RB,Jaylen,Wright,MIA,MIA,2200,,1,FG_week9_exportin.csv
2024,9,week9,TE,Brock,Wright,DET,DET,2200,,1,FG_week9_exportin.csv
2024,9,week9,TE,Colson,Yankoff,WAS,WAS,2200,,1,FG_week9_exportin.csv
2024,9,week9,WR,Dareke,Young,SEA,SEA,2200,,1,FG_week9_exportin.csv
2024,9,week9,WR,Olamide,Zaccheaus,WAS,WAS,2200,,1,FG_week9_exportin.csv
2024,9,week9,TE,Shane,Zylstra,DET,DET,2200,,1,FG_week9_exportin.csv
2024,10,week10,RB,Saquon,Barkley,PHI,PHI,8200,,1,FG_week10_exportin.csv
2024,10,week10,RB,Bijan,Robinson,ATL,ATL,8000,,1,FG_week10_exportin.csv
2024,10,week10,QB,Jalen,Hurts,PHI,PHI,7800,,1,FG_week10_exportin.csv
2024,10,week10,RB,Alvin,Kamara,NO,NO,7600,,1,FG_week10_exportin.csv
2024,10,week10,WR,Michael,Wilson,CIN,CIN,7600,,1,FG_week10_exportin.csv
2024,10,week10,WR,A.J.,Brown,PHI,PHI,7400,,1,FG_week10_exportin.csv
2024,10,week10,WR,Justin,Jefferson,MIN,MIN,7200,,1,FG_week10_exportin.csv
2024,10,week10,RB,Jonathan,Taylor,IND,IND,7200,,1,FG_week10_exportin.csv
2024,10,week10,RB,Breece,Hall,NYJ,NYJ,7000,,1,FG_week10_exportin.csv
2024,10,week10,WR,Puka,Nacua,LAR,LA,7000,,1,FG_week10_exportin.csv
2024,10,week10,WR,CeeDee,Lamb,DAL,DAL,6800,,1,FG_week10_exportin.csv
2024,10,week10,QB,Baker,Mayfield,TB,TB,6800,,1,FG_week10_exportin.csv
2024,10,week10,RB,Christian,McCaffrey,SF,SF,6800,,1,FG_week10_exportin.csv
2024,10,week10,WR,Amon-Ra,St. Brown,DET,DET,6800,,1,FG_week10_exportin.csv
2024,10,week10,QB,Josh,Allen,BUF,BUF,6600,,1,FG_week10_exportin.csv
2024,10,week10,RB,J.K.,Dobbins,LAC,LAC,6600,,1,FG_week10_exportin.csv
2024,10,week10,WR,Garrett,Wilson,NYJ,NYJ,6600,,1,FG_week10_exportin.csv
2024,10,week10,WR,A.J.,Brown,PHI,PHI,6400,,1,FG_week10_exportin.csv
2024,10,week10,RB,James,Cook,BUF,BUF,6400,,1,FG_week10_exportin.csv
2024,10,week10,RB,Aaron,Jones,MIN,MIN,6400,,1,FG_week10_exportin.csv
2024,10,week10,WR,Terry,McLaurin,WAS,WAS,6400,,1,FG_week10_exportin.csv
2024,10,week10,QB,Brock,Purdy,SF,SF,6400,,1,FG_week10_exportin.csv
2024,10,week10,RB,D'Andre,Swift,CHI,CHI,6400,,1,FG_week10_exportin.csv
2024,10,week10,QB,Jayden,Daniels,WAS,WAS,6200,,1,FG_week10_exportin.csv
2024,10,week10,RB,Kareem,Hunt,KC,KC,6200,,1,FG_week10_exportin.csv
2024,10,week10,WR,Drake,London,ATL,ATL,6200,,1,FG_week10_exportin.csv
2024,10,week10,WR,Trey,McBride,CIN,CIN,6200,,1,FG_week10_exportin.csv
2024,10,week10,RB,James,Conner,ARI,ARI,6000,,1,FG_week10_exportin.csv
2024,10,week10,QB,Kirk,Cousins,ATL,ATL,6000,,1,FG_week10_exportin.csv
2024,10,week10,WR,Cooper,Kupp,LAR,LA,6000,,1,FG_week10_exportin.csv
2024,10,week10,QB,Trevor,Lawrence,JAX,JAC,6000,,1,FG_week10_exportin.csv
2024,10,week10,QB,Kyler,Murray,ARI,ARI,6000,,1,FG_week10_exportin.csv
2024,10,week10,WR,Brian,Thomas Jr.,JAX,JAC,6000,,1,FG_week10_exportin.csv
2024,10,week10,WR,Zay,Flowers,BAL,BAL,5800,,1,FG_week10_exportin.csv
2024,10,week10,QB,Bo,Nix,DEN,DEN,5800,,1,FG_week10_exportin.csv
2024,10,week10,WR,DeVonta,Smith,PHI,PHI,5800,,1,FG_week10_exportin.csv
2024,10,week10,RB,Rhamondre,Stevenson,NE,NE,5800,,1,FG_week10_exportin.csv
2024,10,week10,QB,Russell,Wilson,PIT,PIT,5800,,1,FG_week10_exportin.csv
2024,10,week10,WR,Davante,Adams,NYJ,NYJ,5600,,1,FG_week10_exportin.csv
2024,10,week10,WR,James,Conner,LV,LV,5600,,1,FG_week10_exportin.csv
2024,10,week10,RB,Najee,Harris,PIT,PIT,5600,,1,FG_week10_exportin.csv
2024,10,week10,WR,Marvin,Harrison Jr.,ARI,ARI,5600,,1,FG_week10_exportin.csv
2024,10,week10,TE,George,Kittle,SF,SF,5600,,1,FG_week10_exportin.csv
2024,10,week10,QB,Patrick,Mahomes,KC,KC,5600,,1,FG_week10_exportin.csv
2024,10,week10,WR,DK,Metcalf,SEA,SEA,5600,,1,FG_week10_exportin.csv
2024,10,week10,RB,Tony,Pollard,TEN,TEN,5600,,1,FG_week10_exportin.csv
2024,10,week10,WR,DeVonta,Smith,PHI,PHI,5600,,1,FG_week10_exportin.csv
2024,10,week10,WR,Brian,Thomas Jr.,JAX,JAC,5600,,1,FG_week10_exportin.csv
2024,10,week10,QB,Caleb,Williams,CHI,CHI,5600,,1,FG_week10_exportin.csv
2024,10,week10,QB,Sam,Darnold,MIN,MIN,5400,,1,FG_week10_exportin.csv
2024,10,week10,QB,Justin,Herbert,LAC,LAC,5400,,1,FG_week10_exportin.csv
2024,10,week10,WR,DJ,Moore,CHI,CHI,5400,,1,FG_week10_exportin.csv
2024,10,week10,QB,Dak,Prescott,DAL,DAL,5400,,1,FG_week10_exportin.csv
2024,10,week10,RB,Brian,Robinson Jr.,WAS,WAS,5400,,1,FG_week10_exportin.csv
2024,10,week10,QB,Aaron,Rodgers,NYJ,NYJ,5400,,1,FG_week10_exportin.csv
2024,10,week10,QB,Joe,Flacco,IND,IND,5200,,1,FG_week10_exportin.csv
2024,10,week10,WR,DeAndre,Hopkins,KC,KC,5200,,1,FG_week10_exportin.csv
2024,10,week10,WR,Diontae,Johnson,CAR,CAR,5200,,1,FG_week10_exportin.csv
2024,10,week10,WR,Ladd,McConkey,LAC,LAC,5200,,1,FG_week10_exportin.csv
2024,10,week10,WR,Deebo,Samuel Sr.,SF,SF,5200,,1,FG_week10_exportin.csv
2024,10,week10,RB,Rachaad,White,TB,TB,5200,,1,FG_week10_exportin.csv
2024,10,week10,WR,Amari,Cooper,BUF,BUF,5000,,1,FG_week10_exportin.csv
2024,10,week10,WR,Jauan,Jennings,SF,SF,5000,,1,FG_week10_exportin.csv
2024,10,week10,TE,Travis,Kelce,KC,KC,5000,,1,FG_week10_exportin.csv
2024,10,week10,RB,Jordan,Mason,SF,SF,5000,,1,FG_week10_exportin.csv
2024,10,week10,QB,Drake,Maye,NE,NE,5000,,1,FG_week10_exportin.csv
2024,10,week10,WR,Jakobi,Meyers,LV,LV,5000,,1,FG_week10_exportin.csv
2024,10,week10,WR,Darnell,Mooney,ATL,ATL,5000,,1,FG_week10_exportin.csv
2024,10,week10,WR,George,Pickens,PIT,PIT,5000,,1,FG_week10_exportin.csv
2024,10,week10,WR,Jayden,Reed,GB,GB,5000,,1,FG_week10_exportin.csv
2024,10,week10,WR,Khalil,Shakir,BUF,BUF,5000,,1,FG_week10_exportin.csv
2024,10,week10,QB,Derek,Carr,NO,NO,4800,,1,FG_week10_exportin.csv
2024,10,week10,RB,Rico,Dowdle,DAL,DAL,4800,,1,FG_week10_exportin.csv
2024,10,week10,WR,DJ,Moore,CHI,CHI,4800,,1,FG_week10_exportin.csv
2024,10,week10,WR,Courtland,Sutton,DEN,DEN,4800,,1,FG_week10_exportin.csv
2024,10,week10,WR,Romeo,Doubs,GB,GB,4600,,1,FG_week10_exportin.csv
2024,10,week10,WR,Josh,Downs,IND,IND,4600,,1,FG_week10_exportin.csv
2024,10,week10,WR,Marvin,Harrison Jr.,ARI,ARI,4600,,1,FG_week10_exportin.csv
2024,10,week10,RB,Bucky,Irving,TB,TB,4600,,1,FG_week10_exportin.csv
2024,10,week10,TE,Trey,McBride,ARI,ARI,4600,,1,FG_week10_exportin.csv
2024,10,week10,WR,Xavier,Worthy,KC,KC,4600,,1,FG_week10_exportin.csv
2024,10,week10,WR,Keenan,Allen,CHI,CHI,4400,,1,FG_week10_exportin.csv
2024,10,week10,WR,Keon,Coleman,BUF,BUF,4400,,1,FG_week10_exportin.csv
2024,10,week10,QB,Justin,Fields,PIT,PIT,4400,,1,FG_week10_exportin.csv
2024,10,week10,WR,Chris,Olave,NO,NO,4400,,1,FG_week10_exportin.csv
2024,10,week10,WR,Calvin,Ridley,TEN,TEN,4400,,1,FG_week10_exportin.csv
2024,10,week10,WR,Courtland,Sutton,DEN,DEN,4400,,1,FG_week10_exportin.csv
2024,10,week10,RB,Javonte,Williams,DEN,DEN,4400,,1,FG_week10_exportin.csv
2024,10,week10,WR,Jordan,Addison,MIN,MIN,4200,,1,FG_week10_exportin.csv
2024,10,week10,QB,Brandon,Allen,SF,SF,4200,,1,FG_week10_exportin.csv
2024,10,week10,QB,Kyle,Allen,PIT,PIT,4200,,1,FG_week10_exportin.csv
2024,10,week10,WR,Keenan,Allen,CHI,CHI,4200,,1,FG_week10_exportin.csv
2024,10,week10,QB,Tyson,Bagent,CHI,CHI,4200,,1,FG_week10_exportin.csv
2024,10,week10,RB,Tank,Bigsby,JAX,JAC,4200,,1,FG_week10_exportin.csv
2024,10,week10,QB,Jacoby,Brissett,NE,NE,4200,,1,FG_week10_exportin.csv
2024,10,week10,QB,Joshua,Dobbs,SF,SF,4200,,1,FG_week10_exportin.csv
2024,10,week10,QB,Jeff,Driskel,WAS,WAS,4200,,1,FG_week10_exportin.csv
2024,10,week10,QB,Sam,Ehlinger,IND,IND,4200,,1,FG_week10_exportin.csv
2024,10,week10,RB,Austin,Ekeler,WAS,WAS,4200,,1,FG_week10_exportin.csv
2024,10,week10,TE,Evan,Engram,JAX,JAC,4200,,1,FG_week10_exportin.csv
2024,10,week10,QB,Jake,Haener,NO,NO,4200,,1,FG_week10_exportin.csv
2024,10,week10,WR,Marvin,Harrison Jr.,DEN,DEN,4200,,1,FG_week10_exportin.csv
2024,10,week10,QB,Taylor,Heinicke,LAC,LAC,4200,,1,FG_week10_exportin.csv
2024,10,week10,QB,Mac,Jones,JAX,JAC,4200,,1,FG_week10_exportin.csv
2024,10,week10,QB,Trey,Lance,DAL,DAL,4200,,1,FG_week10_exportin.csv
2024,10,week10,QB,Will,Levis,TEN,TEN,4200,,1,FG_week10_exportin.csv
2024,10,week10,QB,Marcus,Mariota,WAS,WAS,4200,,1,FG_week10_exportin.csv
2024,10,week10,QB,Tanner,McKee,PHI,PHI,4200,,1,FG_week10_exportin.csv
2024,10,week10,QB,Joe,Milton III,NE,NE,4200,,1,FG_week10_exportin.csv
2024,10,week10,QB,Nick,Mullens,MIN,MIN,4200,,1,FG_week10_exportin.csv
2024,10,week10,TE,Cade,Otton,TB,TB,4200,,1,FG_week10_exportin.csv
2024,10,week10,QB,Michael,Penix Jr.,ATL,ATL,4200,,1,FG_week10_exportin.csv
2024,10,week10,QB,Kenny,Pickett,PHI,PHI,4200,,1,FG_week10_exportin.csv
2024,10,week10,QB,Spencer,Rattler,NO,NO,4200,,1,FG_week10_exportin.csv
2024,10,week10,QB,Anthony,Richardson,IND,IND,4200,,1,FG_week10_exportin.csv
2024,10,week10,QB,Mason,Rudolph,TEN,TEN,4200,,1,FG_week10_exportin.csv
2024,10,week10,QB,Cooper,Rush,DAL,DAL,4200,,1,FG_week10_exportin.csv
2024,10,week10,QB,Brett,Rypien,MIN,MIN,4200,,1,FG_week10_exportin.csv
2024,10,week10,QB,Trevor,Siemian,TEN,TEN,4200,,1,FG_week10_exportin.csv
2024,10,week10,QB,Easton,Stick,LAC,LAC,4200,,1,FG_week10_exportin.csv
2024,10,week10,QB,Jarrett,Stidham,DEN,DEN,4200,,1,FG_week10_exportin.csv
2024,10,week10,QB,Tyrod,Taylor,NYJ,NYJ,4200,,1,FG_week10_exportin.csv
2024,10,week10,QB,Kyle,Trask,TB,TB,4200,,1,FG_week10_exportin.csv
2024,10,week10,QB,Mitchell,Trubisky,BUF,BUF,4200,,1,FG_week10_exportin.csv
2024,10,week10,QB,Clayton,Tune,ARI,ARI,4200,,1,FG_week10_exportin.csv
2024,10,week10,QB,Carson,Wentz,KC,KC,4200,,1,FG_week10_exportin.csv
2024,10,week10,QB,Zach,Wilson,DEN,DEN,4200,,1,FG_week10_exportin.csv
2024,10,week10,WR,Xavier,Worthy,KC,KC,4200,,1,FG_week10_exportin.csv
2024,10,week10,WR,Quentin,Johnston,LAC,LAC,4000,,1,FG_week10_exportin.csv
2024,10,week10,WR,Tyler,Lockett,SEA,SEA,4000,,1,FG_week10_exportin.csv
2024,10,week10,WR,Rome,Odunze,CHI,CHI,4000,,1,FG_week10_exportin.csv
2024,10,week10,WR,Jaxon,Smith-Njigba,SEA,SEA,4000,,1,FG_week10_exportin.csv
2024,10,week10,WR,Kenny,Yeboah,BAL,BAL,4000,,1,FG_week10_exportin.csv
2024,10,week10,RB,Travis,Etienne Jr.,JAX,JAC,3800,,1,FG_week10_exportin.csv
2024,10,week10,WR,Michael,Pittman Jr.,IND,IND,3800,,1,FG_week10_exportin.csv
2024,10,week10,TE,Kyle,Pitts,ATL,ATL,3800,,1,FG_week10_exportin.csv
2024,10,week10,WR,Jalen,Tolbert,DAL,DAL,3800,,1,FG_week10_exportin.csv
2024,10,week10,RB,Tyler,Allgeier,ATL,ATL,3600,,1,FG_week10_exportin.csv
2024,10,week10,WR,Noah,Brown,WAS,WAS,3600,,1,FG_week10_exportin.csv
2024,10,week10,WR,DeMario,Douglas,NE,NE,3600,,1,FG_week10_exportin.csv
2024,10,week10,TE,Jake,Ferguson,DAL,DAL,3600,,1,FG_week10_exportin.csv
2024,10,week10,TE,Dallas,Goedert,PHI,PHI,3600,,1,FG_week10_exportin.csv
2024,10,week10,TE,Hunter,Henry,NE,NE,3600,,1,FG_week10_exportin.csv
2024,10,week10,TE,T.J.,Hockenson,MIN,MIN,3600,,1,FG_week10_exportin.csv
2024,10,week10,TE,Cole,Kmet,CHI,CHI,3600,,1,FG_week10_exportin.csv
2024,10,week10,WR,Xavier,Legette,CAR,CAR,3600,,1,FG_week10_exportin.csv
2024,10,week10,WR,Rome,Odunze,CHI,CHI,3600,,1,FG_week10_exportin.csv
2024,10,week10,WR,Joshua,Palmer,LAC,LAC,3600,,1,FG_week10_exportin.csv
2024,10,week10,WR,Demarcus,Robinson,LAR,LA,3600,,1,FG_week10_exportin.csv
2024,10,week10,RB,Tyjae,Spears,TEN,TEN,3600,,1,FG_week10_exportin.csv
2024,10,week10,WR,Christian,Watson,GB,GB,3600,,1,FG_week10_exportin.csv
2024,10,week10,RB,Ray,Davis,BUF,BUF,3400,,1,FG_week10_exportin.csv
2024,10,week10,WR,Gabe,Davis,JAX,JAC,3400,,1,FG_week10_exportin.csv
2024,10,week10,TE,Taysom,Hill,NO,NO,3400,,1,FG_week10_exportin.csv
2024,10,week10,TE,Dalton,Kincaid,BUF,BUF,3400,,1,FG_week10_exportin.csv
2024,10,week10,WR,Ricky,Pearsall,SF,SF,3400,,1,FG_week10_exportin.csv
2024,10,week10,WR,Devaughn,Vele,DEN,DEN,3400,,1,FG_week10_exportin.csv
2024,10,week10,WR,Nick,Westbrook-Ikhine,TEN,TEN,3400,,1,FG_week10_exportin.csv
2024,10,week10,WR,Michael,Wilson,ARI,ARI,3400,,1,FG_week10_exportin.csv
2024,10,week10,WR,Gabe,Davis,JAX,JAC,3200,,1,FG_week10_exportin.csv
2024,10,week10,WR,Mike,Evans,TB,TB,3200,,1,FG_week10_exportin.csv
2024,10,week10,WR,New York,Jets,DEN,DEN,3200,,1,FG_week10_exportin.csv
2024,10,week10,WR,Ray-Ray,McCloud,ATL,ATL,3200,,1,FG_week10_exportin.csv
2024,10,week10,WR,JuJu,Smith-Schuster,KC,KC,3200,,1,FG_week10_exportin.csv
2024,10,week10,WR,Jordan,Whittington,LAR,LA,3200,,1,FG_week10_exportin.csv
2024,10,week10,WR,Dontayvion,Wicks,GB,GB,3200,,1,FG_week10_exportin.csv
2024,10,week10,TE,Zach,Ertz,WAS,WAS,3000,,1,FG_week10_exportin.csv
2024,10,week10,WR,Tre,Tucker,LV,LV,3000,,1,FG_week10_exportin.csv
2024,10,week10,RB,Jaylen,Warren,PIT,PIT,3000,,1,FG_week10_exportin.csv
2024,10,week10,WR,Michael,Wilson,ARI,ARI,3000,,1,FG_week10_exportin.csv
2024,10,week10,RB,Braelon,Allen,NYJ,NYJ,2800,,1,FG_week10_exportin.csv
2024,10,week10,WR,Tutu,Atwell,LAR,LA,2800,,1,FG_week10_exportin.csv
2024,10,week10,WR,Greg,Dortch,LV,LV,2800,,1,FG_week10_exportin.csv
2024,10,week10,WR,Troy,Franklin,DEN,DEN,2800,,1,FG_week10_exportin.csv
2024,10,week10,TE,Pat,Freiermuth,PIT,PIT,2800,,1,FG_week10_exportin.csv
2024,10,week10,RB,Roschon,Johnson,CHI,CHI,2800,,1,FG_week10_exportin.csv
2024,10,week10,TE,Juwan,Johnson,NO,NO,2800,,1,FG_week10_exportin.csv
2024,10,week10,WR,Jalen,Nailor,MIN,MIN,2800,,1,FG_week10_exportin.csv
2024,10,week10,WR,Sterling,Shepard,TB,TB,2800,,1,FG_week10_exportin.csv
2024,10,week10,WR,Calvin,Austin III,PIT,PIT,2600,,1,FG_week10_exportin.csv
2024,10,week10,WR,Kayshon,Boutte,NE,NE,2600,,1,FG_week10_exportin.csv
2024,10,week10,TE,Will,Dissly,LAC,LAC,2600,,1,FG_week10_exportin.csv
2024,10,week10,WR,Allen,Lazard,NYJ,NYJ,2600,,1,FG_week10_exportin.csv
2024,10,week10,RB,Jaleel,McLaughlin,DEN,DEN,2600,,1,FG_week10_exportin.csv
2024,10,week10,WR,Jalen,McMillan,TB,TB,2600,,1,FG_week10_exportin.csv
2024,10,week10,WR,Trey,Palmer,TB,TB,2600,,1,FG_week10_exportin.csv
2024,10,week10,WR,Alec,Pierce,IND,IND,2600,,1,FG_week10_exportin.csv
2024,10,week10,WR,Kalif,Raymond,DET,DET,2600,,1,FG_week10_exportin.csv
2024,10,week10,WR,Xavier,Weaver,DEN,DEN,2600,,1,FG_week10_exportin.csv
2024,10,week10,RB,Cam,Akers,MIN,MIN,2400,,1,FG_week10_exportin.csv
2024,10,week10,WR,Kendrick,Bourne,NE,NE,2400,,1,FG_week10_exportin.csv
2024,10,week10,WR,DJ,Chark Jr.,LAC,LAC,2400,,1,FG_week10_exportin.csv
2024,10,week10,TE,Tyler,Conklin,NYJ,NYJ,2400,,1,FG_week10_exportin.csv
2024,10,week10,WR,Greg,Dortch,ARI,ARI,2400,,1,FG_week10_exportin.csv
2024,10,week10,WR,Troy,Franklin,DEN,DEN,2400,,1,FG_week10_exportin.csv
2024,10,week10,WR,Elijah,Higgins,CIN,CIN,2400,,1,FG_week10_exportin.csv
2024,10,week10,WR,Zay,Jones,ARI,ARI,2400,,1,FG_week10_exportin.csv
2024,10,week10,WR,Zach,Pascal,LV,LV,2400,,1,FG_week10_exportin.csv
2024,10,week10,WR,Tim,Patrick,DET,DET,2400,,1,FG_week10_exportin.csv
2024,10,week10,RB,Sean,Tucker,TB,TB,2400,,1,FG_week10_exportin.csv
2024,10,week10,WR,Parker,Washington,JAX,JAC,2400,,1,FG_week10_exportin.csv
2024,10,week10,WR,Jameson,Williams,DET,DET,2400,,1,FG_week10_exportin.csv
2024,10,week10,RB,Israel,Abanikanda,NYJ,NYJ,2200,,1,FG_week10_exportin.csv
2024,10,week10,TE,Nate,Adkins,DEN,DEN,2200,,1,FG_week10_exportin.csv
2024,10,week10,TE,Mo,Alie-Cox,IND,IND,2200,,1,FG_week10_exportin.csv
2024,10,week10,WR,Alex,Bachman,LV,LV,2200,,1,FG_week10_exportin.csv
2024,10,week10,WR,Javon,Baker,NE,NE,2200,,1,FG_week10_exportin.csv
2024,10,week10,TE,John,Bates,WAS,WAS,2200,,1,FG_week10_exportin.csv
2024,10,week10,TE,Jaheim,Bell,NE,NE,2200,,1,FG_week10_exportin.csv
2024,10,week10,WR,Ronnie,Bell,SF,SF,2200,,1,FG_week10_exportin.csv
2024,10,week10,RB,Trey,Benson,ARI,ARI,2200,,1,FG_week10_exportin.csv
2024,10,week10,WR,Trey,Benson,DEN,DEN,2200,,1,FG_week10_exportin.csv
2024,10,week10,WR,Jake,Bobo,SEA,SEA,2200,,1,FG_week10_exportin.csv
2024,10,week10,WR,Tyler,Boyd,TEN,TEN,2200,,1,FG_week10_exportin.csv
2024,10,week10,WR,Jalen,Brooks,DAL,DAL,2200,,1,FG_week10_exportin.csv
2024,10,week10,WR,Dyami,Brown,WAS,WAS,2200,,1,FG_week10_exportin.csv
2024,10,week10,RB,Robert,Burns,ATL,ATL,2200,,1,FG_week10_exportin.csv
2024,10,week10,RB,Michael,Burton,DEN,DEN,2200,,1,FG_week10_exportin.csv
2024,10,week10,TE,Grant,Calcaterra,PHI,PHI,2200,,1,FG_week10_exportin.csv
2024,10,week10,WR,Arizona,Cardinals,BAL,BAL,2200,,1,FG_week10_exportin.csv
2024,10,week10,WR,DeAndre,Carter,CHI,CHI,2200,,1,FG_week10_exportin.csv
2024,10,week10,WR,DeAndre,Carter,CHI,CHI,2200,,1,FG_week10_exportin.csv
2024,10,week10,RB,Ty,Chandler,MIN,MIN,2200,,1,FG_week10_exportin.csv
2024,10,week10,WR,Irvin,Charles,NYJ,NYJ,2200,,1,FG_week10_exportin.csv
2024,10,week10,RB,Julius,Chestnut,TEN,TEN,2200,,1,FG_week10_exportin.csv
2024,10,week10,WR,Jalen,Coker,CAR,CAR,2200,,1,FG_week10_exportin.csv
2024,10,week10,WR,Chris,Conley,SF,SF,2200,,1,FG_week10_exportin.csv
2024,10,week10,RB,Dalvin,Cook,DAL,DAL,2200,,1,FG_week10_exportin.csv
2024,10,week10,WR,Elijah,Cooks,JAX,JAC,2200,,1,FG_week10_exportin.csv
2024,10,week10,WR,Malachi,Corley,NYJ,NYJ,2200,,1,FG_week10_exportin.csv
2024,10,week10,WR,Jacob,Cowing,SF,SF,2200,,1,FG_week10_exportin.csv
2024,10,week10,TE,Devin,Culp,TB,TB,2200,,1,FG_week10_exportin.csv
2024,10,week10,RB,DeeJay,Dallas,ARI,ARI,2200,,1,FG_week10_exportin.csv
2024,10,week10,WR,DeeJay,Dallas,CIN,CIN,2200,,1,FG_week10_exportin.csv
2024,10,week10,RB,Isaiah,Davis,NYJ,NYJ,2200,,1,FG_week10_exportin.csv
2024,10,week10,WR,Derius,Davis,LAC,LAC,2200,,1,FG_week10_exportin.csv
2024,10,week10,WR,Isaiah,Davis,TEN,TEN,2200,,1,FG_week10_exportin.csv
2024,10,week10,TE,Josiah,Deguara,JAX,JAC,2200,,1,FG_week10_exportin.csv
2024,10,week10,RB,Emari,Demercado,ARI,ARI,2200,,1,FG_week10_exportin.csv
2024,10,week10,WR,Emari,Demercado,CIN,CIN,2200,,1,FG_week10_exportin.csv
2024,10,week10,WR,Greg,Dortch,ARI,ARI,2200,,1,FG_week10_exportin.csv
2024,10,week10,WR,Jahan,Dotson,PHI,PHI,2200,,1,FG_week10_exportin.csv
2024,10,week10,WR,Jahan,Dotson,PHI,PHI,2200,,1,FG_week10_exportin.csv
2024,10,week10,WR,Colton,Dowell,TEN,TEN,2200,,1,FG_week10_exportin.csv
2024,10,week10,TE,Greg,Dulcich,DEN,DEN,2200,,1,FG_week10_exportin.csv
2024,10,week10,WR,Ashton,Dulin,IND,IND,2200,,1,FG_week10_exportin.csv
2024,10,week10,TE,Payne,Durham,TB,TB,2200,,1,FG_week10_exportin.csv
2024,10,week10,TE,Ross,Dwelley,ATL,ATL,2200,,1,FG_week10_exportin.csv
2024,10,week10,RB,Clyde,Edwards-Helaire,KC,KC,2200,,1,FG_week10_exportin.csv
2024,10,week10,RB,Ezekiel,Elliott,DAL,DAL,2200,,1,FG_week10_exportin.csv
2024,10,week10,RB,Audric,Estime,DEN,DEN,2200,,1,FG_week10_exportin.csv
2024,10,week10,TE,Gerald,Everett,CHI,CHI,2200,,1,FG_week10_exportin.csv
2024,10,week10,TE,Luke,Farrell,JAX,JAC,2200,,1,FG_week10_exportin.csv
2024,10,week10,WR,Simi,Fehoko,LAC,LAC,2200,,1,FG_week10_exportin.csv
2024,10,week10,WR,Ryan,Flournoy,DAL,DAL,2200,,1,FG_week10_exportin.csv
2024,10,week10,RB,Kenneth,Gainwell,PHI,PHI,2200,,1,FG_week10_exportin.csv
2024,10,week10,RB,Antonio,Gibson,NE,NE,2200,,1,FG_week10_exportin.csv
2024,10,week10,RB,Reggie,Gilliam,BUF,BUF,2200,,1,FG_week10_exportin.csv
2024,10,week10,WR,Xavier,Gipson,NYJ,NYJ,2200,,1,FG_week10_exportin.csv
2024,10,week10,RB,Tyler,Goodson,IND,IND,2200,,1,FG_week10_exportin.csv
2024,10,week10,WR,Anthony,Gould,IND,IND,2200,,1,FG_week10_exportin.csv
2024,10,week10,TE,Kylen,Granson,IND,IND,2200,,1,FG_week10_exportin.csv
2024,10,week10,TE,Noah,Gray,KC,KC,2200,,1,FG_week10_exportin.csv
2024,10,week10,RB,Isaac,Guerendo,SF,SF,2200,,1,FG_week10_exportin.csv
2024,10,week10,RB,C.J.,Ham,MIN,MIN,2200,,1,FG_week10_exportin.csv
2024,10,week10,WR,Mecole,Hardman,KC,KC,2200,,1,FG_week10_exportin.csv
2024,10,week10,WR,Mecole,Hardman,KC,KC,2200,,1,FG_week10_exportin.csv
2024,10,week10,RB,Hassan,Haskins,LAC,LAC,2200,,1,FG_week10_exportin.csv
2024,10,week10,RB,JaMycal,Hasty,NE,NE,2200,,1,FG_week10_exportin.csv
2024,10,week10,WR,Malik,Heath,GB,GB,2200,,1,FG_week10_exportin.csv
2024,10,week10,TE,Peyton,Hendershot,KC,KC,2200,,1,FG_week10_exportin.csv
2024,10,week10,RB,Khalil,Herbert,CIN,CIN,2200,,1,FG_week10_exportin.csv
2024,10,week10,TE,Connor,Heyward,PIT,PIT,2200,,1,FG_week10_exportin.csv
2024,10,week10,TE,Elijah,Higgins,ARI,ARI,2200,,1,FG_week10_exportin.csv
2024,10,week10,WR,KhaDarel,Hodge,ATL,ATL,2200,,1,FG_week10_exportin.csv
2024,10,week10,TE,Dallin,Holker,NO,NO,2200,,1,FG_week10_exportin.csv
2024,10,week10,WR,Mack,Hollins,BUF,BUF,2200,,1,FG_week10_exportin.csv
2024,10,week10,RB,Travis,Homer,CHI,CHI,2200,,1,FG_week10_exportin.csv
2024,10,week10,TE,Austin,Hooper,NE,NE,2200,,1,FG_week10_exportin.csv
2024,10,week10,WR,Lil'Jordan,Humphrey,DEN,DEN,2200,,1,FG_week10_exportin.csv
2024,10,week10,WR,Lil'Jordan,Humphrey,DEN,DEN,2200,,1,FG_week10_exportin.csv
2024,10,week10,TE,Hayden,Hurst,LAC,LAC,2200,,1,FG_week10_exportin.csv
2024,10,week10,WR,Jha'Quan,Jackson,TEN,TEN,2200,,1,FG_week10_exportin.csv
2024,10,week10,WR,Jermaine,Jackson,NO,NO,2200,,1,FG_week10_exportin.csv
2024,10,week10,WR,Rakim,Jarrett,TB,TB,2200,,1,FG_week10_exportin.csv
2024,10,week10,WR,Van,Jefferson,PIT,PIT,2200,,1,FG_week10_exportin.csv
2024,10,week10,TE,E.J.,Jenkins,PHI,PHI,2200,,1,FG_week10_exportin.csv
2024,10,week10,RB,Ty,Johnson,BUF,BUF,2200,,1,FG_week10_exportin.csv
2024,10,week10,RB,D'Ernest,Johnson,JAX,JAC,2200,,1,FG_week10_exportin.csv
2024,10,week10,WR,Tyler,Johnson,LAR,LA,2200,,1,FG_week10_exportin.csv
2024,10,week10,WR,Zay,Jones,ARI,ARI,2200,,1,FG_week10_exportin.csv
2024,10,week10,WR,Tim,Jones,JAX,JAC,2200,,1,FG_week10_exportin.csv
2024,10,week10,WR,Zay,Jones,TEN,TEN,2200,,1,FG_week10_exportin.csv
2024,10,week10,WR,Tim,Jones,JAX,JAC,2200,,1,FG_week10_exportin.csv
2024,10,week10,RB,Kyle,Juszczyk,SF,SF,2200,,1,FG_week10_exportin.csv
2024,10,week10,RB,Joshua,Kelley,TEN,TEN,2200,,1,FG_week10_exportin.csv
2024,10,week10,TE,Ko,Kieft,TB,TB,2200,,1,FG_week10_exportin.csv
2024,10,week10,WR,Christian,Kirk,JAX,JAC,2200,,1,FG_week10_exportin.csv
2024,10,week10,WR,Christian,Kirk,JAX,JAC,2200,,1,FG_week10_exportin.csv
2024,10,week10,TE,Dawson,Knox,BUF,BUF,2200,,1,FG_week10_exportin.csv
2024,10,week10,TE,Lucas,Krull,DEN,DEN,2200,,1,FG_week10_exportin.csv
2024,10,week10,TE,Marcedes,Lewis,CHI,CHI,2200,,1,FG_week10_exportin.csv
2024,10,week10,RB,Hunter,Luepke,DAL,DAL,2200,,1,FG_week10_exportin.csv
2024,10,week10,TE,Will,Mallory,IND,IND,2200,,1,FG_week10_exportin.csv
2024,10,week10,TE,David,Martin-Robinson,TEN,TEN,2200,,1,FG_week10_exportin.csv
2024,10,week10,RB,Scott,Matlock,LAC,LAC,2200,,1,FG_week10_exportin.csv
2024,10,week10,WR,Tyreik,McAllister,LV,LV,2200,,1,FG_week10_exportin.csv
2024,10,week10,WR,Luke,McCaffrey,WAS,WAS,2200,,1,FG_week10_exportin.csv
2024,10,week10,RB,Jase,McClellan,ATL,ATL,2200,,1,FG_week10_exportin.csv
2024,10,week10,RB,Jeremy,McNichols,WAS,WAS,2200,,1,FG_week10_exportin.csv
2024,10,week10,WR,Bub,Means,NO,NO,2200,,1,FG_week10_exportin.csv
2024,10,week10,WR,Bo,Melton,GB,GB,2200,,1,FG_week10_exportin.csv
2024,10,week10,RB,Kendre,Miller,NO,NO,2200,,1,FG_week10_exportin.csv
2024,10,week10,WR,Scotty,Miller,PIT,PIT,2200,,1,FG_week10_exportin.csv
2024,10,week10,WR,Ryan,Miller,TB,TB,2200,,1,FG_week10_exportin.csv
2024,10,week10,RB,Jordan,Mims,NO,NO,2200,,1,FG_week10_exportin.csv
2024,10,week10,WR,Marvin,Mims Jr.,DEN,DEN,2200,,1,FG_week10_exportin.csv
2024,10,week10,WR,Marvin,Mims Jr.,DEN,DEN,2200,,1,FG_week10_exportin.csv
2024,10,week10,WR,Jonathan,Mingo,CAR,CAR,2200,,1,FG_week10_exportin.csv
2024,10,week10,WR,Adonai,Mitchell,IND,IND,2200,,1,FG_week10_exportin.csv
2024,10,week10,WR,Skyy,Moore,KC,KC,2200,,1,FG_week10_exportin.csv
2024,10,week10,WR,David,Moore,CAR,CAR,2200,,1,FG_week10_exportin.csv
2024,10,week10,TE,Foster,Moreau,NO,NO,2200,,1,FG_week10_exportin.csv
2024,10,week10,TE,Quintin,Morris,BUF,BUF,2200,,1,FG_week10_exportin.csv
2024,10,week10,TE,Johnny,Mundt,MIN,MIN,2200,,1,FG_week10_exportin.csv
2024,10,week10,WR,Kyler,Murray,LV,LV,2200,,1,FG_week10_exportin.csv
2024,10,week10,TE,Drew,Ogletree,IND,IND,2200,,1,FG_week10_exportin.csv
2024,10,week10,TE,Chig,Okonkwo,TEN,TEN,2200,,1,FG_week10_exportin.csv
2024,10,week10,TE,Albert,Okwuegbunam Jr.,PHI,PHI,2200,,1,FG_week10_exportin.csv
2024,10,week10,TE,Josh,Oliver,MIN,MIN,2200,,1,FG_week10_exportin.csv
2024,10,week10,WR,Bryce,Oliver,TEN,TEN,2200,,1,FG_week10_exportin.csv
2024,10,week10,WR,K.J.,Osborn,NE,NE,2200,,1,FG_week10_exportin.csv
2024,10,week10,WR,Zach,Pascal,ARI,ARI,2200,,1,FG_week10_exportin.csv
2024,10,week10,WR,Zach,Pascal,ARI,ARI,2200,,1,FG_week10_exportin.csv
2024,10,week10,RB,Cordarrelle,Patterson,PIT,PIT,2200,,1,FG_week10_exportin.csv
2024,10,week10,RB,Samaje,Perine,KC,KC,2200,,1,FG_week10_exportin.csv
2024,10,week10,WR,Ja'Lynn,Polk,NE,NE,2200,,1,FG_week10_exportin.csv
2024,10,week10,WR,Brandon,Powell,MIN,MIN,2200,,1,FG_week10_exportin.csv
2024,10,week10,RB,Adam,Prentice,NO,NO,2200,,1,FG_week10_exportin.csv
2024,10,week10,TE,MyCole,Pruitt,PIT,PIT,2200,,1,FG_week10_exportin.csv
2024,10,week10,WR,Jalen,Reagor,LAC,LAC,2200,,1,FG_week10_exportin.csv
2024,10,week10,TE,Tip,Reiman,ARI,ARI,2200,,1,FG_week10_exportin.csv
2024,10,week10,WR,Tip,Reiman,DEN,DEN,2200,,1,FG_week10_exportin.csv
2024,10,week10,WR,Brenden,Rice,LAC,LAC,2200,,1,FG_week10_exportin.csv
2024,10,week10,RB,Keilan,Robinson,JAX,JAC,2200,,1,FG_week10_exportin.csv
2024,10,week10,WR,Allen,Robinson,DET,DET,2200,,1,FG_week10_exportin.csv
2024,10,week10,RB,Chris,Rodriguez Jr.,WAS,WAS,2200,,1,FG_week10_exportin.csv
2024,10,week10,TE,Jeremy,Ruckert,NYJ,NYJ,2200,,1,FG_week10_exportin.csv
2024,10,week10,WR,Curtis,Samuel,BUF,BUF,2200,,1,FG_week10_exportin.csv
2024,10,week10,TE,Eric,Saubert,SF,SF,2200,,1,FG_week10_exportin.csv
2024,10,week10,TE,Luke,Schoonmaker,DAL,DAL,2200,,1,FG_week10_exportin.csv
2024,10,week10,WR,Tyler,Scott,CHI,CHI,2200,,1,FG_week10_exportin.csv
2024,10,week10,WR,Tyler,Scott,CHI,CHI,2200,,1,FG_week10_exportin.csv
2024,10,week10,RB,Trey,Sermon,IND,IND,2200,,1,FG_week10_exportin.csv
2024,10,week10,WR,Laviska,Shenault Jr.,SEA,SEA,2200,,1,FG_week10_exportin.csv
2024,10,week10,WR,Trent,Sherfield Sr.,MIN,MIN,2200,,1,FG_week10_exportin.csv
2024,10,week10,RB,Will,Shipley,PHI,PHI,2200,,1,FG_week10_exportin.csv
2024,10,week10,TE,Ben,Sinnott,WAS,WAS,2200,,1,FG_week10_exportin.csv
2024,10,week10,TE,Stone,Smartt,LAC,LAC,2200,,1,FG_week10_exportin.csv
2024,10,week10,WR,Ainias,Smith,PHI,PHI,2200,,1,FG_week10_exportin.csv
2024,10,week10,WR,Xavier,Smith,LAR,LA,2200,,1,FG_week10_exportin.csv
2024,10,week10,WR,Ainias,Smith,PHI,PHI,2200,,1,FG_week10_exportin.csv
2024,10,week10,TE,Brevyn,Spann-Ford,DAL,DAL,2200,,1,FG_week10_exportin.csv
2024,10,week10,RB,Carson,Steele,KC,KC,2200,,1,FG_week10_exportin.csv
2024,10,week10,TE,Jack,Stoll,PHI,PHI,2200,,1,FG_week10_exportin.csv
2024,10,week10,TE,Brenton,Strange,JAX,JAC,2200,,1,FG_week10_exportin.csv
2024,10,week10,RB,Patrick,Taylor Jr.,SF,SF,2200,,1,FG_week10_exportin.csv
2024,10,week10,WR,Tyquan,Thornton,NE,NE,2200,,1,FG_week10_exportin.csv
2024,10,week10,WR,Mason,Tipton,NO,NO,2200,,1,FG_week10_exportin.csv
2024,10,week10,TE,Eric,Tomlinson,LAC,LAC,2200,,1,FG_week10_exportin.csv
2024,10,week10,TE,Jake,Tonges,SF,SF,2200,,1,FG_week10_exportin.csv
2024,10,week10,WR,Austin,Trammell,JAX,JAC,2200,,1,FG_week10_exportin.csv
2024,10,week10,TE,Adam,Trautman,DEN,DEN,2200,,1,FG_week10_exportin.csv
2024,10,week10,WR,Clayton,Tune,CIN,CIN,2200,,1,FG_week10_exportin.csv
2024,10,week10,WR,DJ,Turner,LV,LV,2200,,1,FG_week10_exportin.csv
2024,10,week10,WR,KaVontae,Turpin,DAL,DAL,2200,,1,FG_week10_exportin.csv
2024,10,week10,WR,Marquez,Valdes-Scantling,NO,NO,2200,,1,FG_week10_exportin.csv
2024,10,week10,TE,Nick,Vannett,TEN,TEN,2200,,1,FG_week10_exportin.csv
2024,10,week10,RB,Deuce,Vaughn,DAL,DAL,2200,,1,FG_week10_exportin.csv
2024,10,week10,WR,Devaughn,Vele,DEN,DEN,2200,,1,FG_week10_exportin.csv
2024,10,week10,RB,Kimani,Vidal,LAC,LAC,2200,,1,FG_week10_exportin.csv
2024,10,week10,WR,Jalen,Virgil,BUF,BUF,2200,,1,FG_week10_exportin.csv
2024,10,week10,TE,Travis,Vokolek,ARI,ARI,2200,,1,FG_week10_exportin.csv
2024,10,week10,WR,Travis,Vokolek,LV,LV,2200,,1,FG_week10_exportin.csv
2024,10,week10,WR,Devontez,Walker,BAL,BAL,2200,,1,FG_week10_exportin.csv
2024,10,week10,WR,Tylan,Wallace,BAL,BAL,2200,,1,FG_week10_exportin.csv
2024,10,week10,RB,Jonathan,Ward,PIT,PIT,2200,,1,FG_week10_exportin.csv
2024,10,week10,TE,Darnell,Washington,PIT,PIT,2200,,1,FG_week10_exportin.csv
2024,10,week10,WR,Casey,Washington,ATL,ATL,2200,,1,FG_week10_exportin.csv
2024,10,week10,WR,Parker,Washington,JAX,JAC,2200,,1,FG_week10_exportin.csv
2024,10,week10,WR,Justin,Watson,KC,KC,2200,,1,FG_week10_exportin.csv
2024,10,week10,WR,Xavier,Weaver,ARI,ARI,2200,,1,FG_week10_exportin.csv
2024,10,week10,WR,Xavier,Weaver,ARI,ARI,2200,,1,FG_week10_exportin.csv
2024,10,week10,TE,Josh,Whyle,TEN,TEN,2200,,1,FG_week10_exportin.csv
2024,10,week10,TE,Jared,Wiley,KC,KC,2200,,1,FG_week10_exportin.csv
2024,10,week10,RB,Jamaal,Williams,NO,NO,2200,,1,FG_week10_exportin.csv
2024,10,week10,RB,Avery,Williams,ATL,ATL,2200,,1,FG_week10_exportin.csv
2024,10,week10,TE,Rodney,Williams,PIT,PIT,2200,,1,FG_week10_exportin.csv
2024,10,week10,WR,Mike,Williams,PIT,PIT,2200,,1,FG_week10_exportin.csv
2024,10,week10,WR,Isaiah,Williams,DET,DET,2200,,1,FG_week10_exportin.csv
2024,10,week10,TE,Brayden,Willis,SF,SF,2200,,1,FG_week10_exportin.csv
2024,10,week10,WR,Johnny,Wilson,PHI,PHI,2200,,1,FG_week10_exportin.csv
2024,10,week10,WR,Johnny,Wilson,PHI,PHI,2200,,1,FG_week10_exportin.csv
2024,10,week10,WR,Cedrick,Wilson Jr.,NO,NO,2200,,1,FG_week10_exportin.csv
2024,10,week10,TE,Charlie,Woerner,ATL,ATL,2200,,1,FG_week10_exportin.csv
2024,10,week10,TE,Colson,Yankoff,WAS,WAS,2200,,1,FG_week10_exportin.csv
2024,10,week10,TE,Kenny,Yeboah,NYJ,NYJ,2200,,1,FG_week10_exportin.csv
2024,10,week10,WR,Dareke,Young,SEA,SEA,2200,,1,FG_week10_exportin.csv
2024,10,week10,WR,Olamide,Zaccheaus,WAS,WAS,2200,,1,FG_week10_exportin.csv
2024,11,week11,WR,Ja'Marr,Chase,CIN,CIN,8400,CIN@LAC,1,FG_week11_exportin.csv
2024,11,week11,RB,Derrick,Henry,BAL,BAL,8200,BAL@PIT,1,FG_week11_exportin.csv
2024,11,week11,QB,Lamar,Jackson,BAL,BAL,8000,BAL@PIT,1,FG_week11_exportin.csv
2024,11,week11,RB,Saquon,Barkley,PHI,PHI,7800,WAS@PHI,1,FG_week11_exportin.csv
2024,11,week11,WR,Nico,Collins,HOU,HOU,7800,HOU@DAL,1,FG_week11_exportin.csv
2024,11,week11,QB,Jalen,Hurts,PHI,PHI,7800,WAS@PHI,1,FG_week11_exportin.csv
2024,11,week11,RB,Joe,Mixon,HOU,HOU,7400,HOU@DAL,1,FG_week11_exportin.csv
2024,11,week11,RB,Bijan,Robinson,ATL,ATL,7200,ATL@DEN,1,FG_week11_exportin.csv
2024,11,week11,QB,Josh,Allen,BUF,BUF,7000,KC@BUF,1,FG_week11_exportin.csv
2024,11,week11,RB,Christian,McCaffrey,SF,SF,7000,SEA@SF,1,FG_week11_exportin.csv
2024,11,week11,RB,Jahmyr,Gibbs,DET,DET,6800,JAC@DET,1,FG_week11_exportin.csv
2024,11,week11,WR,Justin,Jefferson,MIN,MIN,6800,MIN@TEN,1,FG_week11_exportin.csv
2024,11,week11,RB,Alvin,Kamara,NO,NO,6800,CLE@NO,1,FG_week11_exportin.csv
2024,11,week11,QB,Joe,Burrow,CIN,CIN,6600,CIN@LAC,1,FG_week11_exportin.csv
2024,11,week11,QB,Brock,Purdy,SF,SF,6600,SEA@SF,1,FG_week11_exportin.csv
2024,11,week11,WR,Amon-Ra,St. Brown,DET,DET,6600,JAC@DET,1,FG_week11_exportin.csv
2024,11,week11,RB,Kyren,Williams,LAR,LA,6600,LA@NE,1,FG_week11_exportin.csv
2024,11,week11,RB,De'Von,Achane,MIA,MIA,6400,LV@MIA,1,FG_week11_exportin.csv
2024,11,week11,QB,Jayden,Daniels,WAS,WAS,6400,WAS@PHI,1,FG_week11_exportin.csv
2024,11,week11,WR,Cooper,Kupp,LAR,LA,6400,LA@NE,1,FG_week11_exportin.csv
2024,11,week11,WR,CeeDee,Lamb,DAL,DAL,6400,HOU@DAL,1,FG_week11_exportin.csv
2024,11,week11,WR,A.J.,Brown,PHI,PHI,6200,WAS@PHI,1,FG_week11_exportin.csv
2024,11,week11,WR,Terry,McLaurin,WAS,WAS,6200,WAS@PHI,1,FG_week11_exportin.csv
2024,11,week11,RB,Jonathan,Taylor,IND,IND,6200,IND@NYJ,1,FG_week11_exportin.csv
2024,11,week11,QB,Russell,Wilson,PIT,PIT,6200,BAL@PIT,1,FG_week11_exportin.csv
2024,11,week11,QB,Joe,Flacco,IND,IND,6000,IND@NYJ,1,FG_week11_exportin.csv
2024,11,week11,WR,Tee,Higgins,CIN,CIN,6000,CIN@LAC,1,FG_week11_exportin.csv
2024,11,week11,WR,Drake,London,ATL,ATL,6000,ATL@DEN,1,FG_week11_exportin.csv
2024,11,week11,QB,Bo,Nix,DEN,DEN,6000,ATL@DEN,1,FG_week11_exportin.csv
2024,11,week11,RB,Kenneth,Walker III,SEA,SEA,6000,SEA@SF,1,FG_week11_exportin.csv
2024,11,week11,WR,Garrett,Wilson,NYJ,NYJ,6000,IND@NYJ,1,FG_week11_exportin.csv
2024,11,week11,QB,Justin,Herbert,LAC,LAC,5800,CIN@LAC,1,FG_week11_exportin.csv
2024,11,week11,RB,Kareem,Hunt,KC,KC,5800,KC@BUF,1,FG_week11_exportin.csv
2024,11,week11,RB,Josh,Jacobs,GB,GB,5800,GB@CHI,1,FG_week11_exportin.csv
2024,11,week11,TE,George,Kittle,SF,SF,5800,SEA@SF,1,FG_week11_exportin.csv
2024,11,week11,QB,Jordan,Love,GB,GB,5800,GB@CHI,1,FG_week11_exportin.csv
2024,11,week11,QB,Patrick,Mahomes,KC,KC,5800,KC@BUF,1,FG_week11_exportin.csv
2024,11,week11,WR,Puka,Nacua,LAR,LA,5800,LA@NE,1,FG_week11_exportin.csv
2024,11,week11,RB,James,Cook,BUF,BUF,5600,KC@BUF,1,FG_week11_exportin.csv
2024,11,week11,QB,Sam,Darnold,MIN,MIN,5600,MIN@TEN,1,FG_week11_exportin.csv
2024,11,week11,WR,Zay,Flowers,BAL,BAL,5600,BAL@PIT,1,FG_week11_exportin.csv
2024,11,week11,RB,Breece,Hall,NYJ,NYJ,5600,IND@NYJ,1,FG_week11_exportin.csv
2024,11,week11,QB,Trevor,Lawrence,JAX,JAC,5600,JAC@DET,1,FG_week11_exportin.csv
2024,11,week11,WR,DK,Metcalf,SEA,SEA,5600,SEA@SF,1,FG_week11_exportin.csv
2024,11,week11,WR,George,Pickens,PIT,PIT,5600,BAL@PIT,1,FG_week11_exportin.csv
2024,11,week11,QB,Geno,Smith,SEA,SEA,5600,SEA@SF,1,FG_week11_exportin.csv
2024,11,week11,QB,Jameis,Winston,CLE,CLE,5600,CLE@NO,1,FG_week11_exportin.csv
2024,11,week11,QB,Kirk,Cousins,ATL,ATL,5400,ATL@DEN,1,FG_week11_exportin.csv
2024,11,week11,RB,Aaron,Jones,MIN,MIN,5400,MIN@TEN,1,FG_week11_exportin.csv
2024,11,week11,WR,Jakobi,Meyers,LV,LV,5400,LV@MIA,1,FG_week11_exportin.csv
2024,11,week11,RB,David,Montgomery,DET,DET,5400,JAC@DET,1,FG_week11_exportin.csv
2024,11,week11,WR,Darnell,Mooney,ATL,ATL,5400,ATL@DEN,1,FG_week11_exportin.csv
2024,11,week11,WR,Deebo,Samuel Sr.,SF,SF,5400,SEA@SF,1,FG_week11_exportin.csv
2024,11,week11,RB,J.K.,Dobbins,LAC,LAC,5200,CIN@LAC,1,FG_week11_exportin.csv
2024,11,week11,QB,Jared,Goff,DET,DET,5200,JAC@DET,1,FG_week11_exportin.csv
2024,11,week11,WR,Tyreek,Hill,MIA,MIA,5200,LV@MIA,1,FG_week11_exportin.csv
2024,11,week11,WR,Ladd,McConkey,LAC,LAC,5200,CIN@LAC,1,FG_week11_exportin.csv
2024,11,week11,WR,Calvin,Ridley,TEN,TEN,5200,MIN@TEN,1,FG_week11_exportin.csv
2024,11,week11,WR,DeVonta,Smith,PHI,PHI,5200,WAS@PHI,1,FG_week11_exportin.csv
2024,11,week11,WR,Courtland,Sutton,DEN,DEN,5200,ATL@DEN,1,FG_week11_exportin.csv
2024,11,week11,QB,Tua,Tagovailoa,MIA,MIA,5200,LV@MIA,1,FG_week11_exportin.csv
2024,11,week11,WR,Brian,Thomas Jr.,JAX,JAC,5200,JAC@DET,1,FG_week11_exportin.csv
2024,11,week11,WR,Davante,Adams,NYJ,NYJ,5000,IND@NYJ,1,FG_week11_exportin.csv
2024,11,week11,RB,Chase,Brown,CIN,CIN,5000,CIN@LAC,1,FG_week11_exportin.csv
2024,11,week11,QB,Derek,Carr,NO,NO,5000,CLE@NO,1,FG_week11_exportin.csv
2024,11,week11,WR,Josh,Downs,IND,IND,5000,IND@NYJ,1,FG_week11_exportin.csv
2024,11,week11,TE,Travis,Kelce,KC,KC,5000,KC@BUF,1,FG_week11_exportin.csv
2024,11,week11,QB,Drake,Maye,NE,NE,5000,LA@NE,1,FG_week11_exportin.csv
2024,11,week11,WR,Jayden,Reed,GB,GB,5000,GB@CHI,1,FG_week11_exportin.csv
2024,11,week11,WR,Khalil,Shakir,BUF,BUF,5000,KC@BUF,1,FG_week11_exportin.csv
2024,11,week11,WR,Jaxon,Smith-Njigba,SEA,SEA,5000,SEA@SF,1,FG_week11_exportin.csv
2024,11,week11,QB,Matthew,Stafford,LAR,LA,5000,LA@NE,1,FG_week11_exportin.csv
2024,11,week11,TE,Brock,Bowers,LV,LV,4800,LV@MIA,1,FG_week11_exportin.csv
2024,11,week11,WR,Amari,Cooper,BUF,BUF,4800,KC@BUF,1,FG_week11_exportin.csv
2024,11,week11,RB,Najee,Harris,PIT,PIT,4800,BAL@PIT,1,FG_week11_exportin.csv
2024,11,week11,RB,Brian,Robinson Jr.,WAS,WAS,4800,WAS@PHI,1,FG_week11_exportin.csv
2024,11,week11,QB,C.J.,Stroud,HOU,HOU,4800,HOU@DAL,1,FG_week11_exportin.csv
2024,11,week11,RB,D'Andre,Swift,CHI,CHI,4800,GB@CHI,1,FG_week11_exportin.csv
2024,11,week11,WR,Cedric,Tillman,CLE,CLE,4800,CLE@NO,1,FG_week11_exportin.csv
2024,11,week11,QB,Caleb,Williams,CHI,CHI,4800,GB@CHI,1,FG_week11_exportin.csv
2024,11,week11,WR,Tank,Dell,HOU,HOU,4600,HOU@DAL,1,FG_week11_exportin.csv
2024,11,week11,WR,Romeo,Doubs,GB,GB,4600,GB@CHI,1,FG_week11_exportin.csv
2024,11,week11,WR,DeAndre,Hopkins,KC,KC,4600,KC@BUF,1,FG_week11_exportin.csv
2024,11,week11,QB,Aaron,Rodgers,NYJ,NYJ,4600,IND@NYJ,1,FG_week11_exportin.csv
2024,11,week11,RB,Rhamondre,Stevenson,NE,NE,4600,LA@NE,1,FG_week11_exportin.csv
2024,11,week11,QB,Justin,Fields,PIT,PIT,4400,BAL@PIT,1,FG_week11_exportin.csv
2024,11,week11,WR,Jauan,Jennings,SF,SF,4400,SEA@SF,1,FG_week11_exportin.csv
2024,11,week11,TE,David,Njoku,CLE,CLE,4400,CLE@NO,1,FG_week11_exportin.csv
2024,11,week11,RB,Tony,Pollard,TEN,TEN,4400,MIN@TEN,1,FG_week11_exportin.csv
2024,11,week11,WR,Demarcus,Robinson,LAR,LA,4400,LA@NE,1,FG_week11_exportin.csv
2024,11,week11,WR,Jameson,Williams,DET,DET,4400,JAC@DET,1,FG_week11_exportin.csv
2024,11,week11,QB,Kyle,Allen,PIT,PIT,4200,BAL@PIT,1,FG_week11_exportin.csv
2024,11,week11,QB,Brandon,Allen,SF,SF,4200,SEA@SF,1,FG_week11_exportin.csv
2024,11,week11,QB,Tyson,Bagent,CHI,CHI,4200,GB@CHI,1,FG_week11_exportin.csv
2024,11,week11,QB,C.J.,Beathard,JAX,JAC,4200,JAC@DET,1,FG_week11_exportin.csv
2024,11,week11,QB,Stetson,Bennett,LAR,LA,4200,LA@NE,1,FG_week11_exportin.csv
2024,11,week11,QB,Jacoby,Brissett,NE,NE,4200,LA@NE,1,FG_week11_exportin.csv
2024,11,week11,QB,Jake,Browning,CIN,CIN,4200,CIN@LAC,1,FG_week11_exportin.csv
2024,11,week11,WR,Keon,Coleman,BUF,BUF,4200,KC@BUF,1,FG_week11_exportin.csv
2024,11,week11,QB,Joshua,Dobbs,SF,SF,4200,SEA@SF,1,FG_week11_exportin.csv
2024,11,week11,RB,Rico,Dowdle,DAL,DAL,4200,HOU@DAL,1,FG_week11_exportin.csv
2024,11,week11,QB,Jeff,Driskel,WAS,WAS,4200,WAS@PHI,1,FG_week11_exportin.csv
2024,11,week11,QB,Sam,Ehlinger,IND,IND,4200,IND@NYJ,1,FG_week11_exportin.csv
2024,11,week11,QB,Jimmy,Garoppolo,LAR,LA,4200,LA@NE,1,FG_week11_exportin.csv
2024,11,week11,QB,Jake,Haener,NO,NO,4200,CLE@NO,1,FG_week11_exportin.csv
2024,11,week11,QB,Taylor,Heinicke,LAC,LAC,4200,CIN@LAC,1,FG_week11_exportin.csv
2024,11,week11,QB,Hendon,Hooker,DET,DET,4200,JAC@DET,1,FG_week11_exportin.csv
2024,11,week11,QB,Sam,Howell,SEA,SEA,4200,SEA@SF,1,FG_week11_exportin.csv
2024,11,week11,QB,Josh,Johnson,BAL,BAL,4200,BAL@PIT,1,FG_week11_exportin.csv
2024,11,week11,QB,Mac,Jones,JAX,JAC,4200,JAC@DET,1,FG_week11_exportin.csv
2024,11,week11,QB,Trey,Lance,DAL,DAL,4200,HOU@DAL,1,FG_week11_exportin.csv
2024,11,week11,QB,Will,Levis,TEN,TEN,4200,MIN@TEN,1,FG_week11_exportin.csv
2024,11,week11,WR,Tyler,Lockett,SEA,SEA,4200,SEA@SF,1,FG_week11_exportin.csv
2024,11,week11,QB,Marcus,Mariota,WAS,WAS,4200,WAS@PHI,1,FG_week11_exportin.csv
2024,11,week11,QB,Tanner,McKee,PHI,PHI,4200,WAS@PHI,1,FG_week11_exportin.csv
2024,11,week11,QB,Davis,Mills,HOU,HOU,4200,HOU@DAL,1,FG_week11_exportin.csv
2024,11,week11,QB,Joe,Milton III,NE,NE,4200,LA@NE,1,FG_week11_exportin.csv
2024,11,week11,QB,Gardner,Minshew II,LV,LV,4200,LV@MIA,1,FG_week11_exportin.csv
2024,11,week11,QB,Nick,Mullens,MIN,MIN,4200,MIN@TEN,1,FG_week11_exportin.csv
2024,11,week11,WR,Ricky,Pearsall,SF,SF,4200,SEA@SF,1,FG_week11_exportin.csv
2024,11,week11,QB,Michael,Penix Jr.,ATL,ATL,4200,ATL@DEN,1,FG_week11_exportin.csv
2024,11,week11,QB,Kenny,Pickett,PHI,PHI,4200,WAS@PHI,1,FG_week11_exportin.csv
2024,11,week11,QB,Dak,Prescott,DAL,DAL,4200,HOU@DAL,1,FG_week11_exportin.csv
2024,11,week11,QB,Spencer,Rattler,NO,NO,4200,CLE@NO,1,FG_week11_exportin.csv
2024,11,week11,QB,Anthony,Richardson,IND,IND,4200,IND@NYJ,1,FG_week11_exportin.csv
2024,11,week11,QB,Desmond,Ridder,LV,LV,4200,LV@MIA,1,FG_week11_exportin.csv
2024,11,week11,QB,Mason,Rudolph,TEN,TEN,4200,MIN@TEN,1,FG_week11_exportin.csv
2024,11,week11,QB,Cooper,Rush,DAL,DAL,4200,HOU@DAL,1,FG_week11_exportin.csv
2024,11,week11,QB,Brett,Rypien,MIN,MIN,4200,MIN@TEN,1,FG_week11_exportin.csv
2024,11,week11,QB,Easton,Stick,LAC,LAC,4200,CIN@LAC,1,FG_week11_exportin.csv
2024,11,week11,QB,Jarrett,Stidham,DEN,DEN,4200,ATL@DEN,1,FG_week11_exportin.csv
2024,11,week11,QB,Tyrod,Taylor,NYJ,NYJ,4200,IND@NYJ,1,FG_week11_exportin.csv
2024,11,week11,QB,Skylar,Thompson,MIA,MIA,4200,LV@MIA,1,FG_week11_exportin.csv
2024,11,week11,QB,Dorian,Thompson-Robinson,CLE,CLE,4200,CLE@NO,1,FG_week11_exportin.csv
2024,11,week11,QB,Mitchell,Trubisky,BUF,BUF,4200,KC@BUF,1,FG_week11_exportin.csv
2024,11,week11,QB,Carson,Wentz,KC,KC,4200,KC@BUF,1,FG_week11_exportin.csv
2024,11,week11,QB,Malik,Willis,GB,GB,4200,GB@CHI,1,FG_week11_exportin.csv
2024,11,week11,QB,Zach,Wilson,DEN,DEN,4200,ATL@DEN,1,FG_week11_exportin.csv
2024,11,week11,QB,Bailey,Zappe,CLE,CLE,4200,CLE@NO,1,FG_week11_exportin.csv
2024,11,week11,WR,Keenan,Allen,CHI,CHI,4000,GB@CHI,1,FG_week11_exportin.csv
2024,11,week11,TE,T.J.,Hockenson,MIN,MIN,4000,MIN@TEN,1,FG_week11_exportin.csv
2024,11,week11,WR,Jerry,Jeudy,CLE,CLE,4000,CLE@NO,1,FG_week11_exportin.csv
2024,11,week11,WR,Quentin,Johnston,LAC,LAC,4000,CIN@LAC,1,FG_week11_exportin.csv
2024,11,week11,RB,Alexander,Mattison,LV,LV,4000,LV@MIA,1,FG_week11_exportin.csv
2024,11,week11,RB,Raheem,Mostert,MIA,MIA,4000,LV@MIA,1,FG_week11_exportin.csv
2024,11,week11,TE,Mark,Andrews,BAL,BAL,3800,BAL@PIT,1,FG_week11_exportin.csv
2024,11,week11,WR,Rashod,Bateman,BAL,BAL,3800,BAL@PIT,1,FG_week11_exportin.csv
2024,11,week11,RB,Austin,Ekeler,WAS,WAS,3800,WAS@PHI,1,FG_week11_exportin.csv
2024,11,week11,TE,Evan,Engram,JAX,JAC,3800,JAC@DET,1,FG_week11_exportin.csv
2024,11,week11,TE,Dallas,Goedert,PHI,PHI,3800,WAS@PHI,1,FG_week11_exportin.csv
2024,11,week11,WR,Christian,Watson,GB,GB,3800,GB@CHI,1,FG_week11_exportin.csv
2024,11,week11,WR,Jordan,Addison,MIN,MIN,3600,MIN@TEN,1,FG_week11_exportin.csv
2024,11,week11,RB,Nick,Chubb,CLE,CLE,3600,CLE@NO,1,FG_week11_exportin.csv
2024,11,week11,RB,Jordan,Mason,SF,SF,3600,SEA@SF,1,FG_week11_exportin.csv
2024,11,week11,WR,DJ,Moore,CHI,CHI,3600,GB@CHI,1,FG_week11_exportin.csv
2024,11,week11,WR,Rome,Odunze,CHI,CHI,3600,GB@CHI,1,FG_week11_exportin.csv
2024,11,week11,TE,Kyle,Pitts,ATL,ATL,3600,ATL@DEN,1,FG_week11_exportin.csv
2024,11,week11,WR,Noah,Brown,WAS,WAS,3400,WAS@PHI,1,FG_week11_exportin.csv
2024,11,week11,WR,DeMario,Douglas,NE,NE,3400,LA@NE,1,FG_week11_exportin.csv
2024,11,week11,RB,Travis,Etienne Jr.,JAX,JAC,3400,JAC@DET,1,FG_week11_exportin.csv
2024,11,week11,TE,Jake,Ferguson,DAL,DAL,3400,HOU@DAL,1,FG_week11_exportin.csv
2024,11,week11,TE,Taysom,Hill,NO,NO,3400,CLE@NO,1,FG_week11_exportin.csv
2024,11,week11,WR,Diontae,Johnson,BAL,BAL,3400,BAL@PIT,1,FG_week11_exportin.csv
2024,11,week11,TE,Tucker,Kraft,GB,GB,3400,GB@CHI,1,FG_week11_exportin.csv
2024,11,week11,TE,Sam,LaPorta,DET,DET,3400,JAC@DET,1,FG_week11_exportin.csv
2024,11,week11,WR,Michael,Pittman Jr.,IND,IND,3400,IND@NYJ,1,FG_week11_exportin.csv
2024,11,week11,TE,Jonnu,Smith,MIA,MIA,3400,LV@MIA,1,FG_week11_exportin.csv
2024,11,week11,WR,Jaylen,Waddle,MIA,MIA,3400,LV@MIA,1,FG_week11_exportin.csv
2024,11,week11,RB,Javonte,Williams,DEN,DEN,3400,ATL@DEN,1,FG_week11_exportin.csv
2024,11,week11,RB,Tank,Bigsby,JAX,JAC,3200,JAC@DET,1,FG_week11_exportin.csv
2024,11,week11,WR,Gabe,Davis,JAX,JAC,3200,JAC@DET,1,FG_week11_exportin.csv
2024,11,week11,TE,Dalton,Kincaid,BUF,BUF,3200,KC@BUF,1,FG_week11_exportin.csv
2024,11,week11,WR,Ray-Ray,McCloud,ATL,ATL,3200,ATL@DEN,1,FG_week11_exportin.csv
2024,11,week11,WR,Alec,Pierce,IND,IND,3200,IND@NYJ,1,FG_week11_exportin.csv
2024,11,week11,RB,Tyjae,Spears,TEN,TEN,3200,MIN@TEN,1,FG_week11_exportin.csv
2024,11,week11,WR,Jalen,Tolbert,DAL,DAL,3200,HOU@DAL,1,FG_week11_exportin.csv
2024,11,week11,WR,Nick,Westbrook-Ikhine,TEN,TEN,3200,MIN@TEN,1,FG_week11_exportin.csv
2024,11,week11,WR,Xavier,Worthy,KC,KC,3200,KC@BUF,1,FG_week11_exportin.csv
2024,11,week11,RB,Braelon,Allen,NYJ,NYJ,3000,IND@NYJ,1,FG_week11_exportin.csv
2024,11,week11,RB,Zach,Charbonnet,SEA,SEA,3000,SEA@SF,1,FG_week11_exportin.csv
2024,11,week11,TE,Zach,Ertz,WAS,WAS,3000,WAS@PHI,1,FG_week11_exportin.csv
2024,11,week11,RB,Jerome,Ford,CLE,CLE,3000,CLE@NO,1,FG_week11_exportin.csv
2024,11,week11,TE,Mike,Gesicki,CIN,CIN,3000,CIN@LAC,1,FG_week11_exportin.csv
2024,11,week11,TE,Cole,Kmet,CHI,CHI,3000,GB@CHI,1,FG_week11_exportin.csv
2024,11,week11,WR,Elijah,Moore,CLE,CLE,3000,CLE@NO,1,FG_week11_exportin.csv
2024,11,week11,WR,Joshua,Palmer,LAC,LAC,3000,CIN@LAC,1,FG_week11_exportin.csv
2024,11,week11,WR,JuJu,Smith-Schuster,KC,KC,3000,KC@BUF,1,FG_week11_exportin.csv
2024,11,week11,RB,Jaylen,Warren,PIT,PIT,3000,BAL@PIT,1,FG_week11_exportin.csv
2024,11,week11,WR,Jordan,Whittington,LAR,LA,3000,LA@NE,1,FG_week11_exportin.csv
2024,11,week11,RB,Tyler,Allgeier,ATL,ATL,2800,ATL@DEN,1,FG_week11_exportin.csv
2024,11,week11,RB,Ray,Davis,BUF,BUF,2800,KC@BUF,1,FG_week11_exportin.csv
2024,11,week11,TE,Hunter,Henry,NE,NE,2800,LA@NE,1,FG_week11_exportin.csv
2024,11,week11,RB,Justice,Hill,BAL,BAL,2800,BAL@PIT,1,FG_week11_exportin.csv
2024,11,week11,TE,Dalton,Schultz,HOU,HOU,2800,HOU@DAL,1,FG_week11_exportin.csv
2024,11,week11,WR,Tre,Tucker,LV,LV,2800,LV@MIA,1,FG_week11_exportin.csv
2024,11,week11,WR,Devaughn,Vele,DEN,DEN,2800,ATL@DEN,1,FG_week11_exportin.csv
2024,11,week11,WR,Dontayvion,Wicks,GB,GB,2800,GB@CHI,1,FG_week11_exportin.csv
2024,11,week11,WR,Calvin,Austin III,PIT,PIT,2600,BAL@PIT,1,FG_week11_exportin.csv
2024,11,week11,WR,Kayshon,Boutte,NE,NE,2600,LA@NE,1,FG_week11_exportin.csv
2024,11,week11,TE,Will,Dissly,LAC,LAC,2600,CIN@LAC,1,FG_week11_exportin.csv
2024,11,week11,RB,Gus,Edwards,LAC,LAC,2600,CIN@LAC,1,FG_week11_exportin.csv
2024,11,week11,TE,Noah,Fant,SEA,SEA,2600,SEA@SF,1,FG_week11_exportin.csv
2024,11,week11,RB,Keaton,Mitchell,BAL,BAL,2600,BAL@PIT,1,FG_week11_exportin.csv
2024,11,week11,WR,Marquez,Valdes-Scantling,NO,NO,2600,CLE@NO,1,FG_week11_exportin.csv
2024,11,week11,WR,Tutu,Atwell,LAR,LA,2400,LA@NE,1,FG_week11_exportin.csv
2024,11,week11,WR,Kendrick,Bourne,NE,NE,2400,LA@NE,1,FG_week11_exportin.csv
2024,11,week11,WR,DJ,Chark Jr.,LAC,LAC,2400,CIN@LAC,1,FG_week11_exportin.csv
2024,11,week11,TE,Tyler,Conklin,NYJ,NYJ,2400,IND@NYJ,1,FG_week11_exportin.csv
2024,11,week11,RB,Audric,Estime,DEN,DEN,2400,ATL@DEN,1,FG_week11_exportin.csv
2024,11,week11,TE,Pat,Freiermuth,PIT,PIT,2400,BAL@PIT,1,FG_week11_exportin.csv
2024,11,week11,TE,Juwan,Johnson,NO,NO,2400,CLE@NO,1,FG_week11_exportin.csv
2024,11,week11,WR,Jalen,Nailor,MIN,MIN,2400,MIN@TEN,1,FG_week11_exportin.csv
2024,11,week11,WR,Mike,Williams,PIT,PIT,2400,BAL@PIT,1,FG_week11_exportin.csv
2024,11,week11,RB,Israel,Abanikanda,NYJ,NYJ,2200,IND@NYJ,1,FG_week11_exportin.csv
2024,11,week11,RB,Ameer,Abdullah,LV,LV,2200,LV@MIA,1,FG_week11_exportin.csv
2024,11,week11,TE,Nate,Adkins,DEN,DEN,2200,ATL@DEN,1,FG_week11_exportin.csv
2024,11,week11,WR,Nelson,Agholor,BAL,BAL,2200,BAL@PIT,1,FG_week11_exportin.csv
2024,11,week11,RB,Cam,Akers,MIN,MIN,2200,MIN@TEN,1,FG_week11_exportin.csv
2024,11,week11,TE,Jordan,Akins,CLE,CLE,2200,CLE@NO,1,FG_week11_exportin.csv
2024,11,week11,RB,Rasheen,Ali,BAL,BAL,2200,BAL@PIT,1,FG_week11_exportin.csv
2024,11,week11,TE,Mo,Alie-Cox,IND,IND,2200,IND@NYJ,1,FG_week11_exportin.csv
2024,11,week11,TE,Erick,All Jr.,CIN,CIN,2200,CIN@LAC,1,FG_week11_exportin.csv
2024,11,week11,TE,Davis,Allen,LAR,LA,2200,LA@NE,1,FG_week11_exportin.csv
2024,11,week11,WR,Kevin,Austin Jr.,NO,NO,2200,CLE@NO,1,FG_week11_exportin.csv
2024,11,week11,WR,Alex,Bachman,LV,LV,2200,LV@MIA,1,FG_week11_exportin.csv
2024,11,week11,WR,Javon,Baker,NE,NE,2200,LA@NE,1,FG_week11_exportin.csv
2024,11,week11,TE,AJ,Barner,SEA,SEA,2200,SEA@SF,1,FG_week11_exportin.csv
2024,11,week11,TE,John,Bates,WAS,WAS,2200,WAS@PHI,1,FG_week11_exportin.csv
2024,11,week11,WR,Odell,Beckham Jr.,MIA,MIA,2200,LV@MIA,1,FG_week11_exportin.csv
2024,11,week11,TE,Jaheim,Bell,NE,NE,2200,LA@NE,1,FG_week11_exportin.csv
2024,11,week11,WR,Ronnie,Bell,SF,SF,2200,SEA@SF,1,FG_week11_exportin.csv
2024,11,week11,WR,Chris,Blair,ATL,ATL,2200,ATL@DEN,1,FG_week11_exportin.csv
2024,11,week11,WR,Jake,Bobo,SEA,SEA,2200,SEA@SF,1,FG_week11_exportin.csv
2024,11,week11,WR,Tyler,Boyd,TEN,TEN,2200,MIN@TEN,1,FG_week11_exportin.csv
2024,11,week11,RB,Chris,Brooks,GB,GB,2200,GB@CHI,1,FG_week11_exportin.csv
2024,11,week11,WR,Jalen,Brooks,DAL,DAL,2200,HOU@DAL,1,FG_week11_exportin.csv
2024,11,week11,TE,Pharaoh,Brown,SEA,SEA,2200,SEA@SF,1,FG_week11_exportin.csv
2024,11,week11,WR,Dyami,Brown,WAS,WAS,2200,WAS@PHI,1,FG_week11_exportin.csv
2024,11,week11,TE,Harrison,Bryant,LV,LV,2200,LV@MIA,1,FG_week11_exportin.csv
2024,11,week11,RB,Robert,Burns,ATL,ATL,2200,ATL@DEN,1,FG_week11_exportin.csv
2024,11,week11,RB,Michael,Burton,DEN,DEN,2200,ATL@DEN,1,FG_week11_exportin.csv
2024,11,week11,WR,Jermaine,Burton,CIN,CIN,2200,CIN@LAC,1,FG_week11_exportin.csv
2024,11,week11,TE,Grant,Calcaterra,PHI,PHI,2200,WAS@PHI,1,FG_week11_exportin.csv
2024,11,week11,WR,DeAndre,Carter,CHI,CHI,2200,GB@CHI,1,FG_week11_exportin.csv
2024,11,week11,RB,Ty,Chandler,MIN,MIN,2200,MIN@TEN,1,FG_week11_exportin.csv
2024,11,week11,WR,Irvin,Charles,NYJ,NYJ,2200,IND@NYJ,1,FG_week11_exportin.csv
2024,11,week11,RB,Julius,Chestnut,TEN,TEN,2200,MIN@TEN,1,FG_week11_exportin.csv
2024,11,week11,WR,Chris,Conley,SF,SF,2200,SEA@SF,1,FG_week11_exportin.csv
2024,11,week11,TE,Tanner,Conner,MIA,MIA,2200,LV@MIA,1,FG_week11_exportin.csv
2024,11,week11,WR,Malachi,Corley,NYJ,NYJ,2200,IND@NYJ,1,FG_week11_exportin.csv
2024,11,week11,RB,Blake,Corum,LAR,LA,2200,LA@NE,1,FG_week11_exportin.csv
2024,11,week11,WR,Jacob,Cowing,SF,SF,2200,SEA@SF,1,FG_week11_exportin.csv
2024,11,week11,WR,River,Cracraft,MIA,MIA,2200,LV@MIA,1,FG_week11_exportin.csv
2024,11,week11,WR,Jalen,Cropper,DAL,DAL,2200,HOU@DAL,1,FG_week11_exportin.csv
2024,11,week11,WR,Jaelon,Darden,CLE,CLE,2200,CLE@NO,1,FG_week11_exportin.csv
2024,11,week11,RB,Isaiah,Davis,NYJ,NYJ,2200,IND@NYJ,1,FG_week11_exportin.csv
2024,11,week11,WR,Derius,Davis,LAC,LAC,2200,CIN@LAC,1,FG_week11_exportin.csv
2024,11,week11,TE,Josiah,Deguara,JAX,JAC,2200,JAC@DET,1,FG_week11_exportin.csv
2024,11,week11,WR,Jahan,Dotson,PHI,PHI,2200,WAS@PHI,1,FG_week11_exportin.csv
2024,11,week11,WR,Colton,Dowell,TEN,TEN,2200,MIN@TEN,1,FG_week11_exportin.csv
2024,11,week11,TE,Greg,Dulcich,DEN,DEN,2200,ATL@DEN,1,FG_week11_exportin.csv
2024,11,week11,WR,Ashton,Dulin,IND,IND,2200,IND@NYJ,1,FG_week11_exportin.csv
2024,11,week11,WR,Devin,Duvernay,JAX,JAC,2200,JAC@DET,1,FG_week11_exportin.csv
2024,11,week11,TE,Ross,Dwelley,ATL,ATL,2200,ATL@DEN,1,FG_week11_exportin.csv
2024,11,week11,RB,Clyde,Edwards-Helaire,KC,KC,2200,KC@BUF,1,FG_week11_exportin.csv
2024,11,week11,RB,Ezekiel,Elliott,DAL,DAL,2200,HOU@DAL,1,FG_week11_exportin.csv
2024,11,week11,WR,Dee,Eskridge,MIA,MIA,2200,LV@MIA,1,FG_week11_exportin.csv
2024,11,week11,TE,Gerald,Everett,CHI,CHI,2200,GB@CHI,1,FG_week11_exportin.csv
2024,11,week11,TE,Luke,Farrell,JAX,JAC,2200,JAC@DET,1,FG_week11_exportin.csv
2024,11,week11,TE,Tucker,Fisk,LAC,LAC,2200,CIN@LAC,1,FG_week11_exportin.csv
2024,11,week11,TE,John,FitzPatrick,GB,GB,2200,GB@CHI,1,FG_week11_exportin.csv
2024,11,week11,WR,Ryan,Flournoy,DAL,DAL,2200,HOU@DAL,1,FG_week11_exportin.csv
2024,11,week11,RB,D'Onta,Foreman,CLE,CLE,2200,CLE@NO,1,FG_week11_exportin.csv
2024,11,week11,WR,Troy,Franklin,DEN,DEN,2200,ATL@DEN,1,FG_week11_exportin.csv
2024,11,week11,RB,Kenneth,Gainwell,PHI,PHI,2200,WAS@PHI,1,FG_week11_exportin.csv
2024,11,week11,RB,Antonio,Gibson,NE,NE,2200,LA@NE,1,FG_week11_exportin.csv
2024,11,week11,RB,Reggie,Gilliam,BUF,BUF,2200,KC@BUF,1,FG_week11_exportin.csv
2024,11,week11,WR,Xavier,Gipson,NYJ,NYJ,2200,IND@NYJ,1,FG_week11_exportin.csv
2024,11,week11,RB,Tyler,Goodson,IND,IND,2200,IND@NYJ,1,FG_week11_exportin.csv
2024,11,week11,WR,Anthony,Gould,IND,IND,2200,IND@NYJ,1,FG_week11_exportin.csv
2024,11,week11,TE,Kylen,Granson,IND,IND,2200,IND@NYJ,1,FG_week11_exportin.csv
2024,11,week11,TE,Noah,Gray,KC,KC,2200,KC@BUF,1,FG_week11_exportin.csv
2024,11,week11,RB,Isaac,Guerendo,SF,SF,2200,SEA@SF,1,FG_week11_exportin.csv
2024,11,week11,RB,C.J.,Ham,MIN,MIN,2200,MIN@TEN,1,FG_week11_exportin.csv
2024,11,week11,WR,KJ,Hamler,BUF,BUF,2200,KC@BUF,1,FG_week11_exportin.csv
2024,11,week11,WR,Mecole,Hardman,KC,KC,2200,KC@BUF,1,FG_week11_exportin.csv
2024,11,week11,RB,Hassan,Haskins,LAC,LAC,2200,CIN@LAC,1,FG_week11_exportin.csv
2024,11,week11,RB,JaMycal,Hasty,NE,NE,2200,LA@NE,1,FG_week11_exportin.csv
2024,11,week11,WR,Malik,Heath,GB,GB,2200,GB@CHI,1,FG_week11_exportin.csv
2024,11,week11,TE,Peyton,Hendershot,KC,KC,2200,KC@BUF,1,FG_week11_exportin.csv
2024,11,week11,RB,Khalil,Herbert,CIN,CIN,2200,CIN@LAC,1,FG_week11_exportin.csv
2024,11,week11,TE,Connor,Heyward,PIT,PIT,2200,BAL@PIT,1,FG_week11_exportin.csv
2024,11,week11,TE,Tyler,Higbee,LAR,LA,2200,LA@NE,1,FG_week11_exportin.csv
2024,11,week11,TE,Julian,Hill,MIA,MIA,2200,LV@MIA,1,FG_week11_exportin.csv
2024,11,week11,WR,KhaDarel,Hodge,ATL,ATL,2200,ATL@DEN,1,FG_week11_exportin.csv
2024,11,week11,TE,Dallin,Holker,NO,NO,2200,CLE@NO,1,FG_week11_exportin.csv
2024,11,week11,WR,Mack,Hollins,BUF,BUF,2200,KC@BUF,1,FG_week11_exportin.csv
2024,11,week11,RB,Travis,Homer,CHI,CHI,2200,GB@CHI,1,FG_week11_exportin.csv
2024,11,week11,TE,Austin,Hooper,NE,NE,2200,LA@NE,1,FG_week11_exportin.csv
2024,11,week11,TE,Tanner,Hudson,CIN,CIN,2200,CIN@LAC,1,FG_week11_exportin.csv
2024,11,week11,WR,Lil'Jordan,Humphrey,DEN,DEN,2200,ATL@DEN,1,FG_week11_exportin.csv
2024,11,week11,TE,Hayden,Hurst,LAC,LAC,2200,CIN@LAC,1,FG_week11_exportin.csv
2024,11,week11,WR,Xavier,Hutchinson,HOU,HOU,2200,HOU@DAL,1,FG_week11_exportin.csv
2024,11,week11,RB,Alec,Ingold,MIA,MIA,2200,LV@MIA,1,FG_week11_exportin.csv
2024,11,week11,WR,Andrei,Iosivas,CIN,CIN,2200,CIN@LAC,1,FG_week11_exportin.csv
2024,11,week11,WR,Trenton,Irwin,CIN,CIN,2200,CIN@LAC,1,FG_week11_exportin.csv
2024,11,week11,WR,Jermaine,Jackson,NO,NO,2200,CLE@NO,1,FG_week11_exportin.csv
2024,11,week11,WR,Jha'Quan,Jackson,TEN,TEN,2200,MIN@TEN,1,FG_week11_exportin.csv
2024,11,week11,WR,Van,Jefferson,PIT,PIT,2200,BAL@PIT,1,FG_week11_exportin.csv
2024,11,week11,RB,Roschon,Johnson,CHI,CHI,2200,GB@CHI,1,FG_week11_exportin.csv
2024,11,week11,RB,D'Ernest,Johnson,JAX,JAC,2200,JAC@DET,1,FG_week11_exportin.csv
2024,11,week11,RB,Ty,Johnson,BUF,BUF,2200,KC@BUF,1,FG_week11_exportin.csv
2024,11,week11,WR,Tyler,Johnson,LAR,LA,2200,LA@NE,1,FG_week11_exportin.csv
2024,11,week11,WR,Tim,Jones,JAX,JAC,2200,JAC@DET,1,FG_week11_exportin.csv
2024,11,week11,WR,Charlie,Jones,CIN,CIN,2200,CIN@LAC,1,FG_week11_exportin.csv
2024,11,week11,RB,Kyle,Juszczyk,SF,SF,2200,SEA@SF,1,FG_week11_exportin.csv
2024,11,week11,RB,Joshua,Kelley,TEN,TEN,2200,MIN@TEN,1,FG_week11_exportin.csv
2024,11,week11,WR,Ramel,Keyton,LV,LV,2200,LV@MIA,1,FG_week11_exportin.csv
2024,11,week11,TE,Dawson,Knox,BUF,BUF,2200,KC@BUF,1,FG_week11_exportin.csv
2024,11,week11,TE,Charlie,Kolar,BAL,BAL,2200,BAL@PIT,1,FG_week11_exportin.csv
2024,11,week11,TE,Lucas,Krull,DEN,DEN,2200,ATL@DEN,1,FG_week11_exportin.csv
2024,11,week11,RB,Dylan,Laube,LV,LV,2200,LV@MIA,1,FG_week11_exportin.csv
2024,11,week11,TE,Marcedes,Lewis,CHI,CHI,2200,GB@CHI,1,FG_week11_exportin.csv
2024,11,week11,TE,Isaiah,Likely,BAL,BAL,2200,BAL@PIT,1,FG_week11_exportin.csv
2024,11,week11,TE,Hunter,Long,LAR,LA,2200,LA@NE,1,FG_week11_exportin.csv
2024,11,week11,RB,Hunter,Luepke,DAL,DAL,2200,HOU@DAL,1,FG_week11_exportin.csv
2024,11,week11,TE,Will,Mallory,IND,IND,2200,IND@NYJ,1,FG_week11_exportin.csv
2024,11,week11,TE,David,Martin-Robinson,TEN,TEN,2200,MIN@TEN,1,FG_week11_exportin.csv
2024,11,week11,RB,Scott,Matlock,LAC,LAC,2200,CIN@LAC,1,FG_week11_exportin.csv
2024,11,week11,WR,Luke,McCaffrey,WAS,WAS,2200,WAS@PHI,1,FG_week11_exportin.csv
2024,11,week11,RB,Jase,McClellan,ATL,ATL,2200,ATL@DEN,1,FG_week11_exportin.csv
2024,11,week11,RB,Kenny,McIntosh,SEA,SEA,2200,SEA@SF,1,FG_week11_exportin.csv
2024,11,week11,TE,Tanner,McLachlan,CIN,CIN,2200,CIN@LAC,1,FG_week11_exportin.csv
2024,11,week11,RB,Jaleel,McLaughlin,DEN,DEN,2200,ATL@DEN,1,FG_week11_exportin.csv
2024,11,week11,RB,Jeremy,McNichols,WAS,WAS,2200,WAS@PHI,1,FG_week11_exportin.csv
2024,11,week11,WR,Bo,Melton,GB,GB,2200,GB@CHI,1,FG_week11_exportin.csv
2024,11,week11,WR,John,Metchie III,HOU,HOU,2200,HOU@DAL,1,FG_week11_exportin.csv
2024,11,week11,WR,Scotty,Miller,PIT,PIT,2200,BAL@PIT,1,FG_week11_exportin.csv
2024,11,week11,RB,Kendall,Milton,CIN,CIN,2200,CIN@LAC,1,FG_week11_exportin.csv
2024,11,week11,RB,Jordan,Mims,NO,NO,2200,CLE@NO,1,FG_week11_exportin.csv
2024,11,week11,WR,Marvin,Mims Jr.,DEN,DEN,2200,ATL@DEN,1,FG_week11_exportin.csv
2024,11,week11,WR,Jonathan,Mingo,DAL,DAL,2200,HOU@DAL,1,FG_week11_exportin.csv
2024,11,week11,WR,Adonai,Mitchell,IND,IND,2200,IND@NYJ,1,FG_week11_exportin.csv
2024,11,week11,TE,Foster,Moreau,NO,NO,2200,CLE@NO,1,FG_week11_exportin.csv
2024,11,week11,TE,Quintin,Morris,BUF,BUF,2200,KC@BUF,1,FG_week11_exportin.csv
2024,11,week11,RB,Zack,Moss,CIN,CIN,2200,CIN@LAC,1,FG_week11_exportin.csv
2024,11,week11,TE,Johnny,Mundt,MIN,MIN,2200,MIN@TEN,1,FG_week11_exportin.csv
2024,11,week11,TE,Drew,Ogletree,IND,IND,2200,IND@NYJ,1,FG_week11_exportin.csv
2024,11,week11,RB,Dare,Ogunbowale,HOU,HOU,2200,HOU@DAL,1,FG_week11_exportin.csv
2024,11,week11,TE,Chig,Okonkwo,TEN,TEN,2200,MIN@TEN,1,FG_week11_exportin.csv
2024,11,week11,WR,Chris,Olave,NO,NO,2200,CLE@NO,1,FG_week11_exportin.csv
2024,11,week11,TE,Josh,Oliver,MIN,MIN,2200,MIN@TEN,1,FG_week11_exportin.csv
2024,11,week11,WR,Bryce,Oliver,TEN,TEN,2200,MIN@TEN,1,FG_week11_exportin.csv
2024,11,week11,WR,K.J.,Osborn,NE,NE,2200,LA@NE,1,FG_week11_exportin.csv
2024,11,week11,TE,Colby,Parkinson,LAR,LA,2200,LA@NE,1,FG_week11_exportin.csv
2024,11,week11,WR,Tim,Patrick,DET,DET,2200,JAC@DET,1,FG_week11_exportin.csv
2024,11,week11,RB,Cordarrelle,Patterson,PIT,PIT,2200,BAL@PIT,1,FG_week11_exportin.csv
2024,11,week11,RB,Samaje,Perine,KC,KC,2200,KC@BUF,1,FG_week11_exportin.csv
2024,11,week11,WR,Dante,Pettis,NO,NO,2200,CLE@NO,1,FG_week11_exportin.csv
2024,11,week11,RB,Dameon,Pierce,HOU,HOU,2200,HOU@DAL,1,FG_week11_exportin.csv
2024,11,week11,WR,Ja'Lynn,Polk,NE,NE,2200,LA@NE,1,FG_week11_exportin.csv
2024,11,week11,WR,Brandon,Powell,MIN,MIN,2200,MIN@TEN,1,FG_week11_exportin.csv
2024,11,week11,RB,Adam,Prentice,NO,NO,2200,CLE@NO,1,FG_week11_exportin.csv
2024,11,week11,TE,MyCole,Pruitt,PIT,PIT,2200,BAL@PIT,1,FG_week11_exportin.csv
2024,11,week11,TE,Teagan,Quitoriano,HOU,HOU,2200,HOU@DAL,1,FG_week11_exportin.csv
2024,11,week11,WR,Kalif,Raymond,DET,DET,2200,JAC@DET,1,FG_week11_exportin.csv
2024,11,week11,WR,Jalen,Reagor,LAC,LAC,2200,CIN@LAC,1,FG_week11_exportin.csv
2024,11,week11,RB,Craig,Reynolds,DET,DET,2200,JAC@DET,1,FG_week11_exportin.csv
2024,11,week11,RB,Patrick,Ricard,BAL,BAL,2200,BAL@PIT,1,FG_week11_exportin.csv
2024,11,week11,RB,Ronnie,Rivers,LAR,LA,2200,LA@NE,1,FG_week11_exportin.csv
2024,11,week11,RB,Keilan,Robinson,JAX,JAC,2200,JAC@DET,1,FG_week11_exportin.csv
2024,11,week11,WR,Allen,Robinson,DET,DET,2200,JAC@DET,1,FG_week11_exportin.csv
2024,11,week11,RB,Chris,Rodriguez Jr.,WAS,WAS,2200,WAS@PHI,1,FG_week11_exportin.csv
2024,11,week11,WR,Justyn,Ross,KC,KC,2200,KC@BUF,1,FG_week11_exportin.csv
2024,11,week11,TE,Jeremy,Ruckert,NYJ,NYJ,2200,IND@NYJ,1,FG_week11_exportin.csv
2024,11,week11,TE,Brady,Russell,SEA,SEA,2200,SEA@SF,1,FG_week11_exportin.csv
2024,11,week11,TE,Drew,Sample,CIN,CIN,2200,CIN@LAC,1,FG_week11_exportin.csv
2024,11,week11,WR,Curtis,Samuel,BUF,BUF,2200,KC@BUF,1,FG_week11_exportin.csv
2024,11,week11,TE,Eric,Saubert,SF,SF,2200,SEA@SF,1,FG_week11_exportin.csv
2024,11,week11,TE,Luke,Schoonmaker,DAL,DAL,2200,HOU@DAL,1,FG_week11_exportin.csv
2024,11,week11,RB,Cody,Schrader,LAR,LA,2200,LA@NE,1,FG_week11_exportin.csv
2024,11,week11,WR,Tyler,Scott,CHI,CHI,2200,GB@CHI,1,FG_week11_exportin.csv
2024,11,week11,RB,Trey,Sermon,IND,IND,2200,IND@NYJ,1,FG_week11_exportin.csv
2024,11,week11,WR,Tyrell,Shavers,BUF,BUF,2200,KC@BUF,1,FG_week11_exportin.csv
2024,11,week11,WR,Laviska,Shenault Jr.,SEA,SEA,2200,SEA@SF,1,FG_week11_exportin.csv
2024,11,week11,WR,Trent,Sherfield Sr.,MIN,MIN,2200,MIN@TEN,1,FG_week11_exportin.csv
2024,11,week11,RB,Will,Shipley,PHI,PHI,2200,WAS@PHI,1,FG_week11_exportin.csv
2024,11,week11,TE,Justin,Shorter,LV,LV,2200,LV@MIA,1,FG_week11_exportin.csv
2024,11,week11,TE,Ben,Sims,GB,GB,2200,GB@CHI,1,FG_week11_exportin.csv
2024,11,week11,WR,Steven,Sims,HOU,HOU,2200,HOU@DAL,1,FG_week11_exportin.csv
2024,11,week11,TE,Ben,Sinnott,WAS,WAS,2200,WAS@PHI,1,FG_week11_exportin.csv
2024,11,week11,WR,Ben,Skowronek,PIT,PIT,2200,BAL@PIT,1,FG_week11_exportin.csv
2024,11,week11,TE,Stone,Smartt,LAC,LAC,2200,CIN@LAC,1,FG_week11_exportin.csv
2024,11,week11,WR,Ainias,Smith,PHI,PHI,2200,WAS@PHI,1,FG_week11_exportin.csv
2024,11,week11,WR,Xavier,Smith,LAR,LA,2200,LA@NE,1,FG_week11_exportin.csv
2024,11,week11,TE,Durham,Smythe,MIA,MIA,2200,LV@MIA,1,FG_week11_exportin.csv
2024,11,week11,TE,Brevyn,Spann-Ford,DAL,DAL,2200,HOU@DAL,1,FG_week11_exportin.csv
2024,11,week11,RB,Carson,Steele,KC,KC,2200,KC@BUF,1,FG_week11_exportin.csv
2024,11,week11,TE,Jack,Stoll,PHI,PHI,2200,WAS@PHI,1,FG_week11_exportin.csv
2024,11,week11,TE,Cade,Stover,HOU,HOU,2200,HOU@DAL,1,FG_week11_exportin.csv
2024,11,week11,TE,Brenton,Strange,JAX,JAC,2200,JAC@DET,1,FG_week11_exportin.csv
2024,11,week11,RB,Pierre,Strong Jr.,CLE,CLE,2200,CLE@NO,1,FG_week11_exportin.csv
2024,11,week11,TE,Geoff,Swaim,CLE,CLE,2200,CLE@NO,1,FG_week11_exportin.csv
2024,11,week11,RB,J.J.,Taylor,HOU,HOU,2200,HOU@DAL,1,FG_week11_exportin.csv
2024,11,week11,WR,Tyquan,Thornton,NE,NE,2200,LA@NE,1,FG_week11_exportin.csv
2024,11,week11,WR,Jamari,Thrash,CLE,CLE,2200,CLE@NO,1,FG_week11_exportin.csv
2024,11,week11,WR,Mason,Tipton,NO,NO,2200,CLE@NO,1,FG_week11_exportin.csv
2024,11,week11,TE,Jake,Tonges,SF,SF,2200,SEA@SF,1,FG_week11_exportin.csv
2024,11,week11,TE,Adam,Trautman,DEN,DEN,2200,ATL@DEN,1,FG_week11_exportin.csv
2024,11,week11,WR,Laquon,Treadwell,IND,IND,2200,IND@NYJ,1,FG_week11_exportin.csv
2024,11,week11,WR,DJ,Turner,LV,LV,2200,LV@MIA,1,FG_week11_exportin.csv
2024,11,week11,WR,KaVontae,Turpin,DAL,DAL,2200,HOU@DAL,1,FG_week11_exportin.csv
2024,11,week11,RB,Sione,Vaki,DET,DET,2200,JAC@DET,1,FG_week11_exportin.csv
2024,11,week11,TE,Nick,Vannett,TEN,TEN,2200,MIN@TEN,1,FG_week11_exportin.csv
2024,11,week11,RB,Deuce,Vaughn,DAL,DAL,2200,HOU@DAL,1,FG_week11_exportin.csv
2024,11,week11,RB,Kimani,Vidal,LAC,LAC,2200,CIN@LAC,1,FG_week11_exportin.csv
2024,11,week11,WR,Jalen,Virgil,BUF,BUF,2200,KC@BUF,1,FG_week11_exportin.csv
2024,11,week11,WR,Devontez,Walker,BAL,BAL,2200,BAL@PIT,1,FG_week11_exportin.csv
2024,11,week11,WR,Tylan,Wallace,BAL,BAL,2200,BAL@PIT,1,FG_week11_exportin.csv
2024,11,week11,TE,Darnell,Washington,PIT,PIT,2200,BAL@PIT,1,FG_week11_exportin.csv
2024,11,week11,WR,Malik,Washington,MIA,MIA,2200,LV@MIA,1,FG_week11_exportin.csv
2024,11,week11,WR,Parker,Washington,JAX,JAC,2200,JAC@DET,1,FG_week11_exportin.csv
2024,11,week11,WR,Casey,Washington,ATL,ATL,2200,ATL@DEN,1,FG_week11_exportin.csv
2024,11,week11,WR,Justin,Watson,KC,KC,2200,KC@BUF,1,FG_week11_exportin.csv
2024,11,week11,RB,Zamir,White,LV,LV,2200,LV@MIA,1,FG_week11_exportin.csv
2024,11,week11,TE,Josh,Whyle,TEN,TEN,2200,MIN@TEN,1,FG_week11_exportin.csv
2024,11,week11,TE,Mitchell,Wilcox,NE,NE,2200,LA@NE,1,FG_week11_exportin.csv
2024,11,week11,RB,Jamaal,Williams,NO,NO,2200,CLE@NO,1,FG_week11_exportin.csv
2024,11,week11,RB,Avery,Williams,ATL,ATL,2200,ATL@DEN,1,FG_week11_exportin.csv
2024,11,week11,RB,Trayveon,Williams,CIN,CIN,2200,CIN@LAC,1,FG_week11_exportin.csv
2024,11,week11,WR,Isaiah,Williams,CIN,CIN,2200,CIN@LAC,1,FG_week11_exportin.csv
2024,11,week11,TE,Brayden,Willis,SF,SF,2200,SEA@SF,1,FG_week11_exportin.csv
2024,11,week11,RB,Emanuel,Wilson,GB,GB,2200,GB@CHI,1,FG_week11_exportin.csv
2024,11,week11,WR,Johnny,Wilson,PHI,PHI,2200,WAS@PHI,1,FG_week11_exportin.csv
2024,11,week11,RB,Jeff,Wilson Jr.,MIA,MIA,2200,LV@MIA,1,FG_week11_exportin.csv
2024,11,week11,WR,Cedrick,Wilson Jr.,NO,NO,2200,CLE@NO,1,FG_week11_exportin.csv
2024,11,week11,TE,Charlie,Woerner,ATL,ATL,2200,ATL@DEN,1,FG_week11_exportin.csv
2024,11,week11,WR,Robert,Woods,HOU,HOU,2200,HOU@DAL,1,FG_week11_exportin.csv
2024,11,week11,RB,Jaylen,Wright,MIA,MIA,2200,LV@MIA,1,FG_week11_exportin.csv
2024,11,week11,TE,Brock,Wright,DET,DET,2200,JAC@DET,1,FG_week11_exportin.csv
2024,11,week11,TE,Colson,Yankoff,WAS,WAS,2200,WAS@PHI,1,FG_week11_exportin.csv
2024,11,week11,TE,Kenny,Yeboah,NYJ,NYJ,2200,IND@NYJ,1,FG_week11_exportin.csv
2024,11,week11,WR,Dareke,Young,SEA,SEA,2200,SEA@SF,1,FG_week11_exportin.csv
2024,11,week11,WR,Olamide,Zaccheaus,WAS,WAS,2200,WAS@PHI,1,FG_week11_exportin.csv
2024,11,week11,TE,Shane,Zylstra,DET,DET,2200,JAC@DET,1,FG_week11_exportin.csv
2024,12,week12,WR,Ja'Marr,Chase,CIN,CIN,8400,CIN@LAC,1,FG_week12_exportin.csv
2024,12,week12,RB,Saquon,Barkley,PHI,PHI,8000,PHI@LA,1,FG_week12_exportin.csv
2024,12,week12,WR,Nico,Collins,HOU,HOU,7800,HOU@DAL,1,FG_week12_exportin.csv
2024,12,week12,QB,Jalen,Hurts,PHI,PHI,7600,PHI@LA,1,FG_week12_exportin.csv
2024,12,week12,RB,Joe,Mixon,HOU,HOU,7600,TEN@HOU,1,FG_week12_exportin.csv
2024,12,week12,WR,Nico,Collins,HOU,HOU,7400,TEN@HOU,1,FG_week12_exportin.csv
2024,12,week12,RB,Jahmyr,Gibbs,DET,DET,7200,DET@IND,1,FG_week12_exportin.csv
2024,12,week12,WR,Amon-Ra,St. Brown,DET,DET,7200,DET@IND,1,FG_week12_exportin.csv
2024,12,week12,QB,Jayden,Daniels,WAS,WAS,7000,DAL@WAS,1,FG_week12_exportin.csv
2024,12,week12,RB,De'Von,Achane,MIA,MIA,6800,NE@MIA,1,FG_week12_exportin.csv
2024,12,week12,WR,Justin,Jefferson,MIN,MIN,6800,MIN@CHI,1,FG_week12_exportin.csv
2024,12,week12,WR,Cooper,Kupp,LAR,LA,6600,PHI@LA,1,FG_week12_exportin.csv
2024,12,week12,WR,CeeDee,Lamb,DAL,DAL,6600,DAL@WAS,1,FG_week12_exportin.csv
2024,12,week12,QB,Baker,Mayfield,TB,TB,6600,TB@NYG,1,FG_week12_exportin.csv
2024,12,week12,RB,Christian,McCaffrey,SF,SF,6600,SF@GB,1,FG_week12_exportin.csv
2024,12,week12,RB,David,Montgomery,DET,DET,6600,DET@IND,1,FG_week12_exportin.csv
2024,12,week12,QB,Kyler,Murray,ARI,ARI,6600,ARI@SEA,1,FG_week12_exportin.csv
2024,12,week12,WR,Puka,Nacua,LAR,LA,6600,PHI@LA,1,FG_week12_exportin.csv
2024,12,week12,QB,Bo,Nix,DEN,DEN,6600,DEN@LV,1,FG_week12_exportin.csv
2024,12,week12,QB,Brock,Purdy,SF,SF,6600,SF@GB,1,FG_week12_exportin.csv
2024,12,week12,RB,James,Conner,ARI,ARI,6400,ARI@SEA,1,FG_week12_exportin.csv
2024,12,week12,RB,Josh,Jacobs,GB,GB,6400,SF@GB,1,FG_week12_exportin.csv
2024,12,week12,WR,CeeDee,Lamb,DAL,DAL,6400,HOU@DAL,1,FG_week12_exportin.csv
2024,12,week12,QB,Patrick,Mahomes,KC,KC,6400,KC@CAR,1,FG_week12_exportin.csv
2024,12,week12,WR,A.J.,Brown,PHI,PHI,6200,PHI@LA,1,FG_week12_exportin.csv
2024,12,week12,RB,Kenneth,Walker III,SEA,SEA,6200,ARI@SEA,1,FG_week12_exportin.csv
2024,12,week12,RB,Kyren,Williams,LAR,LA,6200,PHI@LA,1,FG_week12_exportin.csv
2024,12,week12,QB,Jameis,Winston,CLE,CLE,6200,PIT@CLE,1,FG_week12_exportin.csv
2024,12,week12,WR,Tee,Higgins,CIN,CIN,6000,CIN@LAC,1,FG_week12_exportin.csv
2024,12,week12,WR,Drake,London,ATL,ATL,6000,ATL@DEN,1,FG_week12_exportin.csv
2024,12,week12,WR,Terry,McLaurin,WAS,WAS,6000,DAL@WAS,1,FG_week12_exportin.csv
2024,12,week12,WR,Malik,Nabers,NYG,NYG,6000,TB@NYG,1,FG_week12_exportin.csv
2024,12,week12,RB,Brian,Robinson Jr.,WAS,WAS,6000,DAL@WAS,1,FG_week12_exportin.csv
2024,12,week12,QB,Geno,Smith,SEA,SEA,6000,ARI@SEA,1,FG_week12_exportin.csv
2024,12,week12,RB,Jonathan,Taylor,IND,IND,6000,DET@IND,1,FG_week12_exportin.csv
2024,12,week12,WR,Garrett,Wilson,NYJ,NYJ,6000,IND@NYJ,1,FG_week12_exportin.csv
2024,12,week12,WR,Mike,Evans,TB,TB,5800,TB@NYG,1,FG_week12_exportin.csv
2024,12,week12,WR,Tyreek,Hill,MIA,MIA,5800,NE@MIA,1,FG_week12_exportin.csv
2024,12,week12,RB,Aaron,Jones,MIN,MIN,5800,MIN@CHI,1,FG_week12_exportin.csv
2024,12,week12,TE,George,Kittle,SF,SF,5800,SF@GB,1,FG_week12_exportin.csv
2024,12,week12,QB,Jordan,Love,GB,GB,5800,SF@GB,1,FG_week12_exportin.csv
2024,12,week12,WR,Jaxon,Smith-Njigba,SEA,SEA,5800,ARI@SEA,1,FG_week12_exportin.csv
2024,12,week12,RB,D'Andre,Swift,CHI,CHI,5800,MIN@CHI,1,FG_week12_exportin.csv
2024,12,week12,RB,Rachaad,White,TB,TB,5800,TB@NYG,1,FG_week12_exportin.csv
2024,12,week12,QB,Sam,Darnold,MIN,MIN,5600,MIN@CHI,1,FG_week12_exportin.csv
2024,12,week12,WR,Josh,Downs,IND,IND,5600,DET@IND,1,FG_week12_exportin.csv
2024,12,week12,QB,Jared,Goff,DET,DET,5600,DET@IND,1,FG_week12_exportin.csv
2024,12,week12,RB,Chuba,Hubbard,CAR,CAR,5600,KC@CAR,1,FG_week12_exportin.csv
2024,12,week12,WR,DK,Metcalf,SEA,SEA,5600,ARI@SEA,1,FG_week12_exportin.csv
2024,12,week12,WR,George,Pickens,PIT,PIT,5600,PIT@CLE,1,FG_week12_exportin.csv
2024,12,week12,QB,Anthony,Richardson,IND,IND,5600,DET@IND,1,FG_week12_exportin.csv
2024,12,week12,QB,Matthew,Stafford,LAR,LA,5600,PHI@LA,1,FG_week12_exportin.csv
2024,12,week12,WR,Courtland,Sutton,DEN,DEN,5600,DEN@LV,1,FG_week12_exportin.csv
2024,12,week12,TE,Brock,Bowers,LV,LV,5400,DEN@LV,1,FG_week12_exportin.csv
2024,12,week12,WR,Jakobi,Meyers,LV,LV,5400,DEN@LV,1,FG_week12_exportin.csv
2024,12,week12,QB,Tua,Tagovailoa,MIA,MIA,5400,NE@MIA,1,FG_week12_exportin.csv
2024,12,week12,RB,Tyrone,Tracy Jr.,NYG,NYG,5400,TB@NYG,1,FG_week12_exportin.csv
2024,12,week12,QB,Russell,Wilson,PIT,PIT,5400,PIT@CLE,1,FG_week12_exportin.csv
2024,12,week12,RB,Najee,Harris,PIT,PIT,5200,PIT@CLE,1,FG_week12_exportin.csv
2024,12,week12,WR,Marvin,Harrison Jr.,ARI,ARI,5200,ARI@SEA,1,FG_week12_exportin.csv
2024,12,week12,TE,Travis,Kelce,KC,KC,5200,KC@CAR,1,FG_week12_exportin.csv
2024,12,week12,WR,Ladd,McConkey,LAC,LAC,5200,CIN@LAC,1,FG_week12_exportin.csv
2024,12,week12,WR,Calvin,Ridley,TEN,TEN,5200,TEN@HOU,1,FG_week12_exportin.csv
2024,12,week12,RB,Rhamondre,Stevenson,NE,NE,5200,NE@MIA,1,FG_week12_exportin.csv
2024,12,week12,WR,Courtland,Sutton,DEN,DEN,5200,ATL@DEN,1,FG_week12_exportin.csv
2024,12,week12,WR,Davante,Adams,NYJ,NYJ,5000,IND@NYJ,1,FG_week12_exportin.csv
2024,12,week12,WR,Josh,Downs,IND,IND,5000,IND@NYJ,1,FG_week12_exportin.csv
2024,12,week12,WR,Jauan,Jennings,SF,SF,5000,SF@GB,1,FG_week12_exportin.csv
2024,12,week12,QB,Drake,Maye,NE,NE,5000,NE@MIA,1,FG_week12_exportin.csv
2024,12,week12,RB,Tony,Pollard,TEN,TEN,5000,TEN@HOU,1,FG_week12_exportin.csv
2024,12,week12,WR,Jayden,Reed,GB,GB,5000,SF@GB,1,FG_week12_exportin.csv
2024,12,week12,WR,Khalil,Shakir,BUF,BUF,5000,KC@BUF,1,FG_week12_exportin.csv
2024,12,week12,WR,DeVonta,Smith,PHI,PHI,5000,PHI@LA,1,FG_week12_exportin.csv
2024,12,week12,WR,Amari,Cooper,BUF,BUF,4800,KC@BUF,1,FG_week12_exportin.csv
2024,12,week12,RB,Rico,Dowdle,DAL,DAL,4800,DAL@WAS,1,FG_week12_exportin.csv
2024,12,week12,TE,Trey,McBride,ARI,ARI,4800,ARI@SEA,1,FG_week12_exportin.csv
2024,12,week12,QB,C.J.,Stroud,HOU,HOU,4800,TEN@HOU,1,FG_week12_exportin.csv
2024,12,week12,WR,Cedric,Tillman,CLE,CLE,4800,PIT@CLE,1,FG_week12_exportin.csv
2024,12,week12,WR,Jameson,Williams,DET,DET,4800,DET@IND,1,FG_week12_exportin.csv
2024,12,week12,WR,Tank,Dell,HOU,HOU,4600,TEN@HOU,1,FG_week12_exportin.csv
2024,12,week12,WR,Tank,Dell,HOU,HOU,4600,HOU@DAL,1,FG_week12_exportin.csv
2024,12,week12,WR,DeAndre,Hopkins,KC,KC,4600,KC@CAR,1,FG_week12_exportin.csv
2024,12,week12,WR,DeAndre,Hopkins,KC,KC,4600,KC@BUF,1,FG_week12_exportin.csv
2024,12,week12,WR,Jerry,Jeudy,CLE,CLE,4600,PIT@CLE,1,FG_week12_exportin.csv
2024,12,week12,WR,Deebo,Samuel Sr.,SF,SF,4600,SF@GB,1,FG_week12_exportin.csv
2024,12,week12,QB,Caleb,Williams,CHI,CHI,4600,MIN@CHI,1,FG_week12_exportin.csv
2024,12,week12,TE,David,Njoku,CLE,CLE,4400,PIT@CLE,1,FG_week12_exportin.csv
2024,12,week12,TE,Cade,Otton,TB,TB,4400,TB@NYG,1,FG_week12_exportin.csv
2024,12,week12,QB,Kyle,Allen,PIT,PIT,4200,PIT@CLE,1,FG_week12_exportin.csv
2024,12,week12,QB,Brandon,Allen,SF,SF,4200,SF@GB,1,FG_week12_exportin.csv
2024,12,week12,QB,Tyson,Bagent,CHI,CHI,4200,MIN@CHI,1,FG_week12_exportin.csv
2024,12,week12,QB,Stetson,Bennett,LAR,LA,4200,PHI@LA,1,FG_week12_exportin.csv
2024,12,week12,QB,Jacoby,Brissett,NE,NE,4200,NE@MIA,1,FG_week12_exportin.csv
2024,12,week12,WR,Keon,Coleman,BUF,BUF,4200,KC@BUF,1,FG_week12_exportin.csv
2024,12,week12,QB,Andy,Dalton,CAR,CAR,4200,KC@CAR,1,FG_week12_exportin.csv
2024,12,week12,QB,Tommy,DeVito,NYG,NYG,4200,TB@NYG,1,FG_week12_exportin.csv
2024,12,week12,QB,Joshua,Dobbs,SF,SF,4200,SF@GB,1,FG_week12_exportin.csv
2024,12,week12,QB,Jeff,Driskel,WAS,WAS,4200,DAL@WAS,1,FG_week12_exportin.csv
2024,12,week12,QB,Sam,Ehlinger,IND,IND,4200,DET@IND,1,FG_week12_exportin.csv
2024,12,week12,RB,Austin,Ekeler,WAS,WAS,4200,DAL@WAS,1,FG_week12_exportin.csv
2024,12,week12,QB,Justin,Fields,PIT,PIT,4200,PIT@CLE,1,FG_week12_exportin.csv
2024,12,week12,QB,Joe,Flacco,IND,IND,4200,DET@IND,1,FG_week12_exportin.csv
2024,12,week12,QB,Jimmy,Garoppolo,LAR,LA,4200,PHI@LA,1,FG_week12_exportin.csv
2024,12,week12,QB,Hendon,Hooker,DET,DET,4200,DET@IND,1,FG_week12_exportin.csv
2024,12,week12,QB,Sam,Howell,SEA,SEA,4200,ARI@SEA,1,FG_week12_exportin.csv
2024,12,week12,QB,Daniel,Jones,NYG,NYG,4200,TB@NYG,1,FG_week12_exportin.csv
2024,12,week12,QB,Trey,Lance,DAL,DAL,4200,DAL@WAS,1,FG_week12_exportin.csv
2024,12,week12,QB,Will,Levis,TEN,TEN,4200,TEN@HOU,1,FG_week12_exportin.csv
2024,12,week12,QB,Drew,Lock,NYG,NYG,4200,TB@NYG,1,FG_week12_exportin.csv
2024,12,week12,QB,Marcus,Mariota,WAS,WAS,4200,DAL@WAS,1,FG_week12_exportin.csv
2024,12,week12,QB,Tanner,McKee,PHI,PHI,4200,PHI@LA,1,FG_week12_exportin.csv
2024,12,week12,QB,Davis,Mills,HOU,HOU,4200,TEN@HOU,1,FG_week12_exportin.csv
2024,12,week12,QB,Joe,Milton III,NE,NE,4200,NE@MIA,1,FG_week12_exportin.csv
2024,12,week12,QB,Gardner,Minshew II,LV,LV,4200,DEN@LV,1,FG_week12_exportin.csv
2024,12,week12,QB,Nick,Mullens,MIN,MIN,4200,MIN@CHI,1,FG_week12_exportin.csv
2024,12,week12,QB,Kenny,Pickett,PHI,PHI,4200,PHI@LA,1,FG_week12_exportin.csv
2024,12,week12,QB,Dak,Prescott,DAL,DAL,4200,DAL@WAS,1,FG_week12_exportin.csv
2024,12,week12,QB,Desmond,Ridder,LV,LV,4200,DEN@LV,1,FG_week12_exportin.csv
2024,12,week12,QB,Mason,Rudolph,TEN,TEN,4200,TEN@HOU,1,FG_week12_exportin.csv
2024,12,week12,QB,Cooper,Rush,DAL,DAL,4200,DAL@WAS,1,FG_week12_exportin.csv
2024,12,week12,QB,Brett,Rypien,MIN,MIN,4200,MIN@CHI,1,FG_week12_exportin.csv
2024,12,week12,QB,Jarrett,Stidham,DEN,DEN,4200,DEN@LV,1,FG_week12_exportin.csv
2024,12,week12,QB,Skylar,Thompson,MIA,MIA,4200,NE@MIA,1,FG_week12_exportin.csv
2024,12,week12,QB,Dorian,Thompson-Robinson,CLE,CLE,4200,PIT@CLE,1,FG_week12_exportin.csv
2024,12,week12,QB,Kyle,Trask,TB,TB,4200,TB@NYG,1,FG_week12_exportin.csv
2024,12,week12,QB,Clayton,Tune,ARI,ARI,4200,ARI@SEA,1,FG_week12_exportin.csv
2024,12,week12,QB,Carson,Wentz,KC,KC,4200,KC@CAR,1,FG_week12_exportin.csv
2024,12,week12,QB,Malik,Willis,GB,GB,4200,SF@GB,1,FG_week12_exportin.csv
2024,12,week12,QB,Zach,Wilson,DEN,DEN,4200,DEN@LV,1,FG_week12_exportin.csv
2024,12,week12,QB,Bryce,Young,CAR,CAR,4200,KC@CAR,1,FG_week12_exportin.csv
2024,12,week12,QB,Bailey,Zappe,CLE,CLE,4200,PIT@CLE,1,FG_week12_exportin.csv
2024,12,week12,WR,Jordan,Addison,MIN,MIN,4000,MIN@CHI,1,FG_week12_exportin.csv
2024,12,week12,RB,Nick,Chubb,CLE,CLE,4000,PIT@CLE,1,FG_week12_exportin.csv
2024,12,week12,RB,Kareem,Hunt,KC,KC,4000,KC@CAR,1,FG_week12_exportin.csv
2024,12,week12,WR,Quentin,Johnston,LAC,LAC,4000,CIN@LAC,1,FG_week12_exportin.csv
2024,12,week12,WR,DJ,Moore,CHI,CHI,4000,MIN@CHI,1,FG_week12_exportin.csv
2024,12,week12,RB,Isiah,Pacheco,KC,KC,4000,KC@CAR,1,FG_week12_exportin.csv
2024,12,week12,WR,Xavier,Worthy,KC,KC,4000,KC@CAR,1,FG_week12_exportin.csv
2024,12,week12,WR,Romeo,Doubs,GB,GB,3800,SF@GB,1,FG_week12_exportin.csv
2024,12,week12,RB,Bucky,Irving,TB,TB,3800,TB@NYG,1,FG_week12_exportin.csv
2024,12,week12,RB,Alexander,Mattison,LV,LV,3800,DEN@LV,1,FG_week12_exportin.csv
2024,12,week12,WR,Rome,Odunze,CHI,CHI,3800,MIN@CHI,1,FG_week12_exportin.csv
2024,12,week12,WR,Demarcus,Robinson,LAR,LA,3800,PHI@LA,1,FG_week12_exportin.csv
2024,12,week12,WR,Darius,Slayton,NYG,NYG,3800,TB@NYG,1,FG_week12_exportin.csv
2024,12,week12,TE,Jonnu,Smith,MIA,MIA,3800,NE@MIA,1,FG_week12_exportin.csv
2024,12,week12,WR,Christian,Watson,GB,GB,3800,SF@GB,1,FG_week12_exportin.csv
2024,12,week12,WR,Nick,Westbrook-Ikhine,TEN,TEN,3800,TEN@HOU,1,FG_week12_exportin.csv
2024,12,week12,WR,Keenan,Allen,CHI,CHI,3600,MIN@CHI,1,FG_week12_exportin.csv
2024,12,week12,WR,DeMario,Douglas,NE,NE,3600,NE@MIA,1,FG_week12_exportin.csv
2024,12,week12,TE,T.J.,Hockenson,MIN,MIN,3600,MIN@CHI,1,FG_week12_exportin.csv
2024,12,week12,WR,Xavier,Legette,CAR,CAR,3600,KC@CAR,1,FG_week12_exportin.csv
2024,12,week12,WR,Tyler,Lockett,SEA,SEA,3600,ARI@SEA,1,FG_week12_exportin.csv
2024,12,week12,WR,Ricky,Pearsall,SF,SF,3600,SF@GB,1,FG_week12_exportin.csv
2024,12,week12,WR,Wan'Dale,Robinson,NYG,NYG,3600,TB@NYG,1,FG_week12_exportin.csv
2024,12,week12,WR,Jaylen,Waddle,MIA,MIA,3600,NE@MIA,1,FG_week12_exportin.csv
2024,12,week12,RB,Javonte,Williams,DEN,DEN,3600,DEN@LV,1,FG_week12_exportin.csv
2024,12,week12,WR,Noah,Brown,WAS,WAS,3400,DAL@WAS,1,FG_week12_exportin.csv
2024,12,week12,TE,Zach,Ertz,WAS,WAS,3400,DAL@WAS,1,FG_week12_exportin.csv
2024,12,week12,TE,Dallas,Goedert,PHI,PHI,3400,PHI@LA,1,FG_week12_exportin.csv
2024,12,week12,TE,Tucker,Kraft,GB,GB,3400,SF@GB,1,FG_week12_exportin.csv
2024,12,week12,TE,Sam,LaPorta,DET,DET,3400,DET@IND,1,FG_week12_exportin.csv
2024,12,week12,WR,Elijah,Moore,CLE,CLE,3400,PIT@CLE,1,FG_week12_exportin.csv
2024,12,week12,RB,Raheem,Mostert,MIA,MIA,3400,NE@MIA,1,FG_week12_exportin.csv
2024,12,week12,WR,Alec,Pierce,IND,IND,3400,DET@IND,1,FG_week12_exportin.csv
2024,12,week12,WR,Michael,Pittman Jr.,IND,IND,3400,IND@NYJ,1,FG_week12_exportin.csv
2024,12,week12,RB,Tyjae,Spears,TEN,TEN,3400,TEN@HOU,1,FG_week12_exportin.csv
2024,12,week12,WR,Adam,Thielen,CAR,CAR,3400,KC@CAR,1,FG_week12_exportin.csv
2024,12,week12,WR,Brandin,Cooks,DAL,DAL,3200,DAL@WAS,1,FG_week12_exportin.csv
2024,12,week12,TE,Jake,Ferguson,DAL,DAL,3200,DAL@WAS,1,FG_week12_exportin.csv
2024,12,week12,WR,Alec,Pierce,IND,IND,3200,IND@NYJ,1,FG_week12_exportin.csv
2024,12,week12,WR,Michael,Pittman Jr.,IND,IND,3200,DET@IND,1,FG_week12_exportin.csv
2024,12,week12,WR,Jalen,Tolbert,DAL,DAL,3200,HOU@DAL,1,FG_week12_exportin.csv
2024,12,week12,WR,Devaughn,Vele,DEN,DEN,3200,DEN@LV,1,FG_week12_exportin.csv
2024,12,week12,RB,Jaylen,Warren,PIT,PIT,3200,PIT@CLE,1,FG_week12_exportin.csv
2024,12,week12,WR,Xavier,Worthy,KC,KC,3200,KC@BUF,1,FG_week12_exportin.csv
2024,12,week12,WR,Kendrick,Bourne,NE,NE,3000,NE@MIA,1,FG_week12_exportin.csv
2024,12,week12,WR,Kayshon,Boutte,NE,NE,3000,NE@MIA,1,FG_week12_exportin.csv
2024,12,week12,RB,Zach,Charbonnet,SEA,SEA,3000,ARI@SEA,1,FG_week12_exportin.csv
2024,12,week12,WR,Jalen,Coker,CAR,CAR,3000,KC@CAR,1,FG_week12_exportin.csv
2024,12,week12,RB,Jerome,Ford,CLE,CLE,3000,PIT@CLE,1,FG_week12_exportin.csv
2024,12,week12,RB,Roschon,Johnson,CHI,CHI,3000,MIN@CHI,1,FG_week12_exportin.csv
2024,12,week12,TE,Cole,Kmet,CHI,CHI,3000,MIN@CHI,1,FG_week12_exportin.csv
2024,12,week12,WR,Joshua,Palmer,LAC,LAC,3000,CIN@LAC,1,FG_week12_exportin.csv
2024,12,week12,WR,JuJu,Smith-Schuster,KC,KC,3000,KC@BUF,1,FG_week12_exportin.csv
2024,12,week12,WR,Jalen,Tolbert,DAL,DAL,3000,DAL@WAS,1,FG_week12_exportin.csv
2024,12,week12,WR,Calvin,Austin III,PIT,PIT,2800,PIT@CLE,1,FG_week12_exportin.csv
2024,12,week12,TE,Noah,Fant,SEA,SEA,2800,ARI@SEA,1,FG_week12_exportin.csv
2024,12,week12,TE,Pat,Freiermuth,PIT,PIT,2800,PIT@CLE,1,FG_week12_exportin.csv
2024,12,week12,TE,Hunter,Henry,NE,NE,2800,NE@MIA,1,FG_week12_exportin.csv
2024,12,week12,TE,Dalton,Schultz,HOU,HOU,2800,TEN@HOU,1,FG_week12_exportin.csv
2024,12,week12,WR,Sterling,Shepard,TB,TB,2800,TB@NYG,1,FG_week12_exportin.csv
2024,12,week12,RB,Devin,Singletary,NYG,NYG,2800,TB@NYG,1,FG_week12_exportin.csv
2024,12,week12,WR,Devaughn,Vele,DEN,DEN,2800,ATL@DEN,1,FG_week12_exportin.csv
2024,12,week12,WR,Michael,Wilson,ARI,ARI,2800,ARI@SEA,1,FG_week12_exportin.csv
2024,12,week12,RB,Cam,Akers,MIN,MIN,2600,MIN@CHI,1,FG_week12_exportin.csv
2024,12,week12,TE,Josh,Oliver,MIN,MIN,2600,MIN@CHI,1,FG_week12_exportin.csv
2024,12,week12,WR,JuJu,Smith-Schuster,KC,KC,2600,KC@CAR,1,FG_week12_exportin.csv
2024,12,week12,WR,Tre,Tucker,LV,LV,2600,DEN@LV,1,FG_week12_exportin.csv
2024,12,week12,WR,Mike,Williams,PIT,PIT,2600,PIT@CLE,1,FG_week12_exportin.csv
2024,12,week12,RB,Jonathon,Brooks,CAR,CAR,2400,KC@CAR,1,FG_week12_exportin.csv
2024,12,week12,WR,DJ,Chark Jr.,LAC,LAC,2400,CIN@LAC,1,FG_week12_exportin.csv
2024,12,week12,WR,Lil'Jordan,Humphrey,DEN,DEN,2400,DEN@LV,1,FG_week12_exportin.csv
2024,12,week12,WR,Jalen,McMillan,TB,TB,2400,TB@NYG,1,FG_week12_exportin.csv
2024,12,week12,WR,Trey,Palmer,TB,TB,2400,TB@NYG,1,FG_week12_exportin.csv
2024,12,week12,TE,Ja'Tavion,Sanders,CAR,CAR,2400,KC@CAR,1,FG_week12_exportin.csv
2024,12,week12,WR,DJ,Turner,LV,LV,2400,DEN@LV,1,FG_week12_exportin.csv
2024,12,week12,WR,Dontayvion,Wicks,GB,GB,2400,SF@GB,1,FG_week12_exportin.csv
2024,12,week12,RB,Ameer,Abdullah,LV,LV,2200,DEN@LV,1,FG_week12_exportin.csv
2024,12,week12,TE,Nate,Adkins,DEN,DEN,2200,DEN@LV,1,FG_week12_exportin.csv
2024,12,week12,TE,Jordan,Akins,CLE,CLE,2200,PIT@CLE,1,FG_week12_exportin.csv
2024,12,week12,TE,Mo,Alie-Cox,IND,IND,2200,DET@IND,1,FG_week12_exportin.csv
2024,12,week12,TE,Davis,Allen,LAR,LA,2200,PHI@LA,1,FG_week12_exportin.csv
2024,12,week12,WR,Tutu,Atwell,LAR,LA,2200,PHI@LA,1,FG_week12_exportin.csv
2024,12,week12,RB,Tyler,Badie,DEN,DEN,2200,DEN@LV,1,FG_week12_exportin.csv
2024,12,week12,WR,Javon,Baker,NE,NE,2200,NE@MIA,1,FG_week12_exportin.csv
2024,12,week12,TE,AJ,Barner,SEA,SEA,2200,ARI@SEA,1,FG_week12_exportin.csv
2024,12,week12,TE,John,Bates,WAS,WAS,2200,DAL@WAS,1,FG_week12_exportin.csv
2024,12,week12,WR,Odell,Beckham Jr.,MIA,MIA,2200,NE@MIA,1,FG_week12_exportin.csv
2024,12,week12,TE,Jaheim,Bell,NE,NE,2200,NE@MIA,1,FG_week12_exportin.csv
2024,12,week12,WR,Ronnie,Bell,SF,SF,2200,SF@GB,1,FG_week12_exportin.csv
2024,12,week12,TE,Daniel,Bellinger,NYG,NYG,2200,TB@NYG,1,FG_week12_exportin.csv
2024,12,week12,RB,Trey,Benson,ARI,ARI,2200,ARI@SEA,1,FG_week12_exportin.csv
2024,12,week12,WR,Braxton,Berrios,MIA,MIA,2200,NE@MIA,1,FG_week12_exportin.csv
2024,12,week12,RB,Raheem,Blackshear,CAR,CAR,2200,KC@CAR,1,FG_week12_exportin.csv
2024,12,week12,WR,Chris,Blair,ATL,ATL,2200,ATL@DEN,1,FG_week12_exportin.csv
2024,12,week12,WR,Jake,Bobo,SEA,SEA,2200,ARI@SEA,1,FG_week12_exportin.csv
2024,12,week12,WR,Tyler,Boyd,TEN,TEN,2200,TEN@HOU,1,FG_week12_exportin.csv
2024,12,week12,RB,Chris,Brooks,GB,GB,2200,SF@GB,1,FG_week12_exportin.csv
2024,12,week12,WR,Jalen,Brooks,DAL,DAL,2200,DAL@WAS,1,FG_week12_exportin.csv
2024,12,week12,WR,Jalen,Brooks,DAL,DAL,2200,HOU@DAL,1,FG_week12_exportin.csv
2024,12,week12,TE,Pharaoh,Brown,SEA,SEA,2200,ARI@SEA,1,FG_week12_exportin.csv
2024,12,week12,WR,Dyami,Brown,WAS,WAS,2200,DAL@WAS,1,FG_week12_exportin.csv
2024,12,week12,TE,Harrison,Bryant,LV,LV,2200,DEN@LV,1,FG_week12_exportin.csv
2024,12,week12,WR,Treylon,Burks,TEN,TEN,2200,TEN@HOU,1,FG_week12_exportin.csv
2024,12,week12,RB,Michael,Burton,DEN,DEN,2200,DEN@LV,1,FG_week12_exportin.csv
2024,12,week12,WR,Jermaine,Burton,CIN,CIN,2200,CIN@LAC,1,FG_week12_exportin.csv
2024,12,week12,TE,Grant,Calcaterra,PHI,PHI,2200,PHI@LA,1,FG_week12_exportin.csv
2024,12,week12,TE,Stephen,Carlson,CHI,CHI,2200,MIN@CHI,1,FG_week12_exportin.csv
2024,12,week12,WR,DeAndre,Carter,CHI,CHI,2200,MIN@CHI,1,FG_week12_exportin.csv
2024,12,week12,RB,Ty,Chandler,MIN,MIN,2200,MIN@CHI,1,FG_week12_exportin.csv
2024,12,week12,WR,Irvin,Charles,NYJ,NYJ,2200,IND@NYJ,1,FG_week12_exportin.csv
2024,12,week12,RB,Julius,Chestnut,TEN,TEN,2200,TEN@HOU,1,FG_week12_exportin.csv
2024,12,week12,WR,Chris,Conley,SF,SF,2200,SF@GB,1,FG_week12_exportin.csv
2024,12,week12,WR,Malachi,Corley,NYJ,NYJ,2200,IND@NYJ,1,FG_week12_exportin.csv
2024,12,week12,RB,Blake,Corum,LAR,LA,2200,PHI@LA,1,FG_week12_exportin.csv
2024,12,week12,WR,Britain,Covey,PHI,PHI,2200,PHI@LA,1,FG_week12_exportin.csv
2024,12,week12,WR,Jacob,Cowing,SF,SF,2200,SF@GB,1,FG_week12_exportin.csv
2024,12,week12,WR,River,Cracraft,MIA,MIA,2200,NE@MIA,1,FG_week12_exportin.csv
2024,12,week12,WR,Jalen,Cropper,DAL,DAL,2200,HOU@DAL,1,FG_week12_exportin.csv
2024,12,week12,WR,Jamison,Crowder,WAS,WAS,2200,DAL@WAS,1,FG_week12_exportin.csv
2024,12,week12,TE,Devin,Culp,TB,TB,2200,TB@NYG,1,FG_week12_exportin.csv
2024,12,week12,RB,DeeJay,Dallas,ARI,ARI,2200,ARI@SEA,1,FG_week12_exportin.csv
2024,12,week12,WR,Jaelon,Darden,CLE,CLE,2200,PIT@CLE,1,FG_week12_exportin.csv
2024,12,week12,WR,Derius,Davis,LAC,LAC,2200,CIN@LAC,1,FG_week12_exportin.csv
2024,12,week12,RB,Emari,Demercado,ARI,ARI,2200,ARI@SEA,1,FG_week12_exportin.csv
2024,12,week12,WR,Greg,Dortch,ARI,ARI,2200,ARI@SEA,1,FG_week12_exportin.csv
2024,12,week12,WR,Jahan,Dotson,PHI,PHI,2200,PHI@LA,1,FG_week12_exportin.csv
2024,12,week12,WR,Colton,Dowell,TEN,TEN,2200,TEN@HOU,1,FG_week12_exportin.csv
2024,12,week12,WR,Grant,DuBose,MIA,MIA,2200,NE@MIA,1,FG_week12_exportin.csv
2024,12,week12,TE,Greg,Dulcich,DEN,DEN,2200,DEN@LV,1,FG_week12_exportin.csv
2024,12,week12,WR,Ashton,Dulin,IND,IND,2200,DET@IND,1,FG_week12_exportin.csv
2024,12,week12,WR,Ashton,Dulin,IND,IND,2200,IND@NYJ,1,FG_week12_exportin.csv
2024,12,week12,TE,Payne,Durham,TB,TB,2200,TB@NYG,1,FG_week12_exportin.csv
2024,12,week12,RB,Clyde,Edwards-Helaire,KC,KC,2200,KC@CAR,1,FG_week12_exportin.csv
2024,12,week12,RB,Ezekiel,Elliott,DAL,DAL,2200,DAL@WAS,1,FG_week12_exportin.csv
2024,12,week12,WR,Dee,Eskridge,MIA,MIA,2200,NE@MIA,1,FG_week12_exportin.csv
2024,12,week12,RB,Audric,Estime,DEN,DEN,2200,DEN@LV,1,FG_week12_exportin.csv
2024,12,week12,TE,Gerald,Everett,CHI,CHI,2200,MIN@CHI,1,FG_week12_exportin.csv
2024,12,week12,TE,John,FitzPatrick,GB,GB,2200,SF@GB,1,FG_week12_exportin.csv
2024,12,week12,WR,Ryan,Flournoy,DAL,DAL,2200,DAL@WAS,1,FG_week12_exportin.csv
2024,12,week12,WR,Ryan,Flournoy,DAL,DAL,2200,HOU@DAL,1,FG_week12_exportin.csv
2024,12,week12,WR,Bryce,Ford-Wheaton,NYG,NYG,2200,TB@NYG,1,FG_week12_exportin.csv
2024,12,week12,RB,D'Onta,Foreman,CLE,CLE,2200,PIT@CLE,1,FG_week12_exportin.csv
2024,12,week12,WR,Troy,Franklin,DEN,DEN,2200,DEN@LV,1,FG_week12_exportin.csv
2024,12,week12,WR,Troy,Franklin,DEN,DEN,2200,ATL@DEN,1,FG_week12_exportin.csv
2024,12,week12,TE,Feleipe,Franks,CAR,CAR,2200,KC@CAR,1,FG_week12_exportin.csv
2024,12,week12,RB,Kenneth,Gainwell,PHI,PHI,2200,PHI@LA,1,FG_week12_exportin.csv
2024,12,week12,RB,Antonio,Gibson,NE,NE,2200,NE@MIA,1,FG_week12_exportin.csv
2024,12,week12,WR,Xavier,Gipson,NYJ,NYJ,2200,IND@NYJ,1,FG_week12_exportin.csv
2024,12,week12,RB,Tyler,Goodson,IND,IND,2200,DET@IND,1,FG_week12_exportin.csv
2024,12,week12,WR,Anthony,Gould,IND,IND,2200,DET@IND,1,FG_week12_exportin.csv
2024,12,week12,WR,Anthony,Gould,IND,IND,2200,IND@NYJ,1,FG_week12_exportin.csv
2024,12,week12,TE,Kylen,Granson,IND,IND,2200,DET@IND,1,FG_week12_exportin.csv
2024,12,week12,RB,Eric,Gray,NYG,NYG,2200,TB@NYG,1,FG_week12_exportin.csv
2024,12,week12,TE,Noah,Gray,KC,KC,2200,KC@CAR,1,FG_week12_exportin.csv
2024,12,week12,RB,Isaac,Guerendo,SF,SF,2200,SF@GB,1,FG_week12_exportin.csv
2024,12,week12,RB,C.J.,Ham,MIN,MIN,2200,MIN@CHI,1,FG_week12_exportin.csv
2024,12,week12,WR,KJ,Hamler,BUF,BUF,2200,KC@BUF,1,FG_week12_exportin.csv
2024,12,week12,WR,Mecole,Hardman,KC,KC,2200,KC@CAR,1,FG_week12_exportin.csv
2024,12,week12,WR,Mecole,Hardman,KC,KC,2200,KC@BUF,1,FG_week12_exportin.csv
2024,12,week12,RB,JaMycal,Hasty,NE,NE,2200,NE@MIA,1,FG_week12_exportin.csv
2024,12,week12,WR,Malik,Heath,GB,GB,2200,SF@GB,1,FG_week12_exportin.csv
2024,12,week12,TE,Peyton,Hendershot,KC,KC,2200,KC@CAR,1,FG_week12_exportin.csv
2024,12,week12,TE,Connor,Heyward,PIT,PIT,2200,PIT@CLE,1,FG_week12_exportin.csv
2024,12,week12,TE,Tyler,Higbee,LAR,LA,2200,PHI@LA,1,FG_week12_exportin.csv
2024,12,week12,TE,Elijah,Higgins,ARI,ARI,2200,ARI@SEA,1,FG_week12_exportin.csv
2024,12,week12,TE,Julian,Hill,MIA,MIA,2200,NE@MIA,1,FG_week12_exportin.csv
2024,12,week12,WR,Mack,Hollins,BUF,BUF,2200,KC@BUF,1,FG_week12_exportin.csv
2024,12,week12,RB,Travis,Homer,CHI,CHI,2200,MIN@CHI,1,FG_week12_exportin.csv
2024,12,week12,TE,Austin,Hooper,NE,NE,2200,NE@MIA,1,FG_week12_exportin.csv
2024,12,week12,WR,Lil'Jordan,Humphrey,DEN,DEN,2200,ATL@DEN,1,FG_week12_exportin.csv
2024,12,week12,WR,Xavier,Hutchinson,HOU,HOU,2200,TEN@HOU,1,FG_week12_exportin.csv
2024,12,week12,WR,Xavier,Hutchinson,HOU,HOU,2200,HOU@DAL,1,FG_week12_exportin.csv
2024,12,week12,WR,Jalin,Hyatt,NYG,NYG,2200,TB@NYG,1,FG_week12_exportin.csv
2024,12,week12,RB,Alec,Ingold,MIA,MIA,2200,NE@MIA,1,FG_week12_exportin.csv
2024,12,week12,WR,Andrei,Iosivas,CIN,CIN,2200,CIN@LAC,1,FG_week12_exportin.csv
2024,12,week12,WR,Trenton,Irwin,CIN,CIN,2200,CIN@LAC,1,FG_week12_exportin.csv
2024,12,week12,WR,Jha'Quan,Jackson,TEN,TEN,2200,TEN@HOU,1,FG_week12_exportin.csv
2024,12,week12,WR,Rakim,Jarrett,TB,TB,2200,TB@NYG,1,FG_week12_exportin.csv
2024,12,week12,WR,Van,Jefferson,PIT,PIT,2200,PIT@CLE,1,FG_week12_exportin.csv
2024,12,week12,TE,Theo,Johnson,NYG,NYG,2200,TB@NYG,1,FG_week12_exportin.csv
2024,12,week12,WR,Kameron,Johnson,TB,TB,2200,TB@NYG,1,FG_week12_exportin.csv
2024,12,week12,WR,Tyler,Johnson,LAR,LA,2200,PHI@LA,1,FG_week12_exportin.csv
2024,12,week12,WR,Zay,Jones,ARI,ARI,2200,ARI@SEA,1,FG_week12_exportin.csv
2024,12,week12,WR,Charlie,Jones,CIN,CIN,2200,CIN@LAC,1,FG_week12_exportin.csv
2024,12,week12,RB,Kyle,Juszczyk,SF,SF,2200,SF@GB,1,FG_week12_exportin.csv
2024,12,week12,RB,Joshua,Kelley,TEN,TEN,2200,TEN@HOU,1,FG_week12_exportin.csv
2024,12,week12,WR,Ramel,Keyton,LV,LV,2200,DEN@LV,1,FG_week12_exportin.csv
2024,12,week12,TE,Ko,Kieft,TB,TB,2200,TB@NYG,1,FG_week12_exportin.csv
2024,12,week12,TE,Lucas,Krull,DEN,DEN,2200,DEN@LV,1,FG_week12_exportin.csv
2024,12,week12,RB,Dylan,Laube,LV,LV,2200,DEN@LV,1,FG_week12_exportin.csv
2024,12,week12,TE,Marcedes,Lewis,CHI,CHI,2200,MIN@CHI,1,FG_week12_exportin.csv
2024,12,week12,RB,MarShawn,Lloyd,GB,GB,2200,SF@GB,1,FG_week12_exportin.csv
2024,12,week12,TE,Hunter,Long,LAR,LA,2200,PHI@LA,1,FG_week12_exportin.csv
2024,12,week12,RB,Hunter,Luepke,DAL,DAL,2200,DAL@WAS,1,FG_week12_exportin.csv
2024,12,week12,TE,Tyler,Mabry,SEA,SEA,2200,ARI@SEA,1,FG_week12_exportin.csv
2024,12,week12,TE,Will,Mallory,IND,IND,2200,DET@IND,1,FG_week12_exportin.csv
2024,12,week12,TE,Chris,Manhertz,NYG,NYG,2200,TB@NYG,1,FG_week12_exportin.csv
2024,12,week12,WR,Terrace,Marshall Jr.,LV,LV,2200,DEN@LV,1,FG_week12_exportin.csv
2024,12,week12,TE,David,Martin-Robinson,TEN,TEN,2200,TEN@HOU,1,FG_week12_exportin.csv
2024,12,week12,RB,Jordan,Mason,SF,SF,2200,SF@GB,1,FG_week12_exportin.csv
2024,12,week12,TE,Michael,Mayer,LV,LV,2200,DEN@LV,1,FG_week12_exportin.csv
2024,12,week12,WR,Luke,McCaffrey,WAS,WAS,2200,DAL@WAS,1,FG_week12_exportin.csv
2024,12,week12,RB,Kenny,McIntosh,SEA,SEA,2200,ARI@SEA,1,FG_week12_exportin.csv
2024,12,week12,RB,Jaleel,McLaughlin,DEN,DEN,2200,DEN@LV,1,FG_week12_exportin.csv
2024,12,week12,RB,Jeremy,McNichols,WAS,WAS,2200,DAL@WAS,1,FG_week12_exportin.csv
2024,12,week12,WR,Bo,Melton,GB,GB,2200,SF@GB,1,FG_week12_exportin.csv
2024,12,week12,WR,John,Metchie III,HOU,HOU,2200,TEN@HOU,1,FG_week12_exportin.csv
2024,12,week12,WR,John,Metchie III,HOU,HOU,2200,HOU@DAL,1,FG_week12_exportin.csv
2024,12,week12,WR,Scotty,Miller,PIT,PIT,2200,PIT@CLE,1,FG_week12_exportin.csv
2024,12,week12,WR,Ryan,Miller,TB,TB,2200,TB@NYG,1,FG_week12_exportin.csv
2024,12,week12,WR,Marvin,Mims Jr.,DEN,DEN,2200,DEN@LV,1,FG_week12_exportin.csv
2024,12,week12,WR,Marvin,Mims Jr.,DEN,DEN,2200,ATL@DEN,1,FG_week12_exportin.csv
2024,12,week12,WR,Jonathan,Mingo,DAL,DAL,2200,DAL@WAS,1,FG_week12_exportin.csv
2024,12,week12,WR,Jonathan,Mingo,DAL,DAL,2200,HOU@DAL,1,FG_week12_exportin.csv
2024,12,week12,TE,James,Mitchell,DET,DET,2200,DET@IND,1,FG_week12_exportin.csv
2024,12,week12,WR,Adonai,Mitchell,IND,IND,2200,DET@IND,1,FG_week12_exportin.csv
2024,12,week12,WR,Adonai,Mitchell,IND,IND,2200,IND@NYJ,1,FG_week12_exportin.csv
2024,12,week12,WR,David,Moore,CAR,CAR,2200,KC@CAR,1,FG_week12_exportin.csv
2024,12,week12,WR,Skyy,Moore,KC,KC,2200,KC@CAR,1,FG_week12_exportin.csv
2024,12,week12,TE,Johnny,Mundt,MIN,MIN,2200,MIN@CHI,1,FG_week12_exportin.csv
2024,12,week12,TE,Luke,Musgrave,GB,GB,2200,SF@GB,1,FG_week12_exportin.csv
2024,12,week12,WR,Jalen,Nailor,MIN,MIN,2200,MIN@CHI,1,FG_week12_exportin.csv
2024,12,week12,TE,Drew,Ogletree,IND,IND,2200,DET@IND,1,FG_week12_exportin.csv
2024,12,week12,RB,Dare,Ogunbowale,HOU,HOU,2200,TEN@HOU,1,FG_week12_exportin.csv
2024,12,week12,TE,Chig,Okonkwo,TEN,TEN,2200,TEN@HOU,1,FG_week12_exportin.csv
2024,12,week12,WR,Bryce,Oliver,TEN,TEN,2200,TEN@HOU,1,FG_week12_exportin.csv
2024,12,week12,WR,Gunner,Olszewski,NYG,NYG,2200,TB@NYG,1,FG_week12_exportin.csv
2024,12,week12,WR,K.J.,Osborn,NE,NE,2200,NE@MIA,1,FG_week12_exportin.csv
2024,12,week12,TE,Colby,Parkinson,LAR,LA,2200,PHI@LA,1,FG_week12_exportin.csv
2024,12,week12,WR,Zach,Pascal,ARI,ARI,2200,ARI@SEA,1,FG_week12_exportin.csv
2024,12,week12,WR,Tim,Patrick,DET,DET,2200,DET@IND,1,FG_week12_exportin.csv
2024,12,week12,RB,Cordarrelle,Patterson,PIT,PIT,2200,PIT@CLE,1,FG_week12_exportin.csv
2024,12,week12,RB,Samaje,Perine,KC,KC,2200,KC@CAR,1,FG_week12_exportin.csv
2024,12,week12,RB,Dameon,Pierce,HOU,HOU,2200,TEN@HOU,1,FG_week12_exportin.csv
2024,12,week12,WR,Ja'Lynn,Polk,NE,NE,2200,NE@MIA,1,FG_week12_exportin.csv
2024,12,week12,WR,Brandon,Powell,MIN,MIN,2200,MIN@CHI,1,FG_week12_exportin.csv
2024,12,week12,TE,MyCole,Pruitt,PIT,PIT,2200,PIT@CLE,1,FG_week12_exportin.csv
2024,12,week12,TE,Teagan,Quitoriano,HOU,HOU,2200,TEN@HOU,1,FG_week12_exportin.csv
2024,12,week12,WR,Kalif,Raymond,DET,DET,2200,DET@IND,1,FG_week12_exportin.csv
2024,12,week12,WR,Jalen,Reagor,LAC,LAC,2200,CIN@LAC,1,FG_week12_exportin.csv
2024,12,week12,TE,Tip,Reiman,ARI,ARI,2200,ARI@SEA,1,FG_week12_exportin.csv
2024,12,week12,RB,Craig,Reynolds,DET,DET,2200,DET@IND,1,FG_week12_exportin.csv
2024,12,week12,WR,Josh,Reynolds,DEN,DEN,2200,DEN@LV,1,FG_week12_exportin.csv
2024,12,week12,RB,Ronnie,Rivers,LAR,LA,2200,PHI@LA,1,FG_week12_exportin.csv
2024,12,week12,WR,Allen,Robinson,DET,DET,2200,DET@IND,1,FG_week12_exportin.csv
2024,12,week12,RB,Chris,Rodriguez Jr.,WAS,WAS,2200,DAL@WAS,1,FG_week12_exportin.csv
2024,12,week12,WR,Justyn,Ross,KC,KC,2200,KC@BUF,1,FG_week12_exportin.csv
2024,12,week12,TE,Brady,Russell,SEA,SEA,2200,ARI@SEA,1,FG_week12_exportin.csv
2024,12,week12,WR,Curtis,Samuel,BUF,BUF,2200,KC@BUF,1,FG_week12_exportin.csv
2024,12,week12,RB,Miles,Sanders,CAR,CAR,2200,KC@CAR,1,FG_week12_exportin.csv
2024,12,week12,TE,Eric,Saubert,SF,SF,2200,SF@GB,1,FG_week12_exportin.csv
2024,12,week12,TE,Luke,Schoonmaker,DAL,DAL,2200,DAL@WAS,1,FG_week12_exportin.csv
2024,12,week12,RB,Cody,Schrader,LAR,LA,2200,PHI@LA,1,FG_week12_exportin.csv
2024,12,week12,WR,Tyler,Scott,CHI,CHI,2200,MIN@CHI,1,FG_week12_exportin.csv
2024,12,week12,RB,Trey,Sermon,IND,IND,2200,DET@IND,1,FG_week12_exportin.csv
2024,12,week12,WR,Tyrell,Shavers,BUF,BUF,2200,KC@BUF,1,FG_week12_exportin.csv
2024,12,week12,WR,Laviska,Shenault Jr.,SEA,SEA,2200,ARI@SEA,1,FG_week12_exportin.csv
2024,12,week12,WR,Trent,Sherfield Sr.,MIN,MIN,2200,MIN@CHI,1,FG_week12_exportin.csv
2024,12,week12,RB,Will,Shipley,PHI,PHI,2200,PHI@LA,1,FG_week12_exportin.csv
2024,12,week12,TE,Justin,Shorter,LV,LV,2200,DEN@LV,1,FG_week12_exportin.csv
2024,12,week12,TE,Ben,Sims,GB,GB,2200,SF@GB,1,FG_week12_exportin.csv
2024,12,week12,WR,Steven,Sims,HOU,HOU,2200,TEN@HOU,1,FG_week12_exportin.csv
2024,12,week12,WR,Steven,Sims,HOU,HOU,2200,HOU@DAL,1,FG_week12_exportin.csv
2024,12,week12,TE,Ben,Sinnott,WAS,WAS,2200,DAL@WAS,1,FG_week12_exportin.csv
2024,12,week12,WR,Ben,Skowronek,PIT,PIT,2200,PIT@CLE,1,FG_week12_exportin.csv
2024,12,week12,WR,Ainias,Smith,PHI,PHI,2200,PHI@LA,1,FG_week12_exportin.csv
2024,12,week12,WR,Xavier,Smith,LAR,LA,2200,PHI@LA,1,FG_week12_exportin.csv
2024,12,week12,WR,Ihmir,Smith-Marsette,NYG,NYG,2200,TB@NYG,1,FG_week12_exportin.csv
2024,12,week12,TE,Durham,Smythe,MIA,MIA,2200,NE@MIA,1,FG_week12_exportin.csv
2024,12,week12,TE,Brevyn,Spann-Ford,DAL,DAL,2200,DAL@WAS,1,FG_week12_exportin.csv
2024,12,week12,RB,Carson,Steele,KC,KC,2200,KC@CAR,1,FG_week12_exportin.csv
2024,12,week12,TE,Jack,Stoll,MIA,MIA,2200,NE@MIA,1,FG_week12_exportin.csv
2024,12,week12,TE,Cade,Stover,HOU,HOU,2200,TEN@HOU,1,FG_week12_exportin.csv
2024,12,week12,RB,Pierre,Strong Jr.,CLE,CLE,2200,PIT@CLE,1,FG_week12_exportin.csv
2024,12,week12,TE,Geoff,Swaim,CLE,CLE,2200,PIT@CLE,1,FG_week12_exportin.csv
2024,12,week12,RB,J.J.,Taylor,HOU,HOU,2200,TEN@HOU,1,FG_week12_exportin.csv
2024,12,week12,WR,Tyquan,Thornton,KC,KC,2200,KC@CAR,1,FG_week12_exportin.csv
2024,12,week12,WR,Jamari,Thrash,CLE,CLE,2200,PIT@CLE,1,FG_week12_exportin.csv
2024,12,week12,WR,Kadarius,Toney,CLE,CLE,2200,PIT@CLE,1,FG_week12_exportin.csv
2024,12,week12,TE,Jake,Tonges,SF,SF,2200,SF@GB,1,FG_week12_exportin.csv
2024,12,week12,TE,Adam,Trautman,DEN,DEN,2200,DEN@LV,1,FG_week12_exportin.csv
2024,12,week12,WR,Laquon,Treadwell,IND,IND,2200,IND@NYJ,1,FG_week12_exportin.csv
2024,12,week12,TE,Tommy,Tremble,CAR,CAR,2200,KC@CAR,1,FG_week12_exportin.csv
2024,12,week12,RB,Sean,Tucker,TB,TB,2200,TB@NYG,1,FG_week12_exportin.csv
2024,12,week12,WR,KaVontae,Turpin,DAL,DAL,2200,DAL@WAS,1,FG_week12_exportin.csv
2024,12,week12,WR,KaVontae,Turpin,DAL,DAL,2200,HOU@DAL,1,FG_week12_exportin.csv
2024,12,week12,RB,Sione,Vaki,DET,DET,2200,DET@IND,1,FG_week12_exportin.csv
2024,12,week12,TE,Nick,Vannett,TEN,TEN,2200,TEN@HOU,1,FG_week12_exportin.csv
2024,12,week12,RB,Deuce,Vaughn,DAL,DAL,2200,DAL@WAS,1,FG_week12_exportin.csv
2024,12,week12,WR,Jalen,Virgil,BUF,BUF,2200,KC@BUF,1,FG_week12_exportin.csv
2024,12,week12,TE,Travis,Vokolek,ARI,ARI,2200,ARI@SEA,1,FG_week12_exportin.csv
2024,12,week12,RB,Jonathan,Ward,PIT,PIT,2200,PIT@CLE,1,FG_week12_exportin.csv
2024,12,week12,TE,Darnell,Washington,PIT,PIT,2200,PIT@CLE,1,FG_week12_exportin.csv
2024,12,week12,WR,Malik,Washington,MIA,MIA,2200,NE@MIA,1,FG_week12_exportin.csv
2024,12,week12,WR,Casey,Washington,ATL,ATL,2200,ATL@DEN,1,FG_week12_exportin.csv
2024,12,week12,WR,Justin,Watson,KC,KC,2200,KC@CAR,1,FG_week12_exportin.csv
2024,12,week12,WR,Justin,Watson,KC,KC,2200,KC@BUF,1,FG_week12_exportin.csv
2024,12,week12,WR,Xavier,Weaver,ARI,ARI,2200,ARI@SEA,1,FG_week12_exportin.csv
2024,12,week12,RB,Zamir,White,LV,LV,2200,DEN@LV,1,FG_week12_exportin.csv
2024,12,week12,WR,Cody,White,SEA,SEA,2200,ARI@SEA,1,FG_week12_exportin.csv
2024,12,week12,WR,Jordan,Whittington,LAR,LA,2200,PHI@LA,1,FG_week12_exportin.csv
2024,12,week12,TE,Josh,Whyle,TEN,TEN,2200,TEN@HOU,1,FG_week12_exportin.csv
2024,12,week12,WR,Isaiah,Williams,CIN,CIN,2200,CIN@LAC,1,FG_week12_exportin.csv
2024,12,week12,TE,Brayden,Willis,SF,SF,2200,SF@GB,1,FG_week12_exportin.csv
2024,12,week12,RB,Emanuel,Wilson,GB,GB,2200,SF@GB,1,FG_week12_exportin.csv
2024,12,week12,WR,Johnny,Wilson,PHI,PHI,2200,PHI@LA,1,FG_week12_exportin.csv
2024,12,week12,RB,Jeff,Wilson Jr.,MIA,MIA,2200,NE@MIA,1,FG_week12_exportin.csv
2024,12,week12,WR,Robert,Woods,HOU,HOU,2200,TEN@HOU,1,FG_week12_exportin.csv
2024,12,week12,WR,Robert,Woods,HOU,HOU,2200,HOU@DAL,1,FG_week12_exportin.csv
2024,12,week12,RB,Jaylen,Wright,MIA,MIA,2200,NE@MIA,1,FG_week12_exportin.csv
2024,12,week12,TE,Brock,Wright,DET,DET,2200,DET@IND,1,FG_week12_exportin.csv
2024,12,week12,WR,Dareke,Young,SEA,SEA,2200,ARI@SEA,1,FG_week12_exportin.csv
2024,12,week12,WR,Olamide,Zaccheaus,WAS,WAS,2200,DAL@WAS,1,FG_week12_exportin.csv
2024,12,week12,TE,Shane,Zylstra,DET,DET,2200,DET@IND,1,FG_week12_exportin.csv
2024,13,week13,WR,Ja'Marr,Chase,CIN,CIN,8600,PIT@CIN,1,FG_week13_exportin.csv
2024,13,week13,RB,Saquon,Barkley,PHI,PHI,8200,PHI@BAL,1,FG_week13_exportin.csv
2024,13,week13,WR,Nico,Collins,HOU,HOU,8000,HOU@JAC,1,FG_week13_exportin.csv
2024,13,week13,QB,Lamar,Jackson,BAL,BAL,7800,PHI@BAL,1,FG_week13_exportin.csv
2024,13,week13,QB,Jalen,Hurts,PHI,PHI,7600,PHI@BAL,1,FG_week13_exportin.csv
2024,13,week13,RB,Joe,Mixon,HOU,HOU,7600,HOU@JAC,1,FG_week13_exportin.csv
2024,13,week13,RB,Derrick,Henry,BAL,BAL,7400,PHI@BAL,1,FG_week13_exportin.csv
2024,13,week13,WR,Amon-Ra,St. Brown,DET,DET,7400,CHI@DET,1,FG_week13_exportin.csv
2024,13,week13,QB,Josh,Allen,BUF,BUF,7200,SF@BUF,1,FG_week13_exportin.csv
2024,13,week13,QB,Joe,Burrow,CIN,CIN,7200,PIT@CIN,1,FG_week13_exportin.csv
2024,13,week13,RB,Josh,Jacobs,GB,GB,7200,MIA@GB,1,FG_week13_exportin.csv
2024,13,week13,RB,Jahmyr,Gibbs,DET,DET,7000,CHI@DET,1,FG_week13_exportin.csv
2024,13,week13,WR,Cooper,Kupp,LAR,LA,7000,LA@NO,1,FG_week13_exportin.csv
2024,13,week13,WR,A.J.,Brown,PHI,PHI,6800,PHI@BAL,1,FG_week13_exportin.csv
2024,13,week13,RB,Alvin,Kamara,NO,NO,6800,LA@NO,1,FG_week13_exportin.csv
2024,13,week13,WR,Puka,Nacua,LAR,LA,6800,LA@NO,1,FG_week13_exportin.csv
2024,13,week13,RB,Bijan,Robinson,ATL,ATL,6800,LAC@ATL,1,FG_week13_exportin.csv
2024,13,week13,RB,De'Von,Achane,MIA,MIA,6600,MIA@GB,1,FG_week13_exportin.csv
2024,13,week13,RB,James,Cook,BUF,BUF,6600,SF@BUF,1,FG_week13_exportin.csv
2024,13,week13,QB,Jayden,Daniels,WAS,WAS,6600,TEN@WAS,1,FG_week13_exportin.csv
2024,13,week13,WR,Tee,Higgins,CIN,CIN,6600,PIT@CIN,1,FG_week13_exportin.csv
2024,13,week13,WR,Jaxon,Smith-Njigba,SEA,SEA,6600,SEA@NYJ,1,FG_week13_exportin.csv
2024,13,week13,RB,Kyren,Williams,LAR,LA,6600,LA@NO,1,FG_week13_exportin.csv
2024,13,week13,RB,Breece,Hall,NYJ,NYJ,6400,SEA@NYJ,1,FG_week13_exportin.csv
2024,13,week13,RB,Chuba,Hubbard,CAR,CAR,6400,TB@CAR,1,FG_week13_exportin.csv
2024,13,week13,WR,Justin,Jefferson,MIN,MIN,6400,ARI@MIN,1,FG_week13_exportin.csv
2024,13,week13,QB,Patrick,Mahomes,KC,KC,6400,LV@KC,1,FG_week13_exportin.csv
2024,13,week13,QB,Baker,Mayfield,TB,TB,6400,TB@CAR,1,FG_week13_exportin.csv
2024,13,week13,WR,Terry,McLaurin,WAS,WAS,6400,TEN@WAS,1,FG_week13_exportin.csv
2024,13,week13,RB,Kenneth,Walker III,SEA,SEA,6400,SEA@NYJ,1,FG_week13_exportin.csv
2024,13,week13,RB,James,Conner,ARI,ARI,6200,ARI@MIN,1,FG_week13_exportin.csv
2024,13,week13,RB,Aaron,Jones,MIN,MIN,6200,ARI@MIN,1,FG_week13_exportin.csv
2024,13,week13,WR,CeeDee,Lamb,DAL,DAL,6200,NYG@DAL,1,FG_week13_exportin.csv
2024,13,week13,RB,Christian,McCaffrey,SF,SF,6200,SF@BUF,1,FG_week13_exportin.csv
2024,13,week13,WR,Courtland,Sutton,DEN,DEN,6200,CLE@DEN,1,FG_week13_exportin.csv
2024,13,week13,WR,Courtland,Sutton,DEN,DEN,6200,CLE@DEN,1,FG_week13_exportin.csv
2024,13,week13,RB,Chase,Brown,CIN,CIN,6000,PIT@CIN,1,FG_week13_exportin.csv
2024,13,week13,RB,Bucky,Irving,TB,TB,6000,TB@CAR,1,FG_week13_exportin.csv
2024,13,week13,WR,Drake,London,ATL,ATL,6000,LAC@ATL,1,FG_week13_exportin.csv
2024,13,week13,RB,David,Montgomery,DET,DET,6000,CHI@DET,1,FG_week13_exportin.csv
2024,13,week13,QB,Kyler,Murray,ARI,ARI,6000,ARI@MIN,1,FG_week13_exportin.csv
2024,13,week13,QB,Bo,Nix,DEN,DEN,6000,CLE@DEN,1,FG_week13_exportin.csv
2024,13,week13,QB,Bo,Nix,DEN,DEN,6000,CLE@DEN,1,FG_week13_exportin.csv
2024,13,week13,RB,J.K.,Dobbins,LAC,LAC,5800,LAC@ATL,1,FG_week13_exportin.csv
2024,13,week13,WR,Mike,Evans,TB,TB,5800,TB@CAR,1,FG_week13_exportin.csv
2024,13,week13,QB,Justin,Herbert,LAC,LAC,5800,LAC@ATL,1,FG_week13_exportin.csv
2024,13,week13,WR,George,Pickens,PIT,PIT,5800,PIT@CIN,1,FG_week13_exportin.csv
2024,13,week13,QB,Brock,Purdy,SF,SF,5800,SF@BUF,1,FG_week13_exportin.csv
2024,13,week13,RB,Jonathan,Taylor,IND,IND,5800,IND@NE,1,FG_week13_exportin.csv
2024,13,week13,WR,Garrett,Wilson,NYJ,NYJ,5800,SEA@NYJ,1,FG_week13_exportin.csv
2024,13,week13,QB,Sam,Darnold,MIN,MIN,5600,ARI@MIN,1,FG_week13_exportin.csv
2024,13,week13,WR,Zay,Flowers,BAL,BAL,5600,PHI@BAL,1,FG_week13_exportin.csv
2024,13,week13,WR,Jakobi,Meyers,LV,LV,5600,LV@KC,1,FG_week13_exportin.csv
2024,13,week13,WR,Malik,Nabers,NYG,NYG,5600,NYG@DAL,1,FG_week13_exportin.csv
2024,13,week13,RB,D'Andre,Swift,CHI,CHI,5600,CHI@DET,1,FG_week13_exportin.csv
2024,13,week13,QB,Tua,Tagovailoa,MIA,MIA,5600,MIA@GB,1,FG_week13_exportin.csv
2024,13,week13,WR,Davante,Adams,NYJ,NYJ,5400,SEA@NYJ,1,FG_week13_exportin.csv
2024,13,week13,WR,Jordan,Addison,MIN,MIN,5400,ARI@MIN,1,FG_week13_exportin.csv
2024,13,week13,WR,Jauan,Jennings,SF,SF,5400,SF@BUF,1,FG_week13_exportin.csv
2024,13,week13,TE,George,Kittle,SF,SF,5400,SF@BUF,1,FG_week13_exportin.csv
2024,13,week13,QB,Trevor,Lawrence,JAX,JAC,5400,HOU@JAC,1,FG_week13_exportin.csv
2024,13,week13,WR,DK,Metcalf,SEA,SEA,5400,SEA@NYJ,1,FG_week13_exportin.csv
2024,13,week13,WR,DJ,Moore,CHI,CHI,5400,CHI@DET,1,FG_week13_exportin.csv
2024,13,week13,RB,Tony,Pollard,TEN,TEN,5400,TEN@WAS,1,FG_week13_exportin.csv
2024,13,week13,RB,Brian,Robinson Jr.,WAS,WAS,5400,TEN@WAS,1,FG_week13_exportin.csv
2024,13,week13,RB,Rachaad,White,TB,TB,5400,TB@CAR,1,FG_week13_exportin.csv
2024,13,week13,WR,Josh,Downs,IND,IND,5200,IND@NE,1,FG_week13_exportin.csv
2024,13,week13,QB,Jared,Goff,DET,DET,5200,CHI@DET,1,FG_week13_exportin.csv
2024,13,week13,RB,Najee,Harris,PIT,PIT,5200,PIT@CIN,1,FG_week13_exportin.csv
2024,13,week13,WR,Tyreek,Hill,MIA,MIA,5200,MIA@GB,1,FG_week13_exportin.csv
2024,13,week13,QB,Jordan,Love,GB,GB,5200,MIA@GB,1,FG_week13_exportin.csv
2024,13,week13,TE,Trey,McBride,ARI,ARI,5200,ARI@MIN,1,FG_week13_exportin.csv
2024,13,week13,WR,Ladd,McConkey,LAC,LAC,5200,LAC@ATL,1,FG_week13_exportin.csv
2024,13,week13,WR,Darnell,Mooney,ATL,ATL,5200,LAC@ATL,1,FG_week13_exportin.csv
2024,13,week13,QB,Anthony,Richardson,IND,IND,5200,IND@NE,1,FG_week13_exportin.csv
2024,13,week13,WR,Calvin,Ridley,TEN,TEN,5200,TEN@WAS,1,FG_week13_exportin.csv
2024,13,week13,QB,Geno,Smith,SEA,SEA,5200,SEA@NYJ,1,FG_week13_exportin.csv
2024,13,week13,RB,Rhamondre,Stevenson,NE,NE,5200,IND@NE,1,FG_week13_exportin.csv
2024,13,week13,TE,Brock,Bowers,LV,LV,5000,LV@KC,1,FG_week13_exportin.csv
2024,13,week13,QB,Kirk,Cousins,ATL,ATL,5000,LAC@ATL,1,FG_week13_exportin.csv
2024,13,week13,WR,DeAndre,Hopkins,KC,KC,5000,LV@KC,1,FG_week13_exportin.csv
2024,13,week13,WR,Jerry,Jeudy,CLE,CLE,5000,CLE@DEN,1,FG_week13_exportin.csv
2024,13,week13,WR,Jerry,Jeudy,CLE,CLE,5000,CLE@DEN,1,FG_week13_exportin.csv
2024,13,week13,TE,Travis,Kelce,KC,KC,5000,LV@KC,1,FG_week13_exportin.csv
2024,13,week13,WR,Jayden,Reed,GB,GB,5000,MIA@GB,1,FG_week13_exportin.csv
2024,13,week13,WR,Khalil,Shakir,BUF,BUF,5000,SF@BUF,1,FG_week13_exportin.csv
2024,13,week13,WR,DeVonta,Smith,PHI,PHI,5000,PHI@BAL,1,FG_week13_exportin.csv
2024,13,week13,QB,Matthew,Stafford,LAR,LA,5000,LA@NO,1,FG_week13_exportin.csv
2024,13,week13,RB,Tyrone,Tracy Jr.,NYG,NYG,5000,NYG@DAL,1,FG_week13_exportin.csv
2024,13,week13,QB,Caleb,Williams,CHI,CHI,5000,CHI@DET,1,FG_week13_exportin.csv
2024,13,week13,WR,Jameson,Williams,DET,DET,5000,CHI@DET,1,FG_week13_exportin.csv
2024,13,week13,QB,Russell,Wilson,PIT,PIT,5000,PIT@CIN,1,FG_week13_exportin.csv
2024,13,week13,QB,Derek,Carr,NO,NO,4800,LA@NO,1,FG_week13_exportin.csv
2024,13,week13,RB,Rico,Dowdle,DAL,DAL,4800,NYG@DAL,1,FG_week13_exportin.csv
2024,13,week13,RB,Austin,Ekeler,WAS,WAS,4800,TEN@WAS,1,FG_week13_exportin.csv
2024,13,week13,WR,Marvin,Harrison Jr.,ARI,ARI,4800,ARI@MIN,1,FG_week13_exportin.csv
2024,13,week13,TE,Taysom,Hill,NO,NO,4800,LA@NO,1,FG_week13_exportin.csv
2024,13,week13,QB,Drake,Maye,NE,NE,4800,IND@NE,1,FG_week13_exportin.csv
2024,13,week13,TE,Jonnu,Smith,MIA,MIA,4800,MIA@GB,1,FG_week13_exportin.csv
2024,13,week13,QB,C.J.,Stroud,HOU,HOU,4800,HOU@JAC,1,FG_week13_exportin.csv
2024,13,week13,WR,Amari,Cooper,BUF,BUF,4600,SF@BUF,1,FG_week13_exportin.csv
2024,13,week13,WR,Tank,Dell,HOU,HOU,4600,HOU@JAC,1,FG_week13_exportin.csv
2024,13,week13,RB,Kareem,Hunt,KC,KC,4600,LV@KC,1,FG_week13_exportin.csv
2024,13,week13,QB,Aaron,Rodgers,NYJ,NYJ,4600,SEA@NYJ,1,FG_week13_exportin.csv
2024,13,week13,WR,Brian,Thomas Jr.,JAX,JAC,4600,HOU@JAC,1,FG_week13_exportin.csv
2024,13,week13,WR,Cedric,Tillman,CLE,CLE,4600,CLE@DEN,1,FG_week13_exportin.csv
2024,13,week13,WR,Cedric,Tillman,CLE,CLE,4600,CLE@DEN,1,FG_week13_exportin.csv
2024,13,week13,QB,Jameis,Winston,CLE,CLE,4600,CLE@DEN,1,FG_week13_exportin.csv
2024,13,week13,WR,Keenan,Allen,CHI,CHI,4400,CHI@DET,1,FG_week13_exportin.csv
2024,13,week13,RB,Nick,Chubb,CLE,CLE,4400,CLE@DEN,1,FG_week13_exportin.csv
2024,13,week13,RB,Nick,Chubb,CLE,CLE,4400,CLE@DEN,1,FG_week13_exportin.csv
2024,13,week13,WR,Deebo,Samuel Sr.,SF,SF,4400,SF@BUF,1,FG_week13_exportin.csv
2024,13,week13,WR,Jaylen,Waddle,MIA,MIA,4400,MIA@GB,1,FG_week13_exportin.csv
2024,13,week13,RB,Jaylen,Warren,PIT,PIT,4400,PIT@CIN,1,FG_week13_exportin.csv
2024,13,week13,QB,Kyle,Allen,PIT,PIT,4200,PIT@CIN,1,FG_week13_exportin.csv
2024,13,week13,QB,Brandon,Allen,SF,SF,4200,SF@BUF,1,FG_week13_exportin.csv
2024,13,week13,QB,Tyson,Bagent,CHI,CHI,4200,CHI@DET,1,FG_week13_exportin.csv
2024,13,week13,QB,C.J.,Beathard,JAX,JAC,4200,HOU@JAC,1,FG_week13_exportin.csv
2024,13,week13,QB,Stetson,Bennett,LAR,LA,4200,LA@NO,1,FG_week13_exportin.csv
2024,13,week13,QB,Tim,Boyle,NYG,NYG,4200,NYG@DAL,1,FG_week13_exportin.csv
2024,13,week13,QB,Jacoby,Brissett,NE,NE,4200,IND@NE,1,FG_week13_exportin.csv
2024,13,week13,QB,Jake,Browning,CIN,CIN,4200,PIT@CIN,1,FG_week13_exportin.csv
2024,13,week13,WR,Keon,Coleman,BUF,BUF,4200,SF@BUF,1,FG_week13_exportin.csv
2024,13,week13,QB,Andy,Dalton,CAR,CAR,4200,TB@CAR,1,FG_week13_exportin.csv
2024,13,week13,QB,Tommy,DeVito,NYG,NYG,4200,NYG@DAL,1,FG_week13_exportin.csv
2024,13,week13,QB,Joshua,Dobbs,SF,SF,4200,SF@BUF,1,FG_week13_exportin.csv
2024,13,week13,QB,Jeff,Driskel,WAS,WAS,4200,TEN@WAS,1,FG_week13_exportin.csv
2024,13,week13,QB,Sam,Ehlinger,IND,IND,4200,IND@NE,1,FG_week13_exportin.csv
2024,13,week13,QB,Justin,Fields,PIT,PIT,4200,PIT@CIN,1,FG_week13_exportin.csv
2024,13,week13,QB,Joe,Flacco,IND,IND,4200,IND@NE,1,FG_week13_exportin.csv
2024,13,week13,QB,Jimmy,Garoppolo,LAR,LA,4200,LA@NO,1,FG_week13_exportin.csv
2024,13,week13,QB,Jake,Haener,NO,NO,4200,LA@NO,1,FG_week13_exportin.csv
2024,13,week13,QB,Taylor,Heinicke,LAC,LAC,4200,LAC@ATL,1,FG_week13_exportin.csv
2024,13,week13,QB,Hendon,Hooker,DET,DET,4200,CHI@DET,1,FG_week13_exportin.csv
2024,13,week13,QB,Sam,Howell,SEA,SEA,4200,SEA@NYJ,1,FG_week13_exportin.csv
2024,13,week13,QB,Josh,Johnson,BAL,BAL,4200,PHI@BAL,1,FG_week13_exportin.csv
2024,13,week13,WR,Quentin,Johnston,LAC,LAC,4200,LAC@ATL,1,FG_week13_exportin.csv
2024,13,week13,QB,Mac,Jones,JAX,JAC,4200,HOU@JAC,1,FG_week13_exportin.csv
2024,13,week13,QB,Trey,Lance,DAL,DAL,4200,NYG@DAL,1,FG_week13_exportin.csv
2024,13,week13,QB,Will,Levis,TEN,TEN,4200,TEN@WAS,1,FG_week13_exportin.csv
2024,13,week13,QB,Drew,Lock,NYG,NYG,4200,NYG@DAL,1,FG_week13_exportin.csv
2024,13,week13,QB,Marcus,Mariota,WAS,WAS,4200,TEN@WAS,1,FG_week13_exportin.csv
2024,13,week13,QB,Tanner,McKee,PHI,PHI,4200,PHI@BAL,1,FG_week13_exportin.csv
2024,13,week13,QB,Davis,Mills,HOU,HOU,4200,HOU@JAC,1,FG_week13_exportin.csv
2024,13,week13,QB,Joe,Milton III,NE,NE,4200,IND@NE,1,FG_week13_exportin.csv
2024,13,week13,QB,Gardner,Minshew II,LV,LV,4200,LV@KC,1,FG_week13_exportin.csv
2024,13,week13,QB,Nick,Mullens,MIN,MIN,4200,ARI@MIN,1,FG_week13_exportin.csv
2024,13,week13,QB,Aidan,O'Connell,LV,LV,4200,LV@KC,1,FG_week13_exportin.csv
2024,13,week13,WR,Rome,Odunze,CHI,CHI,4200,CHI@DET,1,FG_week13_exportin.csv
2024,13,week13,TE,Cade,Otton,TB,TB,4200,TB@CAR,1,FG_week13_exportin.csv
2024,13,week13,QB,Michael,Penix Jr.,ATL,ATL,4200,LAC@ATL,1,FG_week13_exportin.csv
2024,13,week13,QB,Kenny,Pickett,PHI,PHI,4200,PHI@BAL,1,FG_week13_exportin.csv
2024,13,week13,QB,Spencer,Rattler,NO,NO,4200,LA@NO,1,FG_week13_exportin.csv
2024,13,week13,QB,Desmond,Ridder,LV,LV,4200,LV@KC,1,FG_week13_exportin.csv
2024,13,week13,QB,Mason,Rudolph,TEN,TEN,4200,TEN@WAS,1,FG_week13_exportin.csv
2024,13,week13,QB,Cooper,Rush,DAL,DAL,4200,NYG@DAL,1,FG_week13_exportin.csv
2024,13,week13,QB,Brett,Rypien,MIN,MIN,4200,ARI@MIN,1,FG_week13_exportin.csv
2024,13,week13,QB,Easton,Stick,LAC,LAC,4200,LAC@ATL,1,FG_week13_exportin.csv
2024,13,week13,QB,Jarrett,Stidham,DEN,DEN,4200,CLE@DEN,1,FG_week13_exportin.csv
2024,13,week13,QB,Jarrett,Stidham,DEN,DEN,4200,CLE@DEN,1,FG_week13_exportin.csv
2024,13,week13,QB,Tyrod,Taylor,NYJ,NYJ,4200,SEA@NYJ,1,FG_week13_exportin.csv
2024,13,week13,QB,Skylar,Thompson,MIA,MIA,4200,MIA@GB,1,FG_week13_exportin.csv
2024,13,week13,QB,Dorian,Thompson-Robinson,CLE,CLE,4200,CLE@DEN,1,FG_week13_exportin.csv
2024,13,week13,QB,Dorian,Thompson-Robinson,CLE,CLE,4200,CLE@DEN,1,FG_week13_exportin.csv
2024,13,week13,QB,Kyle,Trask,TB,TB,4200,TB@CAR,1,FG_week13_exportin.csv
2024,13,week13,QB,Mitchell,Trubisky,BUF,BUF,4200,SF@BUF,1,FG_week13_exportin.csv
2024,13,week13,QB,Clayton,Tune,ARI,ARI,4200,ARI@MIN,1,FG_week13_exportin.csv
2024,13,week13,QB,Carson,Wentz,KC,KC,4200,LV@KC,1,FG_week13_exportin.csv
2024,13,week13,WR,Nick,Westbrook-Ikhine,TEN,TEN,4200,TEN@WAS,1,FG_week13_exportin.csv
2024,13,week13,RB,Javonte,Williams,DEN,DEN,4200,CLE@DEN,1,FG_week13_exportin.csv
2024,13,week13,RB,Javonte,Williams,DEN,DEN,4200,CLE@DEN,1,FG_week13_exportin.csv
2024,13,week13,QB,Malik,Willis,GB,GB,4200,MIA@GB,1,FG_week13_exportin.csv
2024,13,week13,QB,Zach,Wilson,DEN,DEN,4200,CLE@DEN,1,FG_week13_exportin.csv
2024,13,week13,QB,Zach,Wilson,DEN,DEN,4200,CLE@DEN,1,FG_week13_exportin.csv
2024,13,week13,QB,Bryce,Young,CAR,CAR,4200,TB@CAR,1,FG_week13_exportin.csv
2024,13,week13,QB,Bailey,Zappe,CLE,CLE,4200,CLE@DEN,1,FG_week13_exportin.csv
2024,13,week13,QB,Bailey,Zappe,CLE,CLE,4200,CLE@DEN,1,FG_week13_exportin.csv
2024,13,week13,WR,Rashod,Bateman,BAL,BAL,4000,PHI@BAL,1,FG_week13_exportin.csv
2024,13,week13,RB,Tank,Bigsby,JAX,JAC,4000,HOU@JAC,1,FG_week13_exportin.csv
2024,13,week13,TE,T.J.,Hockenson,MIN,MIN,4000,ARI@MIN,1,FG_week13_exportin.csv
2024,13,week13,WR,Xavier,Legette,CAR,CAR,4000,TB@CAR,1,FG_week13_exportin.csv
2024,13,week13,TE,David,Njoku,CLE,CLE,4000,CLE@DEN,1,FG_week13_exportin.csv
2024,13,week13,WR,Marquez,Valdes-Scantling,NO,NO,4000,LA@NO,1,FG_week13_exportin.csv
2024,13,week13,WR,Devaughn,Vele,DEN,DEN,4000,CLE@DEN,1,FG_week13_exportin.csv
2024,13,week13,WR,Devaughn,Vele,DEN,DEN,4000,CLE@DEN,1,FG_week13_exportin.csv
2024,13,week13,WR,DeMario,Douglas,NE,NE,3800,IND@NE,1,FG_week13_exportin.csv
2024,13,week13,TE,Evan,Engram,JAX,JAC,3800,HOU@JAC,1,FG_week13_exportin.csv
2024,13,week13,RB,Alexander,Mattison,LV,LV,3800,LV@KC,1,FG_week13_exportin.csv
2024,13,week13,RB,Isiah,Pacheco,KC,KC,3800,LV@KC,1,FG_week13_exportin.csv
2024,13,week13,WR,Michael,Pittman Jr.,IND,IND,3800,IND@NE,1,FG_week13_exportin.csv
2024,13,week13,WR,Demarcus,Robinson,LAR,LA,3800,LA@NO,1,FG_week13_exportin.csv
2024,13,week13,WR,Adam,Thielen,CAR,CAR,3800,TB@CAR,1,FG_week13_exportin.csv
2024,13,week13,TE,Mark,Andrews,BAL,BAL,3600,PHI@BAL,1,FG_week13_exportin.csv
2024,13,week13,WR,Romeo,Doubs,GB,GB,3600,MIA@GB,1,FG_week13_exportin.csv
2024,13,week13,TE,Zach,Ertz,WAS,WAS,3600,TEN@WAS,1,FG_week13_exportin.csv
2024,13,week13,WR,Elijah,Moore,CLE,CLE,3600,CLE@DEN,1,FG_week13_exportin.csv
2024,13,week13,WR,Elijah,Moore,CLE,CLE,3600,CLE@DEN,1,FG_week13_exportin.csv
2024,13,week13,WR,Wan'Dale,Robinson,NYG,NYG,3600,NYG@DAL,1,FG_week13_exportin.csv
2024,13,week13,WR,Calvin,Austin III,PIT,PIT,3400,PIT@CIN,1,FG_week13_exportin.csv
2024,13,week13,DEF,Denver,Broncos,DEN,DEN,3400,CLE@DEN,1,FG_week13_exportin.csv
2024,13,week13,WR,Noah,Brown,WAS,WAS,3400,TEN@WAS,1,FG_week13_exportin.csv
2024,13,week13,TE,Cole,Kmet,CHI,CHI,3400,CHI@DET,1,FG_week13_exportin.csv
2024,13,week13,TE,Tucker,Kraft,GB,GB,3400,MIA@GB,1,FG_week13_exportin.csv
2024,13,week13,TE,Sam,LaPorta,DET,DET,3400,CHI@DET,1,FG_week13_exportin.csv
2024,13,week13,WR,Ray-Ray,McCloud,ATL,ATL,3400,LAC@ATL,1,FG_week13_exportin.csv
2024,13,week13,WR,Alec,Pierce,IND,IND,3400,IND@NE,1,FG_week13_exportin.csv
2024,13,week13,TE,Kyle,Pitts,ATL,ATL,3400,LAC@ATL,1,FG_week13_exportin.csv
2024,13,week13,RB,Tyjae,Spears,TEN,TEN,3400,TEN@WAS,1,FG_week13_exportin.csv
2024,13,week13,WR,Christian,Watson,GB,GB,3400,MIA@GB,1,FG_week13_exportin.csv
2024,13,week13,WR,Xavier,Worthy,KC,KC,3400,LV@KC,1,FG_week13_exportin.csv
2024,13,week13,WR,Kendrick,Bourne,NE,NE,3200,IND@NE,1,FG_week13_exportin.csv
2024,13,week13,TE,Will,Dissly,LAC,LAC,3200,LAC@ATL,1,FG_week13_exportin.csv
2024,13,week13,RB,Travis,Etienne Jr.,JAX,JAC,3200,HOU@JAC,1,FG_week13_exportin.csv
2024,13,week13,TE,Jake,Ferguson,DAL,DAL,3200,NYG@DAL,1,FG_week13_exportin.csv
2024,13,week13,TE,Dallas,Goedert,PHI,PHI,3200,PHI@BAL,1,FG_week13_exportin.csv
2024,13,week13,TE,Noah,Gray,KC,KC,3200,LV@KC,1,FG_week13_exportin.csv
2024,13,week13,TE,Hunter,Henry,NE,NE,3200,IND@NE,1,FG_week13_exportin.csv
2024,13,week13,TE,Dalton,Kincaid,BUF,BUF,3200,SF@BUF,1,FG_week13_exportin.csv
2024,13,week13,RB,Tyler,Allgeier,ATL,ATL,3000,LAC@ATL,1,FG_week13_exportin.csv
2024,13,week13,WR,Jalen,Coker,CAR,CAR,3000,TB@CAR,1,FG_week13_exportin.csv
2024,13,week13,TE,Pat,Freiermuth,PIT,PIT,3000,PIT@CIN,1,FG_week13_exportin.csv
2024,13,week13,RB,Justice,Hill,BAL,BAL,3000,PHI@BAL,1,FG_week13_exportin.csv
2024,13,week13,RB,Roschon,Johnson,CHI,CHI,3000,CHI@DET,1,FG_week13_exportin.csv
2024,13,week13,WR,Tyler,Lockett,SEA,SEA,3000,SEA@NYJ,1,FG_week13_exportin.csv
2024,13,week13,WR,Darius,Slayton,NYG,NYG,3000,NYG@DAL,1,FG_week13_exportin.csv
2024,13,week13,WR,Jalen,Tolbert,DAL,DAL,3000,NYG@DAL,1,FG_week13_exportin.csv
2024,13,week13,WR,Tre,Tucker,LV,LV,3000,LV@KC,1,FG_week13_exportin.csv
2024,13,week13,WR,Kayshon,Boutte,NE,NE,2800,IND@NE,1,FG_week13_exportin.csv
2024,13,week13,RB,Zach,Charbonnet,SEA,SEA,2800,SEA@NYJ,1,FG_week13_exportin.csv
2024,13,week13,TE,Mike,Gesicki,CIN,CIN,2800,PIT@CIN,1,FG_week13_exportin.csv
2024,13,week13,WR,Joshua,Palmer,LAC,LAC,2800,LAC@ATL,1,FG_week13_exportin.csv
2024,13,week13,TE,Dalton,Schultz,HOU,HOU,2800,HOU@JAC,1,FG_week13_exportin.csv
2024,13,week13,WR,Sterling,Shepard,TB,TB,2800,TB@CAR,1,FG_week13_exportin.csv
2024,13,week13,RB,Devin,Singletary,NYG,NYG,2800,NYG@DAL,1,FG_week13_exportin.csv
2024,13,week13,WR,Michael,Wilson,ARI,ARI,2800,ARI@MIN,1,FG_week13_exportin.csv
2024,13,week13,RB,Cam,Akers,MIN,MIN,2600,ARI@MIN,1,FG_week13_exportin.csv
2024,13,week13,DEF,Cleveland,Browns,CLE,CLE,2600,CLE@DEN,1,FG_week13_exportin.csv
2024,13,week13,RB,Ray,Davis,BUF,BUF,2600,SF@BUF,1,FG_week13_exportin.csv
2024,13,week13,TE,Noah,Fant,SEA,SEA,2600,SEA@NYJ,1,FG_week13_exportin.csv
2024,13,week13,RB,Jerome,Ford,CLE,CLE,2600,CLE@DEN,1,FG_week13_exportin.csv
2024,13,week13,RB,Jerome,Ford,CLE,CLE,2600,CLE@DEN,1,FG_week13_exportin.csv
2024,13,week13,TE,Theo,Johnson,NYG,NYG,2600,NYG@DAL,1,FG_week13_exportin.csv
2024,13,week13,TE,Josh,Oliver,MIN,MIN,2600,ARI@MIN,1,FG_week13_exportin.csv
2024,13,week13,WR,Ricky,Pearsall,SF,SF,2600,SF@BUF,1,FG_week13_exportin.csv
2024,13,week13,TE,Ja'Tavion,Sanders,CAR,CAR,2600,TB@CAR,1,FG_week13_exportin.csv
2024,13,week13,WR,JuJu,Smith-Schuster,KC,KC,2600,LV@KC,1,FG_week13_exportin.csv
2024,13,week13,RB,Trey,Benson,ARI,ARI,2400,ARI@MIN,1,FG_week13_exportin.csv
2024,13,week13,RB,Gus,Edwards,LAC,LAC,2400,LAC@ATL,1,FG_week13_exportin.csv
2024,13,week13,TE,Austin,Hooper,NE,NE,2400,IND@NE,1,FG_week13_exportin.csv
2024,13,week13,WR,Lil'Jordan,Humphrey,DEN,DEN,2400,CLE@DEN,1,FG_week13_exportin.csv
2024,13,week13,WR,Lil'Jordan,Humphrey,DEN,DEN,2400,CLE@DEN,1,FG_week13_exportin.csv
2024,13,week13,WR,Andrei,Iosivas,CIN,CIN,2400,PIT@CIN,1,FG_week13_exportin.csv
2024,13,week13,TE,Juwan,Johnson,NO,NO,2400,LA@NO,1,FG_week13_exportin.csv
2024,13,week13,TE,Isaiah,Likely,BAL,BAL,2400,PHI@BAL,1,FG_week13_exportin.csv
2024,13,week13,WR,Marvin,Mims Jr.,DEN,DEN,2400,CLE@DEN,1,FG_week13_exportin.csv
2024,13,week13,WR,Marvin,Mims Jr.,DEN,DEN,2400,CLE@DEN,1,FG_week13_exportin.csv
2024,13,week13,WR,Jalen,Nailor,MIN,MIN,2400,ARI@MIN,1,FG_week13_exportin.csv
2024,13,week13,WR,Curtis,Samuel,BUF,BUF,2400,SF@BUF,1,FG_week13_exportin.csv
2024,13,week13,WR,KaVontae,Turpin,DAL,DAL,2400,NYG@DAL,1,FG_week13_exportin.csv
2024,13,week13,RB,Israel,Abanikanda,NYJ,NYJ,2200,SEA@NYJ,1,FG_week13_exportin.csv
2024,13,week13,RB,Ameer,Abdullah,LV,LV,2200,LV@KC,1,FG_week13_exportin.csv
2024,13,week13,TE,Nate,Adkins,DEN,DEN,2200,CLE@DEN,1,FG_week13_exportin.csv
2024,13,week13,TE,Nate,Adkins,DEN,DEN,2200,CLE@DEN,1,FG_week13_exportin.csv
2024,13,week13,WR,Nelson,Agholor,BAL,BAL,2200,PHI@BAL,1,FG_week13_exportin.csv
2024,13,week13,TE,Jordan,Akins,CLE,CLE,2200,CLE@DEN,1,FG_week13_exportin.csv
2024,13,week13,TE,Jordan,Akins,CLE,CLE,2200,CLE@DEN,1,FG_week13_exportin.csv
2024,13,week13,RB,Rasheen,Ali,BAL,BAL,2200,PHI@BAL,1,FG_week13_exportin.csv
2024,13,week13,TE,Mo,Alie-Cox,IND,IND,2200,IND@NE,1,FG_week13_exportin.csv
2024,13,week13,RB,Braelon,Allen,NYJ,NYJ,2200,SEA@NYJ,1,FG_week13_exportin.csv
2024,13,week13,TE,Davis,Allen,LAR,LA,2200,LA@NO,1,FG_week13_exportin.csv
2024,13,week13,WR,Tutu,Atwell,LAR,LA,2200,LA@NO,1,FG_week13_exportin.csv
2024,13,week13,RB,Tyler,Badie,DEN,DEN,2200,CLE@DEN,1,FG_week13_exportin.csv
2024,13,week13,RB,Tyler,Badie,DEN,DEN,2200,CLE@DEN,1,FG_week13_exportin.csv
2024,13,week13,WR,Javon,Baker,NE,NE,2200,IND@NE,1,FG_week13_exportin.csv
2024,13,week13,TE,AJ,Barner,SEA,SEA,2200,SEA@NYJ,1,FG_week13_exportin.csv
2024,13,week13,TE,John,Bates,WAS,WAS,2200,TEN@WAS,1,FG_week13_exportin.csv
2024,13,week13,WR,Odell,Beckham Jr.,MIA,MIA,2200,MIA@GB,1,FG_week13_exportin.csv
2024,13,week13,TE,Jaheim,Bell,NE,NE,2200,IND@NE,1,FG_week13_exportin.csv
2024,13,week13,WR,Ronnie,Bell,SF,SF,2200,SF@BUF,1,FG_week13_exportin.csv
2024,13,week13,TE,Daniel,Bellinger,NYG,NYG,2200,NYG@DAL,1,FG_week13_exportin.csv
2024,13,week13,WR,Braxton,Berrios,MIA,MIA,2200,MIA@GB,1,FG_week13_exportin.csv
2024,13,week13,RB,Raheem,Blackshear,CAR,CAR,2200,TB@CAR,1,FG_week13_exportin.csv
2024,13,week13,WR,Jake,Bobo,SEA,SEA,2200,SEA@NYJ,1,FG_week13_exportin.csv
2024,13,week13,WR,Tyler,Boyd,TEN,TEN,2200,TEN@WAS,1,FG_week13_exportin.csv
2024,13,week13,RB,Chris,Brooks,GB,GB,2200,MIA@GB,1,FG_week13_exportin.csv
2024,13,week13,RB,Jonathon,Brooks,CAR,CAR,2200,TB@CAR,1,FG_week13_exportin.csv
2024,13,week13,WR,Jalen,Brooks,DAL,DAL,2200,NYG@DAL,1,FG_week13_exportin.csv
2024,13,week13,TE,Pharaoh,Brown,SEA,SEA,2200,SEA@NYJ,1,FG_week13_exportin.csv
2024,13,week13,WR,Dyami,Brown,WAS,WAS,2200,TEN@WAS,1,FG_week13_exportin.csv
2024,13,week13,TE,Harrison,Bryant,LV,LV,2200,LV@KC,1,FG_week13_exportin.csv
2024,13,week13,WR,Treylon,Burks,TEN,TEN,2200,TEN@WAS,1,FG_week13_exportin.csv
2024,13,week13,RB,Robert,Burns,ATL,ATL,2200,LAC@ATL,1,FG_week13_exportin.csv
2024,13,week13,RB,Michael,Burton,DEN,DEN,2200,CLE@DEN,1,FG_week13_exportin.csv
2024,13,week13,WR,Jermaine,Burton,CIN,CIN,2200,PIT@CIN,1,FG_week13_exportin.csv
2024,13,week13,RB,Michael,Burton,DEN,DEN,2200,CLE@DEN,1,FG_week13_exportin.csv
2024,13,week13,TE,Grant,Calcaterra,PHI,PHI,2200,PHI@BAL,1,FG_week13_exportin.csv
2024,13,week13,WR,DeAndre,Carter,CHI,CHI,2200,CHI@DET,1,FG_week13_exportin.csv
2024,13,week13,RB,Ty,Chandler,MIN,MIN,2200,ARI@MIN,1,FG_week13_exportin.csv
2024,13,week13,WR,DJ,Chark Jr.,LAC,LAC,2200,LAC@ATL,1,FG_week13_exportin.csv
2024,13,week13,WR,Irvin,Charles,NYJ,NYJ,2200,SEA@NYJ,1,FG_week13_exportin.csv
2024,13,week13,RB,Julius,Chestnut,TEN,TEN,2200,TEN@WAS,1,FG_week13_exportin.csv
2024,13,week13,WR,Dan,Chisena,CAR,CAR,2200,TB@CAR,1,FG_week13_exportin.csv
2024,13,week13,TE,Tyler,Conklin,NYJ,NYJ,2200,SEA@NYJ,1,FG_week13_exportin.csv
2024,13,week13,WR,Chris,Conley,SF,SF,2200,SF@BUF,1,FG_week13_exportin.csv
2024,13,week13,WR,Brandin,Cooks,DAL,DAL,2200,NYG@DAL,1,FG_week13_exportin.csv
2024,13,week13,WR,Malachi,Corley,NYJ,NYJ,2200,SEA@NYJ,1,FG_week13_exportin.csv
2024,13,week13,RB,Blake,Corum,LAR,LA,2200,LA@NO,1,FG_week13_exportin.csv
2024,13,week13,WR,Britain,Covey,PHI,PHI,2200,PHI@BAL,1,FG_week13_exportin.csv
2024,13,week13,WR,Jacob,Cowing,SF,SF,2200,SF@BUF,1,FG_week13_exportin.csv
2024,13,week13,WR,River,Cracraft,MIA,MIA,2200,MIA@GB,1,FG_week13_exportin.csv
2024,13,week13,WR,Jamison,Crowder,WAS,WAS,2200,TEN@WAS,1,FG_week13_exportin.csv
2024,13,week13,TE,Devin,Culp,TB,TB,2200,TB@CAR,1,FG_week13_exportin.csv
2024,13,week13,RB,DeeJay,Dallas,ARI,ARI,2200,ARI@MIN,1,FG_week13_exportin.csv
2024,13,week13,WR,Jaelon,Darden,CLE,CLE,2200,CLE@DEN,1,FG_week13_exportin.csv
2024,13,week13,WR,Jaelon,Darden,CLE,CLE,2200,CLE@DEN,1,FG_week13_exportin.csv
2024,13,week13,RB,Isaiah,Davis,NYJ,NYJ,2200,SEA@NYJ,1,FG_week13_exportin.csv
2024,13,week13,WR,Derius,Davis,LAC,LAC,2200,LAC@ATL,1,FG_week13_exportin.csv
2024,13,week13,TE,Josiah,Deguara,JAX,JAC,2200,HOU@JAC,1,FG_week13_exportin.csv
2024,13,week13,RB,Emari,Demercado,ARI,ARI,2200,ARI@MIN,1,FG_week13_exportin.csv
2024,13,week13,WR,Greg,Dortch,ARI,ARI,2200,ARI@MIN,1,FG_week13_exportin.csv
2024,13,week13,WR,Jahan,Dotson,PHI,PHI,2200,PHI@BAL,1,FG_week13_exportin.csv
2024,13,week13,WR,Colton,Dowell,TEN,TEN,2200,TEN@WAS,1,FG_week13_exportin.csv
2024,13,week13,WR,Ashton,Dulin,IND,IND,2200,IND@NE,1,FG_week13_exportin.csv
2024,13,week13,TE,Payne,Durham,TB,TB,2200,TB@CAR,1,FG_week13_exportin.csv
2024,13,week13,WR,Devin,Duvernay,JAX,JAC,2200,HOU@JAC,1,FG_week13_exportin.csv
2024,13,week13,TE,Ross,Dwelley,ATL,ATL,2200,LAC@ATL,1,FG_week13_exportin.csv
2024,13,week13,RB,Clyde,Edwards-Helaire,KC,KC,2200,LV@KC,1,FG_week13_exportin.csv
2024,13,week13,RB,Ezekiel,Elliott,DAL,DAL,2200,NYG@DAL,1,FG_week13_exportin.csv
2024,13,week13,WR,Dee,Eskridge,MIA,MIA,2200,MIA@GB,1,FG_week13_exportin.csv
2024,13,week13,RB,Audric,Estime,DEN,DEN,2200,CLE@DEN,1,FG_week13_exportin.csv
2024,13,week13,RB,Audric,Estime,DEN,DEN,2200,CLE@DEN,1,FG_week13_exportin.csv
2024,13,week13,TE,Gerald,Everett,CHI,CHI,2200,CHI@DET,1,FG_week13_exportin.csv
2024,13,week13,TE,Princeton,Fant,DAL,DAL,2200,NYG@DAL,1,FG_week13_exportin.csv
2024,13,week13,TE,Luke,Farrell,JAX,JAC,2200,HOU@JAC,1,FG_week13_exportin.csv
2024,13,week13,TE,Tucker,Fisk,LAC,LAC,2200,LAC@ATL,1,FG_week13_exportin.csv
2024,13,week13,TE,John,FitzPatrick,GB,GB,2200,MIA@GB,1,FG_week13_exportin.csv
2024,13,week13,WR,Ryan,Flournoy,DAL,DAL,2200,NYG@DAL,1,FG_week13_exportin.csv
2024,13,week13,WR,Bryce,Ford-Wheaton,NYG,NYG,2200,NYG@DAL,1,FG_week13_exportin.csv
2024,13,week13,RB,D'Onta,Foreman,CLE,CLE,2200,CLE@DEN,1,FG_week13_exportin.csv
2024,13,week13,WR,Troy,Franklin,DEN,DEN,2200,CLE@DEN,1,FG_week13_exportin.csv
2024,13,week13,WR,Troy,Franklin,DEN,DEN,2200,CLE@DEN,1,FG_week13_exportin.csv
2024,13,week13,TE,Feleipe,Franks,CAR,CAR,2200,TB@CAR,1,FG_week13_exportin.csv
2024,13,week13,RB,Kenneth,Gainwell,PHI,PHI,2200,PHI@BAL,1,FG_week13_exportin.csv
2024,13,week13,RB,Antonio,Gibson,NE,NE,2200,IND@NE,1,FG_week13_exportin.csv
2024,13,week13,RB,Reggie,Gilliam,BUF,BUF,2200,SF@BUF,1,FG_week13_exportin.csv
2024,13,week13,WR,Xavier,Gipson,NYJ,NYJ,2200,SEA@NYJ,1,FG_week13_exportin.csv
2024,13,week13,RB,Tyler,Goodson,IND,IND,2200,IND@NE,1,FG_week13_exportin.csv
2024,13,week13,WR,Anthony,Gould,IND,IND,2200,IND@NE,1,FG_week13_exportin.csv
2024,13,week13,TE,Cam,Grandy,CIN,CIN,2200,PIT@CIN,1,FG_week13_exportin.csv
2024,13,week13,TE,Kylen,Granson,IND,IND,2200,IND@NE,1,FG_week13_exportin.csv
2024,13,week13,RB,Eric,Gray,NYG,NYG,2200,NYG@DAL,1,FG_week13_exportin.csv
2024,13,week13,RB,Isaac,Guerendo,SF,SF,2200,SF@BUF,1,FG_week13_exportin.csv
2024,13,week13,RB,C.J.,Ham,MIN,MIN,2200,ARI@MIN,1,FG_week13_exportin.csv
2024,13,week13,WR,Mecole,Hardman,KC,KC,2200,LV@KC,1,FG_week13_exportin.csv
2024,13,week13,WR,Deonte,Harty,BAL,BAL,2200,PHI@BAL,1,FG_week13_exportin.csv
2024,13,week13,RB,Hassan,Haskins,LAC,LAC,2200,LAC@ATL,1,FG_week13_exportin.csv
2024,13,week13,RB,JaMycal,Hasty,NE,NE,2200,IND@NE,1,FG_week13_exportin.csv
2024,13,week13,WR,Malik,Heath,GB,GB,2200,MIA@GB,1,FG_week13_exportin.csv
2024,13,week13,TE,Peyton,Hendershot,KC,KC,2200,LV@KC,1,FG_week13_exportin.csv
2024,13,week13,RB,Khalil,Herbert,CIN,CIN,2200,PIT@CIN,1,FG_week13_exportin.csv
2024,13,week13,TE,Connor,Heyward,PIT,PIT,2200,PIT@CIN,1,FG_week13_exportin.csv
2024,13,week13,TE,Tyler,Higbee,LAR,LA,2200,LA@NO,1,FG_week13_exportin.csv
2024,13,week13,TE,Elijah,Higgins,ARI,ARI,2200,ARI@MIN,1,FG_week13_exportin.csv
2024,13,week13,TE,Julian,Hill,MIA,MIA,2200,MIA@GB,1,FG_week13_exportin.csv
2024,13,week13,RB,Nyheim,Hines,CLE,CLE,2200,CLE@DEN,1,FG_week13_exportin.csv
2024,13,week13,RB,Nyheim,Hines,CLE,CLE,2200,CLE@DEN,1,FG_week13_exportin.csv
2024,13,week13,WR,KhaDarel,Hodge,ATL,ATL,2200,LAC@ATL,1,FG_week13_exportin.csv
2024,13,week13,TE,Dallin,Holker,NO,NO,2200,LA@NO,1,FG_week13_exportin.csv
2024,13,week13,WR,Mack,Hollins,BUF,BUF,2200,SF@BUF,1,FG_week13_exportin.csv
2024,13,week13,RB,Travis,Homer,CHI,CHI,2200,CHI@DET,1,FG_week13_exportin.csv
2024,13,week13,TE,Tanner,Hudson,CIN,CIN,2200,PIT@CIN,1,FG_week13_exportin.csv
2024,13,week13,TE,Hayden,Hurst,LAC,LAC,2200,LAC@ATL,1,FG_week13_exportin.csv
2024,13,week13,WR,Xavier,Hutchinson,HOU,HOU,2200,HOU@JAC,1,FG_week13_exportin.csv
2024,13,week13,WR,Jalin,Hyatt,NYG,NYG,2200,NYG@DAL,1,FG_week13_exportin.csv
2024,13,week13,RB,Alec,Ingold,MIA,MIA,2200,MIA@GB,1,FG_week13_exportin.csv
2024,13,week13,WR,Trenton,Irwin,CIN,CIN,2200,PIT@CIN,1,FG_week13_exportin.csv
2024,13,week13,WR,Jha'Quan,Jackson,TEN,TEN,2200,TEN@WAS,1,FG_week13_exportin.csv
2024,13,week13,WR,Rakim,Jarrett,TB,TB,2200,TB@CAR,1,FG_week13_exportin.csv
2024,13,week13,WR,Van,Jefferson,PIT,PIT,2200,PIT@CIN,1,FG_week13_exportin.csv
2024,13,week13,RB,D'Ernest,Johnson,JAX,JAC,2200,HOU@JAC,1,FG_week13_exportin.csv
2024,13,week13,RB,Ty,Johnson,BUF,BUF,2200,SF@BUF,1,FG_week13_exportin.csv
2024,13,week13,WR,Collin,Johnson,CHI,CHI,2200,CHI@DET,1,FG_week13_exportin.csv
2024,13,week13,WR,Kameron,Johnson,TB,TB,2200,TB@CAR,1,FG_week13_exportin.csv
2024,13,week13,WR,Tyler,Johnson,LAR,LA,2200,LA@NO,1,FG_week13_exportin.csv
2024,13,week13,WR,Diontae,Johnson,BAL,BAL,2200,PHI@BAL,1,FG_week13_exportin.csv
2024,13,week13,WR,Charlie,Jones,CIN,CIN,2200,PIT@CIN,1,FG_week13_exportin.csv
2024,13,week13,WR,Zay,Jones,ARI,ARI,2200,ARI@MIN,1,FG_week13_exportin.csv
2024,13,week13,WR,Tim,Jones,JAX,JAC,2200,HOU@JAC,1,FG_week13_exportin.csv
2024,13,week13,RB,Kyle,Juszczyk,SF,SF,2200,SF@BUF,1,FG_week13_exportin.csv
2024,13,week13,RB,Joshua,Kelley,TEN,TEN,2200,TEN@WAS,1,FG_week13_exportin.csv
2024,13,week13,WR,Ramel,Keyton,LV,LV,2200,LV@KC,1,FG_week13_exportin.csv
2024,13,week13,TE,Ko,Kieft,TB,TB,2200,TB@CAR,1,FG_week13_exportin.csv
2024,13,week13,TE,Dawson,Knox,BUF,BUF,2200,SF@BUF,1,FG_week13_exportin.csv
2024,13,week13,TE,Charlie,Kolar,BAL,BAL,2200,PHI@BAL,1,FG_week13_exportin.csv
2024,13,week13,TE,Lucas,Krull,DEN,DEN,2200,CLE@DEN,1,FG_week13_exportin.csv
2024,13,week13,TE,Lucas,Krull,DEN,DEN,2200,CLE@DEN,1,FG_week13_exportin.csv
2024,13,week13,RB,Dylan,Laube,LV,LV,2200,LV@KC,1,FG_week13_exportin.csv
2024,13,week13,TE,Marcedes,Lewis,CHI,CHI,2200,CHI@DET,1,FG_week13_exportin.csv
2024,13,week13,TE,Hunter,Long,LAR,LA,2200,LA@NO,1,FG_week13_exportin.csv
2024,13,week13,RB,Hunter,Luepke,DAL,DAL,2200,NYG@DAL,1,FG_week13_exportin.csv
2024,13,week13,TE,Will,Mallory,IND,IND,2200,IND@NE,1,FG_week13_exportin.csv
2024,13,week13,TE,Chris,Manhertz,NYG,NYG,2200,NYG@DAL,1,FG_week13_exportin.csv
2024,13,week13,TE,David,Martin-Robinson,TEN,TEN,2200,TEN@WAS,1,FG_week13_exportin.csv
2024,13,week13,RB,Jordan,Mason,SF,SF,2200,SF@BUF,1,FG_week13_exportin.csv
2024,13,week13,RB,Scott,Matlock,LAC,LAC,2200,LAC@ATL,1,FG_week13_exportin.csv
2024,13,week13,TE,Michael,Mayer,LV,LV,2200,LV@KC,1,FG_week13_exportin.csv
2024,13,week13,WR,Luke,McCaffrey,WAS,WAS,2200,TEN@WAS,1,FG_week13_exportin.csv
2024,13,week13,RB,Jase,McClellan,ATL,ATL,2200,LAC@ATL,1,FG_week13_exportin.csv
2024,13,week13,RB,Sincere,McCormick,LV,LV,2200,LV@KC,1,FG_week13_exportin.csv
2024,13,week13,RB,Kenny,McIntosh,SEA,SEA,2200,SEA@NYJ,1,FG_week13_exportin.csv
2024,13,week13,TE,Tanner,McLachlan,CIN,CIN,2200,PIT@CIN,1,FG_week13_exportin.csv
2024,13,week13,RB,Jaleel,McLaughlin,DEN,DEN,2200,CLE@DEN,1,FG_week13_exportin.csv
2024,13,week13,RB,Jaleel,McLaughlin,DEN,DEN,2200,CLE@DEN,1,FG_week13_exportin.csv
2024,13,week13,WR,Jalen,McMillan,TB,TB,2200,TB@CAR,1,FG_week13_exportin.csv
2024,13,week13,RB,Jeremy,McNichols,WAS,WAS,2200,TEN@WAS,1,FG_week13_exportin.csv
2024,13,week13,WR,Bo,Melton,GB,GB,2200,MIA@GB,1,FG_week13_exportin.csv
2024,13,week13,WR,John,Metchie III,HOU,HOU,2200,HOU@JAC,1,FG_week13_exportin.csv
2024,13,week13,WR,Scotty,Miller,PIT,PIT,2200,PIT@CIN,1,FG_week13_exportin.csv
2024,13,week13,WR,Ryan,Miller,TB,TB,2200,TB@CAR,1,FG_week13_exportin.csv
2024,13,week13,RB,Jordan,Mims,NO,NO,2200,LA@NO,1,FG_week13_exportin.csv
2024,13,week13,WR,Jonathan,Mingo,DAL,DAL,2200,NYG@DAL,1,FG_week13_exportin.csv
2024,13,week13,RB,Keaton,Mitchell,BAL,BAL,2200,PHI@BAL,1,FG_week13_exportin.csv
2024,13,week13,WR,Adonai,Mitchell,IND,IND,2200,IND@NE,1,FG_week13_exportin.csv
2024,13,week13,WR,Skyy,Moore,KC,KC,2200,LV@KC,1,FG_week13_exportin.csv
2024,13,week13,WR,David,Moore,CAR,CAR,2200,TB@CAR,1,FG_week13_exportin.csv
2024,13,week13,TE,Foster,Moreau,NO,NO,2200,LA@NO,1,FG_week13_exportin.csv
2024,13,week13,TE,Quintin,Morris,BUF,BUF,2200,SF@BUF,1,FG_week13_exportin.csv
2024,13,week13,RB,Raheem,Mostert,MIA,MIA,2200,MIA@GB,1,FG_week13_exportin.csv
2024,13,week13,TE,Johnny,Mundt,MIN,MIN,2200,ARI@MIN,1,FG_week13_exportin.csv
2024,13,week13,TE,Nick,Muse,MIN,MIN,2200,ARI@MIN,1,FG_week13_exportin.csv
2024,13,week13,TE,Luke,Musgrave,GB,GB,2200,MIA@GB,1,FG_week13_exportin.csv
2024,13,week13,TE,Drew,Ogletree,IND,IND,2200,IND@NE,1,FG_week13_exportin.csv
2024,13,week13,RB,Dare,Ogunbowale,HOU,HOU,2200,HOU@JAC,1,FG_week13_exportin.csv
2024,13,week13,TE,Chig,Okonkwo,TEN,TEN,2200,TEN@WAS,1,FG_week13_exportin.csv
2024,13,week13,WR,Bryce,Oliver,TEN,TEN,2200,TEN@WAS,1,FG_week13_exportin.csv
2024,13,week13,WR,K.J.,Osborn,NE,NE,2200,IND@NE,1,FG_week13_exportin.csv
2024,13,week13,WR,Trey,Palmer,TB,TB,2200,TB@CAR,1,FG_week13_exportin.csv
2024,13,week13,TE,Colby,Parkinson,LAR,LA,2200,LA@NO,1,FG_week13_exportin.csv
2024,13,week13,WR,Zach,Pascal,ARI,ARI,2200,ARI@MIN,1,FG_week13_exportin.csv
2024,13,week13,WR,Tim,Patrick,DET,DET,2200,CHI@DET,1,FG_week13_exportin.csv
2024,13,week13,RB,Cordarrelle,Patterson,PIT,PIT,2200,PIT@CIN,1,FG_week13_exportin.csv
2024,13,week13,RB,Samaje,Perine,KC,KC,2200,LV@KC,1,FG_week13_exportin.csv
2024,13,week13,RB,Dameon,Pierce,HOU,HOU,2200,HOU@JAC,1,FG_week13_exportin.csv
2024,13,week13,WR,Ja'Lynn,Polk,NE,NE,2200,IND@NE,1,FG_week13_exportin.csv
2024,13,week13,WR,Brandon,Powell,MIN,MIN,2200,ARI@MIN,1,FG_week13_exportin.csv
2024,13,week13,RB,Adam,Prentice,NO,NO,2200,LA@NO,1,FG_week13_exportin.csv
2024,13,week13,TE,MyCole,Pruitt,PIT,PIT,2200,PIT@CIN,1,FG_week13_exportin.csv
2024,13,week13,TE,Teagan,Quitoriano,HOU,HOU,2200,HOU@JAC,1,FG_week13_exportin.csv
2024,13,week13,WR,Kalif,Raymond,DET,DET,2200,CHI@DET,1,FG_week13_exportin.csv
2024,13,week13,WR,Jalen,Reagor,LAC,LAC,2200,LAC@ATL,1,FG_week13_exportin.csv
2024,13,week13,TE,Tip,Reiman,ARI,ARI,2200,ARI@MIN,1,FG_week13_exportin.csv
2024,13,week13,RB,Craig,Reynolds,DET,DET,2200,CHI@DET,1,FG_week13_exportin.csv
2024,13,week13,WR,Josh,Reynolds,DEN,DEN,2200,CLE@DEN,1,FG_week13_exportin.csv
2024,13,week13,WR,Josh,Reynolds,DEN,DEN,2200,CLE@DEN,1,FG_week13_exportin.csv
2024,13,week13,RB,Patrick,Ricard,BAL,BAL,2200,PHI@BAL,1,FG_week13_exportin.csv
2024,13,week13,RB,Ronnie,Rivers,LAR,LA,2200,LA@NO,1,FG_week13_exportin.csv
2024,13,week13,RB,Keilan,Robinson,JAX,JAC,2200,HOU@JAC,1,FG_week13_exportin.csv
2024,13,week13,WR,Allen,Robinson,DET,DET,2200,CHI@DET,1,FG_week13_exportin.csv
2024,13,week13,TE,Jeremy,Ruckert,NYJ,NYJ,2200,SEA@NYJ,1,FG_week13_exportin.csv
2024,13,week13,TE,Brady,Russell,SEA,SEA,2200,SEA@NYJ,1,FG_week13_exportin.csv
2024,13,week13,TE,Drew,Sample,CIN,CIN,2200,PIT@CIN,1,FG_week13_exportin.csv
2024,13,week13,RB,Miles,Sanders,CAR,CAR,2200,TB@CAR,1,FG_week13_exportin.csv
2024,13,week13,TE,Eric,Saubert,SF,SF,2200,SF@BUF,1,FG_week13_exportin.csv
2024,13,week13,TE,Luke,Schoonmaker,DAL,DAL,2200,NYG@DAL,1,FG_week13_exportin.csv
2024,13,week13,RB,Cody,Schrader,LAR,LA,2200,LA@NO,1,FG_week13_exportin.csv
2024,13,week13,WR,Tyler,Scott,CHI,CHI,2200,CHI@DET,1,FG_week13_exportin.csv
2024,13,week13,RB,Trey,Sermon,IND,IND,2200,IND@NE,1,FG_week13_exportin.csv
2024,13,week13,WR,Laviska,Shenault Jr.,SEA,SEA,2200,SEA@NYJ,1,FG_week13_exportin.csv
2024,13,week13,WR,Trent,Sherfield Sr.,MIN,MIN,2200,ARI@MIN,1,FG_week13_exportin.csv
2024,13,week13,RB,Will,Shipley,PHI,PHI,2200,PHI@BAL,1,FG_week13_exportin.csv
2024,13,week13,TE,Justin,Shorter,LV,LV,2200,LV@KC,1,FG_week13_exportin.csv
2024,13,week13,TE,Ben,Sims,GB,GB,2200,MIA@GB,1,FG_week13_exportin.csv
2024,13,week13,WR,Steven,Sims,HOU,HOU,2200,HOU@JAC,1,FG_week13_exportin.csv
2024,13,week13,TE,Ben,Sinnott,WAS,WAS,2200,TEN@WAS,1,FG_week13_exportin.csv
2024,13,week13,WR,Ben,Skowronek,PIT,PIT,2200,PIT@CIN,1,FG_week13_exportin.csv
2024,13,week13,TE,Stone,Smartt,LAC,LAC,2200,LAC@ATL,1,FG_week13_exportin.csv
2024,13,week13,WR,Xavier,Smith,LAR,LA,2200,LA@NO,1,FG_week13_exportin.csv
2024,13,week13,WR,Ainias,Smith,PHI,PHI,2200,PHI@BAL,1,FG_week13_exportin.csv
2024,13,week13,WR,Ihmir,Smith-Marsette,NYG,NYG,2200,NYG@DAL,1,FG_week13_exportin.csv
2024,13,week13,TE,Durham,Smythe,MIA,MIA,2200,MIA@GB,1,FG_week13_exportin.csv
2024,13,week13,TE,Brevyn,Spann-Ford,DAL,DAL,2200,NYG@DAL,1,FG_week13_exportin.csv
2024,13,week13,RB,Carson,Steele,KC,KC,2200,LV@KC,1,FG_week13_exportin.csv
2024,13,week13,TE,Jack,Stoll,MIA,MIA,2200,MIA@GB,1,FG_week13_exportin.csv
2024,13,week13,TE,Cade,Stover,HOU,HOU,2200,HOU@JAC,1,FG_week13_exportin.csv
2024,13,week13,TE,Brenton,Strange,JAX,JAC,2200,HOU@JAC,1,FG_week13_exportin.csv
2024,13,week13,RB,Pierre,Strong Jr.,CLE,CLE,2200,CLE@DEN,1,FG_week13_exportin.csv
2024,13,week13,RB,Pierre,Strong Jr.,CLE,CLE,2200,CLE@DEN,1,FG_week13_exportin.csv
2024,13,week13,TE,Geoff,Swaim,CLE,CLE,2200,CLE@DEN,1,FG_week13_exportin.csv
2024,13,week13,WR,Deven,Thompkins,CAR,CAR,2200,TB@CAR,1,FG_week13_exportin.csv
2024,13,week13,WR,Jamari,Thrash,CLE,CLE,2200,CLE@DEN,1,FG_week13_exportin.csv
2024,13,week13,WR,Jamari,Thrash,CLE,CLE,2200,CLE@DEN,1,FG_week13_exportin.csv
2024,13,week13,WR,Mason,Tipton,NO,NO,2200,LA@NO,1,FG_week13_exportin.csv
2024,13,week13,TE,Jake,Tonges,SF,SF,2200,SF@BUF,1,FG_week13_exportin.csv
2024,13,week13,TE,Adam,Trautman,DEN,DEN,2200,CLE@DEN,1,FG_week13_exportin.csv
2024,13,week13,TE,Adam,Trautman,DEN,DEN,2200,CLE@DEN,1,FG_week13_exportin.csv
2024,13,week13,TE,Tommy,Tremble,CAR,CAR,2200,TB@CAR,1,FG_week13_exportin.csv
2024,13,week13,RB,Sean,Tucker,TB,TB,2200,TB@CAR,1,FG_week13_exportin.csv
2024,13,week13,WR,DJ,Turner,LV,LV,2200,LV@KC,1,FG_week13_exportin.csv
2024,13,week13,TE,C.J.,Uzomah,PHI,PHI,2200,PHI@BAL,1,FG_week13_exportin.csv
2024,13,week13,RB,Sione,Vaki,DET,DET,2200,CHI@DET,1,FG_week13_exportin.csv
2024,13,week13,TE,Nick,Vannett,TEN,TEN,2200,TEN@WAS,1,FG_week13_exportin.csv
2024,13,week13,RB,Deuce,Vaughn,DAL,DAL,2200,NYG@DAL,1,FG_week13_exportin.csv
2024,13,week13,RB,Kimani,Vidal,LAC,LAC,2200,LAC@ATL,1,FG_week13_exportin.csv
2024,13,week13,WR,Jalen,Virgil,BUF,BUF,2200,SF@BUF,1,FG_week13_exportin.csv
2024,13,week13,TE,Travis,Vokolek,ARI,ARI,2200,ARI@MIN,1,FG_week13_exportin.csv
2024,13,week13,WR,Devontez,Walker,BAL,BAL,2200,PHI@BAL,1,FG_week13_exportin.csv
2024,13,week13,WR,Tylan,Wallace,BAL,BAL,2200,PHI@BAL,1,FG_week13_exportin.csv
2024,13,week13,RB,Jonathan,Ward,PIT,PIT,2200,PIT@CIN,1,FG_week13_exportin.csv
2024,13,week13,TE,Darnell,Washington,PIT,PIT,2200,PIT@CIN,1,FG_week13_exportin.csv
2024,13,week13,WR,Malik,Washington,MIA,MIA,2200,MIA@GB,1,FG_week13_exportin.csv
2024,13,week13,WR,Casey,Washington,ATL,ATL,2200,LAC@ATL,1,FG_week13_exportin.csv
2024,13,week13,WR,Parker,Washington,JAX,JAC,2200,HOU@JAC,1,FG_week13_exportin.csv
2024,13,week13,WR,Justin,Watson,KC,KC,2200,LV@KC,1,FG_week13_exportin.csv
2024,13,week13,WR,Xavier,Weaver,ARI,ARI,2200,ARI@MIN,1,FG_week13_exportin.csv
2024,13,week13,TE,Jack,Westover,NE,NE,2200,IND@NE,1,FG_week13_exportin.csv
2024,13,week13,RB,Zamir,White,LV,LV,2200,LV@KC,1,FG_week13_exportin.csv
2024,13,week13,WR,Cody,White,SEA,SEA,2200,SEA@NYJ,1,FG_week13_exportin.csv
2024,13,week13,TE,Blake,Whiteheart,CLE,CLE,2200,CLE@DEN,1,FG_week13_exportin.csv
2024,13,week13,TE,Blake,Whiteheart,CLE,CLE,2200,CLE@DEN,1,FG_week13_exportin.csv
2024,13,week13,WR,Jordan,Whittington,LAR,LA,2200,LA@NO,1,FG_week13_exportin.csv
2024,13,week13,TE,Josh,Whyle,TEN,TEN,2200,TEN@WAS,1,FG_week13_exportin.csv
2024,13,week13,WR,Dontayvion,Wicks,GB,GB,2200,MIA@GB,1,FG_week13_exportin.csv
2024,13,week13,RB,Trayveon,Williams,CIN,CIN,2200,PIT@CIN,1,FG_week13_exportin.csv
2024,13,week13,RB,Avery,Williams,ATL,ATL,2200,LAC@ATL,1,FG_week13_exportin.csv
2024,13,week13,RB,Jamaal,Williams,NO,NO,2200,LA@NO,1,FG_week13_exportin.csv
2024,13,week13,WR,Mike,Williams,PIT,PIT,2200,PIT@CIN,1,FG_week13_exportin.csv
2024,13,week13,WR,Isaiah,Williams,CIN,CIN,2200,PIT@CIN,1,FG_week13_exportin.csv
2024,13,week13,TE,Brayden,Willis,SF,SF,2200,SF@BUF,1,FG_week13_exportin.csv
2024,13,week13,RB,Emanuel,Wilson,GB,GB,2200,MIA@GB,1,FG_week13_exportin.csv
2024,13,week13,WR,Roman,Wilson,PIT,PIT,2200,PIT@CIN,1,FG_week13_exportin.csv
2024,13,week13,WR,Johnny,Wilson,PHI,PHI,2200,PHI@BAL,1,FG_week13_exportin.csv
2024,13,week13,RB,Jeff,Wilson Jr.,MIA,MIA,2200,MIA@GB,1,FG_week13_exportin.csv
2024,13,week13,WR,Cedrick,Wilson Jr.,NO,NO,2200,LA@NO,1,FG_week13_exportin.csv
2024,13,week13,TE,Charlie,Woerner,ATL,ATL,2200,LAC@ATL,1,FG_week13_exportin.csv
2024,13,week13,WR,Robert,Woods,HOU,HOU,2200,HOU@JAC,1,FG_week13_exportin.csv
2024,13,week13,RB,Jaylen,Wright,MIA,MIA,2200,MIA@GB,1,FG_week13_exportin.csv
2024,13,week13,TE,Brock,Wright,DET,DET,2200,CHI@DET,1,FG_week13_exportin.csv
2024,13,week13,TE,Kenny,Yeboah,NYJ,NYJ,2200,SEA@NYJ,1,FG_week13_exportin.csv
2024,13,week13,WR,Dareke,Young,SEA,SEA,2200,SEA@NYJ,1,FG_week13_exportin.csv
2024,13,week13,WR,Olamide,Zaccheaus,WAS,WAS,2200,TEN@WAS,1,FG_week13_exportin.csv
2024,13,week13,TE,Shane,Zylstra,DET,DET,2200,CHI@DET,1,FG_week13_exportin.csv
2024,14,week14,WR,Ja'Marr,Chase,CIN,CIN,8600,CIN@DAL,1,FG_week14_exportin.csv
2024,14,week14,RB,Saquon,Barkley,PHI,PHI,8200,CAR@PHI,1,FG_week14_exportin.csv
2024,14,week14,QB,Josh,Allen,BUF,BUF,8000,BUF@LA,1,FG_week14_exportin.csv
2024,14,week14,QB,Joe,Burrow,CIN,CIN,8000,CIN@DAL,1,FG_week14_exportin.csv
2024,14,week14,WR,Nico,Collins,HOU,HOU,8000,HOU@JAC,1,FG_week14_exportin.csv
2024,14,week14,QB,Jalen,Hurts,PHI,PHI,7800,CAR@PHI,1,FG_week14_exportin.csv
2024,14,week14,RB,Josh,Jacobs,GB,GB,7600,GB@DET,1,FG_week14_exportin.csv
2024,14,week14,RB,Bijan,Robinson,ATL,ATL,7400,ATL@MIN,1,FG_week14_exportin.csv
2024,14,week14,RB,De'Von,Achane,MIA,MIA,7200,NYJ@MIA,1,FG_week14_exportin.csv
2024,14,week14,RB,Jahmyr,Gibbs,DET,DET,7000,GB@DET,1,FG_week14_exportin.csv
2024,14,week14,RB,Alvin,Kamara,NO,NO,7000,NO@NYG,1,FG_week14_exportin.csv
2024,14,week14,WR,Cooper,Kupp,LAR,LA,7000,LA@NO,1,FG_week14_exportin.csv
2024,14,week14,WR,Amon-Ra,St. Brown,DET,DET,7000,GB@DET,1,FG_week14_exportin.csv
2024,14,week14,WR,A.J.,Brown,PHI,PHI,6800,PHI@BAL,1,FG_week14_exportin.csv
2024,14,week14,RB,James,Cook,BUF,BUF,6800,BUF@LA,1,FG_week14_exportin.csv
2024,14,week14,WR,Puka,Nacua,LAR,LA,6800,BUF@LA,1,FG_week14_exportin.csv
2024,14,week14,WR,Puka,Nacua,LAR,LA,6800,LA@NO,1,FG_week14_exportin.csv
2024,14,week14,RB,Kyren,Williams,LAR,LA,6800,BUF@LA,1,FG_week14_exportin.csv
2024,14,week14,WR,Tee,Higgins,CIN,CIN,6600,CIN@DAL,1,FG_week14_exportin.csv
2024,14,week14,RB,Bucky,Irving,TB,TB,6600,LV@TB,1,FG_week14_exportin.csv
2024,14,week14,WR,Justin,Jefferson,MIN,MIN,6600,ATL@MIN,1,FG_week14_exportin.csv
2024,14,week14,WR,Jaxon,Smith-Njigba,SEA,SEA,6600,SEA@ARI,1,FG_week14_exportin.csv
2024,14,week14,RB,Chase,Brown,CIN,CIN,6400,CIN@DAL,1,FG_week14_exportin.csv
2024,14,week14,WR,A.J.,Brown,PHI,PHI,6400,CAR@PHI,1,FG_week14_exportin.csv
2024,14,week14,WR,George,Pickens,PIT,PIT,6200,CLE@PIT,1,FG_week14_exportin.csv
2024,14,week14,WR,Courtland,Sutton,DEN,DEN,6200,CLE@DEN,1,FG_week14_exportin.csv
2024,14,week14,WR,Courtland,Sutton,DEN,DEN,6200,CLE@DEN,1,FG_week14_exportin.csv
2024,14,week14,QB,Tua,Tagovailoa,MIA,MIA,6200,NYJ@MIA,1,FG_week14_exportin.csv
2024,14,week14,WR,Mike,Evans,TB,TB,6000,LV@TB,1,FG_week14_exportin.csv
2024,14,week14,WR,Cooper,Kupp,LAR,LA,6000,BUF@LA,1,FG_week14_exportin.csv
2024,14,week14,WR,Drake,London,ATL,ATL,6000,ATL@MIN,1,FG_week14_exportin.csv
2024,14,week14,WR,Drake,London,ATL,ATL,6000,LAC@ATL,1,FG_week14_exportin.csv
2024,14,week14,QB,Patrick,Mahomes,KC,KC,6000,LAC@KC,1,FG_week14_exportin.csv
2024,14,week14,RB,David,Montgomery,DET,DET,6000,GB@DET,1,FG_week14_exportin.csv
2024,14,week14,WR,DJ,Moore,CHI,CHI,6000,CHI@SF,1,FG_week14_exportin.csv
2024,14,week14,QB,Kyler,Murray,ARI,ARI,6000,SEA@ARI,1,FG_week14_exportin.csv
2024,14,week14,QB,Bo,Nix,DEN,DEN,6000,CLE@DEN,1,FG_week14_exportin.csv
2024,14,week14,QB,Brock,Purdy,SF,SF,6000,CHI@SF,1,FG_week14_exportin.csv
2024,14,week14,RB,James,Conner,ARI,ARI,5800,SEA@ARI,1,FG_week14_exportin.csv
2024,14,week14,QB,Sam,Darnold,MIN,MIN,5800,ATL@MIN,1,FG_week14_exportin.csv
2024,14,week14,WR,Mike,Evans,TB,TB,5800,TB@CAR,1,FG_week14_exportin.csv
2024,14,week14,RB,Breece,Hall,NYJ,NYJ,5800,NYJ@MIA,1,FG_week14_exportin.csv
2024,14,week14,RB,Aaron,Jones Sr.,MIN,MIN,5800,ATL@MIN,1,FG_week14_exportin.csv
2024,14,week14,WR,CeeDee,Lamb,DAL,DAL,5800,CIN@DAL,1,FG_week14_exportin.csv
2024,14,week14,QB,Baker,Mayfield,TB,TB,5800,LV@TB,1,FG_week14_exportin.csv
2024,14,week14,WR,Jakobi,Meyers,LV,LV,5800,LV@TB,1,FG_week14_exportin.csv
2024,14,week14,QB,Russell,Wilson,PIT,PIT,5800,CLE@PIT,1,FG_week14_exportin.csv
2024,14,week14,TE,Brock,Bowers,LV,LV,5600,LV@TB,1,FG_week14_exportin.csv
2024,14,week14,WR,Zay,Flowers,BAL,BAL,5600,PHI@BAL,1,FG_week14_exportin.csv
2024,14,week14,WR,Tyreek,Hill,MIA,MIA,5600,NYJ@MIA,1,FG_week14_exportin.csv
2024,14,week14,QB,Jordan,Love,GB,GB,5600,GB@DET,1,FG_week14_exportin.csv
2024,14,week14,WR,Ladd,McConkey,LAC,LAC,5600,LAC@KC,1,FG_week14_exportin.csv
2024,14,week14,WR,DK,Metcalf,SEA,SEA,5600,SEA@ARI,1,FG_week14_exportin.csv
2024,14,week14,RB,Kenneth,Walker III,SEA,SEA,5600,SEA@ARI,1,FG_week14_exportin.csv
2024,14,week14,QB,Caleb,Williams,CHI,CHI,5600,CHI@SF,1,FG_week14_exportin.csv
2024,14,week14,WR,Davante,Adams,NYJ,NYJ,5400,NYJ@MIA,1,FG_week14_exportin.csv
2024,14,week14,QB,Jared,Goff,DET,DET,5400,GB@DET,1,FG_week14_exportin.csv
2024,14,week14,RB,Chuba,Hubbard,CAR,CAR,5400,CAR@PHI,1,FG_week14_exportin.csv
2024,14,week14,WR,Jauan,Jennings,SF,SF,5400,CHI@SF,1,FG_week14_exportin.csv
2024,14,week14,WR,Jauan,Jennings,SF,SF,5400,SF@BUF,1,FG_week14_exportin.csv
2024,14,week14,TE,George,Kittle,SF,SF,5400,CHI@SF,1,FG_week14_exportin.csv
2024,14,week14,TE,Trey,McBride,ARI,ARI,5400,SEA@ARI,1,FG_week14_exportin.csv
2024,14,week14,WR,Malik,Nabers,NYG,NYG,5400,NO@NYG,1,FG_week14_exportin.csv
2024,14,week14,WR,Garrett,Wilson,NYJ,NYJ,5400,NYJ@MIA,1,FG_week14_exportin.csv
2024,14,week14,WR,Keenan,Allen,CHI,CHI,5200,CHI@SF,1,FG_week14_exportin.csv
2024,14,week14,RB,Rico,Dowdle,DAL,DAL,5200,CIN@DAL,1,FG_week14_exportin.csv
2024,14,week14,RB,Najee,Harris,PIT,PIT,5200,CLE@PIT,1,FG_week14_exportin.csv
2024,14,week14,QB,Justin,Herbert,LAC,LAC,5200,LAC@KC,1,FG_week14_exportin.csv
2024,14,week14,RB,Jordan,Mason,SF,SF,5200,CHI@SF,1,FG_week14_exportin.csv
2024,14,week14,RB,Christian,McCaffrey,SF,SF,5200,CHI@SF,1,FG_week14_exportin.csv
2024,14,week14,WR,Ladd,McConkey,LAC,LAC,5200,LAC@ATL,1,FG_week14_exportin.csv
2024,14,week14,WR,Darnell,Mooney,ATL,ATL,5200,LAC@ATL,1,FG_week14_exportin.csv
2024,14,week14,WR,Jayden,Reed,GB,GB,5200,GB@DET,1,FG_week14_exportin.csv
2024,14,week14,WR,Calvin,Ridley,TEN,TEN,5200,JAC@TEN,1,FG_week14_exportin.csv
2024,14,week14,QB,Geno,Smith,SEA,SEA,5200,SEA@ARI,1,FG_week14_exportin.csv
2024,14,week14,WR,Jordan,Addison,MIN,MIN,5000,ATL@MIN,1,FG_week14_exportin.csv
2024,14,week14,QB,Derek,Carr,NO,NO,5000,NO@NYG,1,FG_week14_exportin.csv
2024,14,week14,WR,Jerry,Jeudy,CLE,CLE,5000,CLE@PIT,1,FG_week14_exportin.csv
2024,14,week14,WR,Jerry,Jeudy,CLE,CLE,5000,CLE@DEN,1,FG_week14_exportin.csv
2024,14,week14,WR,Jerry,Jeudy,CLE,CLE,5000,CLE@DEN,1,FG_week14_exportin.csv
2024,14,week14,QB,Trevor,Lawrence,JAX,JAC,5000,JAC@TEN,1,FG_week14_exportin.csv
2024,14,week14,RB,Tony,Pollard,TEN,TEN,5000,JAC@TEN,1,FG_week14_exportin.csv
2024,14,week14,WR,Khalil,Shakir,BUF,BUF,5000,SF@BUF,1,FG_week14_exportin.csv
2024,14,week14,TE,Jonnu,Smith,MIA,MIA,5000,NYJ@MIA,1,FG_week14_exportin.csv
2024,14,week14,WR,DeVonta,Smith,PHI,PHI,5000,CAR@PHI,1,FG_week14_exportin.csv
2024,14,week14,WR,DeVonta,Smith,PHI,PHI,5000,PHI@BAL,1,FG_week14_exportin.csv
2024,14,week14,QB,Matthew,Stafford,LAR,LA,5000,BUF@LA,1,FG_week14_exportin.csv
2024,14,week14,RB,Tyrone,Tracy Jr.,NYG,NYG,5000,NO@NYG,1,FG_week14_exportin.csv
2024,14,week14,WR,Jameson,Williams,DET,DET,5000,GB@DET,1,FG_week14_exportin.csv
2024,14,week14,WR,Marvin,Harrison Jr.,ARI,ARI,4800,SEA@ARI,1,FG_week14_exportin.csv
2024,14,week14,WR,Khalil,Shakir,BUF,BUF,4800,BUF@LA,1,FG_week14_exportin.csv
2024,14,week14,WR,Adam,Thielen,CAR,CAR,4800,CAR@PHI,1,FG_week14_exportin.csv
2024,14,week14,WR,Brian,Thomas Jr.,JAX,JAC,4800,JAC@TEN,1,FG_week14_exportin.csv
2024,14,week14,RB,Rachaad,White,TB,TB,4800,LV@TB,1,FG_week14_exportin.csv
2024,14,week14,QB,Jameis,Winston,CLE,CLE,4800,CLE@PIT,1,FG_week14_exportin.csv
2024,14,week14,WR,Amari,Cooper,BUF,BUF,4600,SF@BUF,1,FG_week14_exportin.csv
2024,14,week14,WR,Tank,Dell,HOU,HOU,4600,HOU@JAC,1,FG_week14_exportin.csv
2024,14,week14,WR,DeAndre,Hopkins,KC,KC,4600,LAC@KC,1,FG_week14_exportin.csv
2024,14,week14,TE,Travis,Kelce,KC,KC,4600,LAC@KC,1,FG_week14_exportin.csv
2024,14,week14,WR,Darnell,Mooney,ATL,ATL,4600,ATL@MIN,1,FG_week14_exportin.csv
2024,14,week14,QB,Aidan,O'Connell,LV,LV,4600,LV@TB,1,FG_week14_exportin.csv
2024,14,week14,RB,D'Andre,Swift,CHI,CHI,4600,CHI@SF,1,FG_week14_exportin.csv
2024,14,week14,WR,Brian,Thomas Jr.,JAX,JAC,4600,HOU@JAC,1,FG_week14_exportin.csv
2024,14,week14,WR,Cedric,Tillman,CLE,CLE,4600,CLE@DEN,1,FG_week14_exportin.csv
2024,14,week14,WR,Cedric,Tillman,CLE,CLE,4600,CLE@DEN,1,FG_week14_exportin.csv
2024,14,week14,WR,Jaylen,Waddle,MIA,MIA,4600,NYJ@MIA,1,FG_week14_exportin.csv
2024,14,week14,RB,Nick,Chubb,CLE,CLE,4400,CLE@DEN,1,FG_week14_exportin.csv
2024,14,week14,QB,Kirk,Cousins,ATL,ATL,4400,ATL@MIN,1,FG_week14_exportin.csv
2024,14,week14,RB,Isaac,Guerendo,SF,SF,4400,CHI@SF,1,FG_week14_exportin.csv
2024,14,week14,WR,Deebo,Samuel Sr.,SF,SF,4400,SF@BUF,1,FG_week14_exportin.csv
2024,14,week14,WR,Cedric,Tillman,CLE,CLE,4400,CLE@PIT,1,FG_week14_exportin.csv
2024,14,week14,WR,Marquez,Valdes-Scantling,NO,NO,4400,NO@NYG,1,FG_week14_exportin.csv
2024,14,week14,WR,Nick,Westbrook-Ikhine,TEN,TEN,4400,JAC@TEN,1,FG_week14_exportin.csv
2024,14,week14,QB,Bryce,Young,CAR,CAR,4400,CAR@PHI,1,FG_week14_exportin.csv
2024,14,week14,QB,Kyle,Allen,PIT,PIT,4200,CLE@PIT,1,FG_week14_exportin.csv
2024,14,week14,QB,Brandon,Allen,SF,SF,4200,CHI@SF,1,FG_week14_exportin.csv
2024,14,week14,QB,Tyson,Bagent,CHI,CHI,4200,CHI@SF,1,FG_week14_exportin.csv
2024,14,week14,QB,C.J.,Beathard,JAX,JAC,4200,JAC@TEN,1,FG_week14_exportin.csv
2024,14,week14,QB,Stetson,Bennett,LAR,LA,4200,BUF@LA,1,FG_week14_exportin.csv
2024,14,week14,QB,Tim,Boyle,NYG,NYG,4200,NO@NYG,1,FG_week14_exportin.csv
2024,14,week14,QB,Jake,Browning,CIN,CIN,4200,CIN@DAL,1,FG_week14_exportin.csv
2024,14,week14,RB,Nick,Chubb,CLE,CLE,4200,CLE@PIT,1,FG_week14_exportin.csv
2024,14,week14,WR,Keon,Coleman,BUF,BUF,4200,BUF@LA,1,FG_week14_exportin.csv
2024,14,week14,WR,Keon,Coleman,BUF,BUF,4200,SF@BUF,1,FG_week14_exportin.csv
2024,14,week14,WR,Amari,Cooper,BUF,BUF,4200,BUF@LA,1,FG_week14_exportin.csv
2024,14,week14,QB,Andy,Dalton,CAR,CAR,4200,CAR@PHI,1,FG_week14_exportin.csv
2024,14,week14,QB,Tommy,DeVito,NYG,NYG,4200,NO@NYG,1,FG_week14_exportin.csv
2024,14,week14,QB,Joshua,Dobbs,SF,SF,4200,CHI@SF,1,FG_week14_exportin.csv
2024,14,week14,QB,Justin,Fields,PIT,PIT,4200,CLE@PIT,1,FG_week14_exportin.csv
2024,14,week14,QB,Jimmy,Garoppolo,LAR,LA,4200,BUF@LA,1,FG_week14_exportin.csv
2024,14,week14,QB,Jake,Haener,NO,NO,4200,NO@NYG,1,FG_week14_exportin.csv
2024,14,week14,QB,Jaren,Hall,SEA,SEA,4200,SEA@ARI,1,FG_week14_exportin.csv
2024,14,week14,QB,Taylor,Heinicke,LAC,LAC,4200,LAC@KC,1,FG_week14_exportin.csv
2024,14,week14,QB,Hendon,Hooker,DET,DET,4200,GB@DET,1,FG_week14_exportin.csv
2024,14,week14,QB,Sam,Howell,SEA,SEA,4200,SEA@ARI,1,FG_week14_exportin.csv
2024,14,week14,QB,Tyler,Huntley,MIA,MIA,4200,NYJ@MIA,1,FG_week14_exportin.csv
2024,14,week14,WR,Quentin,Johnston,LAC,LAC,4200,LAC@ATL,1,FG_week14_exportin.csv
2024,14,week14,QB,Mac,Jones,JAX,JAC,4200,JAC@TEN,1,FG_week14_exportin.csv
2024,14,week14,QB,Trey,Lance,DAL,DAL,4200,CIN@DAL,1,FG_week14_exportin.csv
2024,14,week14,QB,Will,Levis,TEN,TEN,4200,JAC@TEN,1,FG_week14_exportin.csv
2024,14,week14,QB,Drew,Lock,NYG,NYG,4200,NO@NYG,1,FG_week14_exportin.csv
2024,14,week14,QB,Tanner,McKee,PHI,PHI,4200,CAR@PHI,1,FG_week14_exportin.csv
2024,14,week14,QB,Gardner,Minshew II,LV,LV,4200,LV@TB,1,FG_week14_exportin.csv
2024,14,week14,QB,Nick,Mullens,MIN,MIN,4200,ATL@MIN,1,FG_week14_exportin.csv
2024,14,week14,QB,Michael,Penix Jr.,ATL,ATL,4200,ATL@MIN,1,FG_week14_exportin.csv
2024,14,week14,QB,Kenny,Pickett,PHI,PHI,4200,CAR@PHI,1,FG_week14_exportin.csv
2024,14,week14,QB,Michael,Pratt,TB,TB,4200,LV@TB,1,FG_week14_exportin.csv
2024,14,week14,QB,Spencer,Rattler,NO,NO,4200,NO@NYG,1,FG_week14_exportin.csv
2024,14,week14,QB,Desmond,Ridder,LV,LV,4200,LV@TB,1,FG_week14_exportin.csv
2024,14,week14,QB,Aaron,Rodgers,NYJ,NYJ,4200,NYJ@MIA,1,FG_week14_exportin.csv
2024,14,week14,QB,Mason,Rudolph,TEN,TEN,4200,JAC@TEN,1,FG_week14_exportin.csv
2024,14,week14,QB,Cooper,Rush,DAL,DAL,4200,CIN@DAL,1,FG_week14_exportin.csv
2024,14,week14,QB,Brett,Rypien,MIN,MIN,4200,ATL@MIN,1,FG_week14_exportin.csv
2024,14,week14,QB,Easton,Stick,LAC,LAC,4200,LAC@KC,1,FG_week14_exportin.csv
2024,14,week14,QB,Jarrett,Stidham,DEN,DEN,4200,CLE@DEN,1,FG_week14_exportin.csv
2024,14,week14,QB,Tyrod,Taylor,NYJ,NYJ,4200,NYJ@MIA,1,FG_week14_exportin.csv
2024,14,week14,QB,Skylar,Thompson,MIA,MIA,4200,NYJ@MIA,1,FG_week14_exportin.csv
2024,14,week14,QB,Dorian,Thompson-Robinson,CLE,CLE,4200,CLE@PIT,1,FG_week14_exportin.csv
2024,14,week14,QB,Dorian,Thompson-Robinson,CLE,CLE,4200,CLE@DEN,1,FG_week14_exportin.csv
2024,14,week14,QB,Kyle,Trask,TB,TB,4200,LV@TB,1,FG_week14_exportin.csv
2024,14,week14,QB,Mitchell,Trubisky,BUF,BUF,4200,BUF@LA,1,FG_week14_exportin.csv
2024,14,week14,QB,Clayton,Tune,ARI,ARI,4200,SEA@ARI,1,FG_week14_exportin.csv
2024,14,week14,QB,Carson,Wentz,KC,KC,4200,LAC@KC,1,FG_week14_exportin.csv
2024,14,week14,QB,Mike,White,BUF,BUF,4200,BUF@LA,1,FG_week14_exportin.csv
2024,14,week14,RB,Javonte,Williams,DEN,DEN,4200,CLE@DEN,1,FG_week14_exportin.csv
2024,14,week14,QB,Malik,Willis,GB,GB,4200,GB@DET,1,FG_week14_exportin.csv
2024,14,week14,QB,Zach,Wilson,DEN,DEN,4200,CLE@DEN,1,FG_week14_exportin.csv
2024,14,week14,QB,Bailey,Zappe,CLE,CLE,4200,CLE@PIT,1,FG_week14_exportin.csv
2024,14,week14,QB,Bailey,Zappe,CLE,CLE,4200,CLE@DEN,1,FG_week14_exportin.csv
2024,14,week14,WR,Rashod,Bateman,BAL,BAL,4000,PHI@BAL,1,FG_week14_exportin.csv
2024,14,week14,TE,Dallas,Goedert,PHI,PHI,4000,CAR@PHI,1,FG_week14_exportin.csv
2024,14,week14,RB,Kareem,Hunt,KC,KC,4000,LAC@KC,1,FG_week14_exportin.csv
2024,14,week14,TE,Sam,LaPorta,DET,DET,4000,GB@DET,1,FG_week14_exportin.csv
2024,14,week14,WR,Xavier,Legette,CAR,CAR,4000,TB@CAR,1,FG_week14_exportin.csv
2024,14,week14,TE,David,Njoku,CLE,CLE,4000,CLE@PIT,1,FG_week14_exportin.csv
2024,14,week14,WR,Marquez,Valdes-Scantling,NO,NO,4000,LA@NO,1,FG_week14_exportin.csv
2024,14,week14,WR,Devaughn,Vele,DEN,DEN,4000,CLE@DEN,1,FG_week14_exportin.csv
2024,14,week14,WR,Devaughn,Vele,DEN,DEN,4000,CLE@DEN,1,FG_week14_exportin.csv
2024,14,week14,WR,Xavier,Legette,CAR,CAR,3800,CAR@PHI,1,FG_week14_exportin.csv
2024,14,week14,WR,Rome,Odunze,CHI,CHI,3800,CHI@SF,1,FG_week14_exportin.csv
2024,14,week14,WR,Demarcus,Robinson,LAR,LA,3800,LA@NO,1,FG_week14_exportin.csv
2024,14,week14,WR,Deebo,Samuel Sr.,SF,SF,3800,CHI@SF,1,FG_week14_exportin.csv
2024,14,week14,WR,Adam,Thielen,CAR,CAR,3800,TB@CAR,1,FG_week14_exportin.csv
2024,14,week14,RB,Jaylen,Warren,PIT,PIT,3800,CLE@PIT,1,FG_week14_exportin.csv
2024,14,week14,WR,Romeo,Doubs,GB,GB,3600,GB@DET,1,FG_week14_exportin.csv
2024,14,week14,TE,Evan,Engram,JAX,JAC,3600,JAC@TEN,1,FG_week14_exportin.csv
2024,14,week14,TE,T.J.,Hockenson,MIN,MIN,3600,ATL@MIN,1,FG_week14_exportin.csv
2024,14,week14,WR,Quentin,Johnston,LAC,LAC,3600,LAC@KC,1,FG_week14_exportin.csv
2024,14,week14,WR,Ray-Ray,McCloud,ATL,ATL,3600,ATL@MIN,1,FG_week14_exportin.csv
2024,14,week14,WR,Elijah,Moore,CLE,CLE,3600,CLE@PIT,1,FG_week14_exportin.csv
2024,14,week14,WR,Elijah,Moore,CLE,CLE,3600,CLE@DEN,1,FG_week14_exportin.csv
2024,14,week14,WR,Elijah,Moore,CLE,CLE,3600,CLE@DEN,1,FG_week14_exportin.csv
2024,14,week14,TE,Cade,Otton,TB,TB,3600,LV@TB,1,FG_week14_exportin.csv
2024,14,week14,RB,Isiah,Pacheco,KC,KC,3600,LAC@KC,1,FG_week14_exportin.csv
2024,14,week14,WR,Christian,Watson,GB,GB,3600,GB@DET,1,FG_week14_exportin.csv
2024,14,week14,WR,Xavier,Worthy,KC,KC,3600,LAC@KC,1,FG_week14_exportin.csv
2024,14,week14,WR,Calvin,Austin III,PIT,PIT,3400,CLE@PIT,1,FG_week14_exportin.csv
2024,14,week14,DEF,Denver,Broncos,DEN,DEN,3400,CLE@DEN,1,FG_week14_exportin.csv
2024,14,week14,TE,Jake,Ferguson,DAL,DAL,3400,CIN@DAL,1,FG_week14_exportin.csv
2024,14,week14,TE,Tucker,Kraft,GB,GB,3400,GB@DET,1,FG_week14_exportin.csv
2024,14,week14,RB,Alexander,Mattison,LV,LV,3400,LV@TB,1,FG_week14_exportin.csv
2024,14,week14,WR,Ray-Ray,McCloud,ATL,ATL,3400,LAC@ATL,1,FG_week14_exportin.csv
2024,14,week14,WR,Demarcus,Robinson,LAR,LA,3400,BUF@LA,1,FG_week14_exportin.csv
2024,14,week14,WR,Tre,Tucker,LV,LV,3400,LV@TB,1,FG_week14_exportin.csv
2024,14,week14,RB,Tank,Bigsby,JAX,JAC,3200,JAC@TEN,1,FG_week14_exportin.csv
2024,14,week14,WR,Brandin,Cooks,DAL,DAL,3200,CIN@DAL,1,FG_week14_exportin.csv
2024,14,week14,RB,Travis,Etienne Jr.,JAX,JAC,3200,JAC@TEN,1,FG_week14_exportin.csv
2024,14,week14,TE,Noah,Gray,KC,KC,3200,LAC@KC,1,FG_week14_exportin.csv
2024,14,week14,TE,Taysom,Hill,NO,NO,3200,NO@NYG,1,FG_week14_exportin.csv
2024,14,week14,TE,Dalton,Kincaid,BUF,BUF,3200,BUF@LA,1,FG_week14_exportin.csv
2024,14,week14,WR,Allen,Lazard,NYJ,NYJ,3200,NYJ@MIA,1,FG_week14_exportin.csv
2024,14,week14,WR,Jalen,Coker,CAR,CAR,3000,CAR@PHI,1,FG_week14_exportin.csv
2024,14,week14,WR,Jalen,Coker,CAR,CAR,3000,TB@CAR,1,FG_week14_exportin.csv
2024,14,week14,TE,Pat,Freiermuth,PIT,PIT,3000,CLE@PIT,1,FG_week14_exportin.csv
2024,14,week14,TE,Cole,Kmet,CHI,CHI,3000,CHI@SF,1,FG_week14_exportin.csv
2024,14,week14,WR,Tyler,Lockett,SEA,SEA,3000,SEA@ARI,1,FG_week14_exportin.csv
2024,14,week14,WR,Wan'Dale,Robinson,NYG,NYG,3000,NO@NYG,1,FG_week14_exportin.csv
2024,14,week14,WR,Sterling,Shepard,TB,TB,3000,LV@TB,1,FG_week14_exportin.csv
2024,14,week14,WR,Darius,Slayton,NYG,NYG,3000,NO@NYG,1,FG_week14_exportin.csv
2024,14,week14,RB,Tyjae,Spears,TEN,TEN,3000,JAC@TEN,1,FG_week14_exportin.csv
2024,14,week14,WR,Jalen,Tolbert,DAL,DAL,3000,CIN@DAL,1,FG_week14_exportin.csv
2024,14,week14,RB,Tyler,Allgeier,ATL,ATL,2800,ATL@MIN,1,FG_week14_exportin.csv
2024,14,week14,RB,Zach,Charbonnet,SEA,SEA,2800,SEA@ARI,1,FG_week14_exportin.csv
2024,14,week14,RB,Ray,Davis,BUF,BUF,2800,BUF@LA,1,FG_week14_exportin.csv
2024,14,week14,TE,Will,Dissly,LAC,LAC,2800,LAC@KC,1,FG_week14_exportin.csv
2024,14,week14,TE,Mike,Gesicki,CIN,CIN,2800,CIN@DAL,1,FG_week14_exportin.csv
2024,14,week14,WR,Andrei,Iosivas,CIN,CIN,2800,CIN@DAL,1,FG_week14_exportin.csv
2024,14,week14,WR,Joshua,Palmer,LAC,LAC,2800,LAC@ATL,1,FG_week14_exportin.csv
2024,14,week14,WR,Sterling,Shepard,TB,TB,2800,TB@CAR,1,FG_week14_exportin.csv
2024,14,week14,RB,Devin,Singletary,NYG,NYG,2800,NO@NYG,1,FG_week14_exportin.csv
2024,14,week14,WR,Parker,Washington,JAX,JAC,2800,JAC@TEN,1,FG_week14_exportin.csv
2024,14,week14,WR,Michael,Wilson,ARI,ARI,2800,SEA@ARI,1,FG_week14_exportin.csv
2024,14,week14,RB,Cam,Akers,MIN,MIN,2600,ATL@MIN,1,FG_week14_exportin.csv
2024,14,week14,DEF,Cleveland,Browns,CLE,CLE,2600,CLE@DEN,1,FG_week14_exportin.csv
2024,14,week14,TE,Noah,Fant,SEA,SEA,2600,SEA@ARI,1,FG_week14_exportin.csv
2024,14,week14,RB,Jerome,Ford,CLE,CLE,2600,CLE@PIT,1,FG_week14_exportin.csv
2024,14,week14,RB,Jerome,Ford,CLE,CLE,2600,CLE@DEN,1,FG_week14_exportin.csv
2024,14,week14,WR,Mack,Hollins,BUF,BUF,2600,BUF@LA,1,FG_week14_exportin.csv
2024,14,week14,TE,Josh,Oliver,MIN,MIN,2600,ATL@MIN,1,FG_week14_exportin.csv
2024,14,week14,WR,Ricky,Pearsall,SF,SF,2600,SF@BUF,1,FG_week14_exportin.csv
2024,14,week14,TE,Kyle,Pitts,ATL,ATL,2600,ATL@MIN,1,FG_week14_exportin.csv
2024,14,week14,WR,Curtis,Samuel,BUF,BUF,2600,BUF@LA,1,FG_week14_exportin.csv
2024,14,week14,WR,KaVontae,Turpin,DAL,DAL,2600,CIN@DAL,1,FG_week14_exportin.csv
2024,14,week14,RB,Trey,Benson,ARI,ARI,2400,SEA@ARI,1,FG_week14_exportin.csv
2024,14,week14,RB,Gus,Edwards,LAC,LAC,2400,LAC@KC,1,FG_week14_exportin.csv
2024,14,week14,WR,Lil'Jordan,Humphrey,DEN,DEN,2400,CLE@DEN,1,FG_week14_exportin.csv
2024,14,week14,WR,Lil'Jordan,Humphrey,DEN,DEN,2400,CLE@DEN,1,FG_week14_exportin.csv
2024,14,week14,RB,Roschon,Johnson,CHI,CHI,2400,CHI@SF,1,FG_week14_exportin.csv
2024,14,week14,TE,Juwan,Johnson,NO,NO,2400,NO@NYG,1,FG_week14_exportin.csv
2024,14,week14,WR,Marvin,Mims Jr.,DEN,DEN,2400,CLE@DEN,1,FG_week14_exportin.csv
2024,14,week14,WR,Marvin,Mims Jr.,DEN,DEN,2400,CLE@DEN,1,FG_week14_exportin.csv
2024,14,week14,RB,Raheem,Mostert,MIA,MIA,2400,NYJ@MIA,1,FG_week14_exportin.csv
2024,14,week14,WR,Joshua,Palmer,LAC,LAC,2400,LAC@KC,1,FG_week14_exportin.csv
2024,14,week14,WR,Ricky,Pearsall,SF,SF,2400,CHI@SF,1,FG_week14_exportin.csv
2024,14,week14,WR,Curtis,Samuel,BUF,BUF,2400,SF@BUF,1,FG_week14_exportin.csv
2024,14,week14,TE,Ja'Tavion,Sanders,CAR,CAR,2400,CAR@PHI,1,FG_week14_exportin.csv
2024,14,week14,RB,Israel,Abanikanda,SF,SF,2200,NYJ@MIA,1,FG_week14_exportin.csv
2024,14,week14,RB,Ameer,Abdullah,LV,LV,2200,LV@TB,1,FG_week14_exportin.csv
2024,14,week14,TE,Nate,Adkins,DEN,DEN,2200,CLE@DEN,1,FG_week14_exportin.csv
2024,14,week14,WR,Nelson,Agholor,BAL,BAL,2200,PHI@BAL,1,FG_week14_exportin.csv
2024,14,week14,TE,Jordan,Akins,CLE,CLE,2200,CLE@PIT,1,FG_week14_exportin.csv
2024,14,week14,TE,Jordan,Akins,CLE,CLE,2200,CLE@DEN,1,FG_week14_exportin.csv
2024,14,week14,RB,Braelon,Allen,NYJ,NYJ,2200,NYJ@MIA,1,FG_week14_exportin.csv
2024,14,week14,TE,Davis,Allen,LAR,LA,2200,BUF@LA,1,FG_week14_exportin.csv
2024,14,week14,WR,Tutu,Atwell,LAR,LA,2200,BUF@LA,1,FG_week14_exportin.csv
2024,14,week14,WR,Tutu,Atwell,LAR,LA,2200,LA@NO,1,FG_week14_exportin.csv
2024,14,week14,WR,Kevin,Austin Jr.,NO,NO,2200,NO@NYG,1,FG_week14_exportin.csv
2024,14,week14,RB,Tyler,Badie,DEN,DEN,2200,CLE@DEN,1,FG_week14_exportin.csv
2024,14,week14,TE,AJ,Barner,SEA,SEA,2200,SEA@ARI,1,FG_week14_exportin.csv
2024,14,week14,WR,Odell,Beckham Jr.,MIA,MIA,2200,NYJ@MIA,1,FG_week14_exportin.csv
2024,14,week14,WR,Ronnie,Bell,SF,SF,2200,SF@BUF,1,FG_week14_exportin.csv
2024,14,week14,TE,Daniel,Bellinger,NYG,NYG,2200,NO@NYG,1,FG_week14_exportin.csv
2024,14,week14,WR,Braxton,Berrios,MIA,MIA,2200,NYJ@MIA,1,FG_week14_exportin.csv
2024,14,week14,RB,Raheem,Blackshear,CAR,CAR,2200,CAR@PHI,1,FG_week14_exportin.csv
2024,14,week14,WR,Jake,Bobo,SEA,SEA,2200,SEA@ARI,1,FG_week14_exportin.csv
2024,14,week14,WR,Tyler,Boyd,TEN,TEN,2200,JAC@TEN,1,FG_week14_exportin.csv
2024,14,week14,RB,Chris,Brooks,GB,GB,2200,GB@DET,1,FG_week14_exportin.csv
2024,14,week14,RB,Jonathon,Brooks,CAR,CAR,2200,CAR@PHI,1,FG_week14_exportin.csv
2024,14,week14,WR,Jalen,Brooks,DAL,DAL,2200,CIN@DAL,1,FG_week14_exportin.csv
2024,14,week14,TE,Pharaoh,Brown,SEA,SEA,2200,SEA@ARI,1,FG_week14_exportin.csv
2024,14,week14,TE,Harrison,Bryant,LV,LV,2200,LV@TB,1,FG_week14_exportin.csv
2024,14,week14,WR,Treylon,Burks,TEN,TEN,2200,JAC@TEN,1,FG_week14_exportin.csv
2024,14,week14,RB,Robert,Burns,ATL,ATL,2200,ATL@MIN,1,FG_week14_exportin.csv
2024,14,week14,WR,Jermaine,Burton,CIN,CIN,2200,CIN@DAL,1,FG_week14_exportin.csv
2024,14,week14,RB,Michael,Burton,DEN,DEN,2200,CLE@DEN,1,FG_week14_exportin.csv
2024,14,week14,TE,Grant,Calcaterra,PHI,PHI,2200,CAR@PHI,1,FG_week14_exportin.csv
2024,14,week14,WR,Parris,Campbell,PHI,PHI,2200,CAR@PHI,1,FG_week14_exportin.csv
2024,14,week14,TE,Stephen,Carlson,CHI,CHI,2200,CHI@SF,1,FG_week14_exportin.csv
2024,14,week14,WR,DeAndre,Carter,CHI,CHI,2200,CHI@SF,1,FG_week14_exportin.csv
2024,14,week14,RB,Ty,Chandler,MIN,MIN,2200,ATL@MIN,1,FG_week14_exportin.csv
2024,14,week14,WR,DJ,Chark Jr.,LAC,LAC,2200,LAC@KC,1,FG_week14_exportin.csv
2024,14,week14,WR,DJ,Chark Jr.,LAC,LAC,2200,LAC@ATL,1,FG_week14_exportin.csv
2024,14,week14,WR,Irvin,Charles,NYJ,NYJ,2200,NYJ@MIA,1,FG_week14_exportin.csv
2024,14,week14,RB,Julius,Chestnut,TEN,TEN,2200,JAC@TEN,1,FG_week14_exportin.csv
2024,14,week14,WR,Dan,Chisena,CAR,CAR,2200,CAR@PHI,1,FG_week14_exportin.csv
2024,14,week14,WR,Dan,Chisena,CAR,CAR,2200,TB@CAR,1,FG_week14_exportin.csv
2024,14,week14,TE,Tyler,Conklin,NYJ,NYJ,2200,NYJ@MIA,1,FG_week14_exportin.csv
2024,14,week14,WR,Chris,Conley,SF,SF,2200,CHI@SF,1,FG_week14_exportin.csv
2024,14,week14,WR,Chris,Conley,SF,SF,2200,SF@BUF,1,FG_week14_exportin.csv
2024,14,week14,WR,Elijah,Cooks,JAX,JAC,2200,JAC@TEN,1,FG_week14_exportin.csv
2024,14,week14,WR,Malachi,Corley,NYJ,NYJ,2200,NYJ@MIA,1,FG_week14_exportin.csv
2024,14,week14,RB,Blake,Corum,LAR,LA,2200,BUF@LA,1,FG_week14_exportin.csv
2024,14,week14,WR,Britain,Covey,PHI,PHI,2200,CAR@PHI,1,FG_week14_exportin.csv
2024,14,week14,WR,Britain,Covey,PHI,PHI,2200,PHI@BAL,1,FG_week14_exportin.csv
2024,14,week14,WR,Jacob,Cowing,SF,SF,2200,CHI@SF,1,FG_week14_exportin.csv
2024,14,week14,WR,Jacob,Cowing,SF,SF,2200,SF@BUF,1,FG_week14_exportin.csv
2024,14,week14,WR,River,Cracraft,MIA,MIA,2200,NYJ@MIA,1,FG_week14_exportin.csv
2024,14,week14,WR,Jamison,Crowder,WAS,WAS,2200,TEN@WAS,1,FG_week14_exportin.csv
2024,14,week14,TE,Devin,Culp,TB,TB,2200,LV@TB,1,FG_week14_exportin.csv
2024,14,week14,RB,DeeJay,Dallas,ARI,ARI,2200,SEA@ARI,1,FG_week14_exportin.csv
2024,14,week14,WR,Jaelon,Darden,CLE,CLE,2200,CLE@PIT,1,FG_week14_exportin.csv
2024,14,week14,WR,Jaelon,Darden,CLE,CLE,2200,CLE@DEN,1,FG_week14_exportin.csv
2024,14,week14,WR,Jaelon,Darden,CLE,CLE,2200,CLE@DEN,1,FG_week14_exportin.csv
2024,14,week14,TE,Zach,Davidson,BUF,BUF,2200,BUF@LA,1,FG_week14_exportin.csv
2024,14,week14,RB,Isaiah,Davis,NYJ,NYJ,2200,NYJ@MIA,1,FG_week14_exportin.csv
2024,14,week14,WR,Derius,Davis,LAC,LAC,2200,LAC@KC,1,FG_week14_exportin.csv
2024,14,week14,WR,Derius,Davis,LAC,LAC,2200,LAC@ATL,1,FG_week14_exportin.csv
2024,14,week14,TE,Josiah,Deguara,JAX,JAC,2200,JAC@TEN,1,FG_week14_exportin.csv
2024,14,week14,RB,Emari,Demercado,ARI,ARI,2200,SEA@ARI,1,FG_week14_exportin.csv
2024,14,week14,RB,J.K.,Dobbins,LAC,LAC,2200,LAC@KC,1,FG_week14_exportin.csv
2024,14,week14,WR,Greg,Dortch,ARI,ARI,2200,SEA@ARI,1,FG_week14_exportin.csv
2024,14,week14,WR,Jahan,Dotson,PHI,PHI,2200,CAR@PHI,1,FG_week14_exportin.csv
2024,14,week14,WR,Jahan,Dotson,PHI,PHI,2200,PHI@BAL,1,FG_week14_exportin.csv
2024,14,week14,WR,Colton,Dowell,TEN,TEN,2200,JAC@TEN,1,FG_week14_exportin.csv
2024,14,week14,WR,Grant,DuBose,MIA,MIA,2200,NYJ@MIA,1,FG_week14_exportin.csv
2024,14,week14,TE,Greg,Dulcich,NYG,NYG,2200,NO@NYG,1,FG_week14_exportin.csv
2024,14,week14,TE,Payne,Durham,TB,TB,2200,LV@TB,1,FG_week14_exportin.csv
2024,14,week14,WR,Devin,Duvernay,JAX,JAC,2200,JAC@TEN,1,FG_week14_exportin.csv
2024,14,week14,WR,Devin,Duvernay,JAX,JAC,2200,HOU@JAC,1,FG_week14_exportin.csv
2024,14,week14,TE,Ross,Dwelley,ATL,ATL,2200,ATL@MIN,1,FG_week14_exportin.csv
2024,14,week14,RB,Clyde,Edwards-Helaire,KC,KC,2200,LAC@KC,1,FG_week14_exportin.csv
2024,14,week14,RB,Ezekiel,Elliott,DAL,DAL,2200,CIN@DAL,1,FG_week14_exportin.csv
2024,14,week14,WR,Dee,Eskridge,MIA,MIA,2200,NYJ@MIA,1,FG_week14_exportin.csv
2024,14,week14,RB,Audric,Estime,DEN,DEN,2200,CLE@DEN,1,FG_week14_exportin.csv
2024,14,week14,TE,Gerald,Everett,CHI,CHI,2200,CHI@SF,1,FG_week14_exportin.csv
2024,14,week14,TE,Princeton,Fant,DAL,DAL,2200,CIN@DAL,1,FG_week14_exportin.csv
2024,14,week14,TE,Luke,Farrell,JAX,JAC,2200,JAC@TEN,1,FG_week14_exportin.csv
2024,14,week14,WR,Simi,Fehoko,LAC,LAC,2200,LAC@KC,1,FG_week14_exportin.csv
2024,14,week14,TE,Tucker,Fisk,LAC,LAC,2200,LAC@KC,1,FG_week14_exportin.csv
2024,14,week14,TE,John,FitzPatrick,GB,GB,2200,GB@DET,1,FG_week14_exportin.csv
2024,14,week14,WR,Ryan,Flournoy,DAL,DAL,2200,CIN@DAL,1,FG_week14_exportin.csv
2024,14,week14,WR,Bryce,Ford-Wheaton,NYG,NYG,2200,NO@NYG,1,FG_week14_exportin.csv
2024,14,week14,RB,D'Onta,Foreman,CLE,CLE,2200,CLE@PIT,1,FG_week14_exportin.csv
2024,14,week14,WR,Troy,Franklin,DEN,DEN,2200,CLE@DEN,1,FG_week14_exportin.csv
2024,14,week14,WR,Troy,Franklin,DEN,DEN,2200,CLE@DEN,1,FG_week14_exportin.csv
2024,14,week14,TE,Feleipe,Franks,CAR,CAR,2200,CAR@PHI,1,FG_week14_exportin.csv
2024,14,week14,RB,Kenneth,Gainwell,PHI,PHI,2200,CAR@PHI,1,FG_week14_exportin.csv
2024,14,week14,RB,Reggie,Gilliam,BUF,BUF,2200,BUF@LA,1,FG_week14_exportin.csv
2024,14,week14,WR,Xavier,Gipson,NYJ,NYJ,2200,NYJ@MIA,1,FG_week14_exportin.csv
2024,14,week14,TE,Cam,Grandy,CIN,CIN,2200,CIN@DAL,1,FG_week14_exportin.csv
2024,14,week14,RB,Eric,Gray,NYG,NYG,2200,NO@NYG,1,FG_week14_exportin.csv
2024,14,week14,RB,C.J.,Ham,MIN,MIN,2200,ATL@MIN,1,FG_week14_exportin.csv
2024,14,week14,WR,Mecole,Hardman,KC,KC,2200,LAC@KC,1,FG_week14_exportin.csv
2024,14,week14,WR,Deonte,Harty,BAL,BAL,2200,PHI@BAL,1,FG_week14_exportin.csv
2024,14,week14,RB,Hassan,Haskins,LAC,LAC,2200,LAC@KC,1,FG_week14_exportin.csv
2024,14,week14,WR,Malik,Heath,GB,GB,2200,GB@DET,1,FG_week14_exportin.csv
2024,14,week14,RB,Khalil,Herbert,CIN,CIN,2200,CIN@DAL,1,FG_week14_exportin.csv
2024,14,week14,TE,Connor,Heyward,PIT,PIT,2200,CLE@PIT,1,FG_week14_exportin.csv
2024,14,week14,TE,Tyler,Higbee,LAR,LA,2200,BUF@LA,1,FG_week14_exportin.csv
2024,14,week14,TE,Elijah,Higgins,ARI,ARI,2200,SEA@ARI,1,FG_week14_exportin.csv
2024,14,week14,TE,Julian,Hill,MIA,MIA,2200,NYJ@MIA,1,FG_week14_exportin.csv
2024,14,week14,RB,Nyheim,Hines,CLE,CLE,2200,CLE@DEN,1,FG_week14_exportin.csv
2024,14,week14,WR,KhaDarel,Hodge,ATL,ATL,2200,ATL@MIN,1,FG_week14_exportin.csv
2024,14,week14,WR,KhaDarel,Hodge,ATL,ATL,2200,LAC@ATL,1,FG_week14_exportin.csv
2024,14,week14,TE,Dallin,Holker,NO,NO,2200,NO@NYG,1,FG_week14_exportin.csv
2024,14,week14,WR,Mack,Hollins,BUF,BUF,2200,SF@BUF,1,FG_week14_exportin.csv
2024,14,week14,RB,Travis,Homer,CHI,CHI,2200,CHI@SF,1,FG_week14_exportin.csv
2024,14,week14,TE,Tanner,Hudson,CIN,CIN,2200,CIN@DAL,1,FG_week14_exportin.csv
2024,14,week14,WR,Xavier,Hutchinson,HOU,HOU,2200,HOU@JAC,1,FG_week14_exportin.csv
2024,14,week14,WR,Jalin,Hyatt,NYG,NYG,2200,NO@NYG,1,FG_week14_exportin.csv
2024,14,week14,RB,Alec,Ingold,MIA,MIA,2200,NYJ@MIA,1,FG_week14_exportin.csv
2024,14,week14,WR,Trenton,Irwin,CIN,CIN,2200,CIN@DAL,1,FG_week14_exportin.csv
2024,14,week14,WR,Jha'Quan,Jackson,TEN,TEN,2200,JAC@TEN,1,FG_week14_exportin.csv
2024,14,week14,WR,Rakim,Jarrett,TB,TB,2200,LV@TB,1,FG_week14_exportin.csv
2024,14,week14,WR,Rakim,Jarrett,TB,TB,2200,TB@CAR,1,FG_week14_exportin.csv
2024,14,week14,WR,Van,Jefferson,PIT,PIT,2200,CLE@PIT,1,FG_week14_exportin.csv
2024,14,week14,RB,D'Ernest,Johnson,JAX,JAC,2200,JAC@TEN,1,FG_week14_exportin.csv
2024,14,week14,RB,Ty,Johnson,BUF,BUF,2200,BUF@LA,1,FG_week14_exportin.csv
2024,14,week14,TE,Theo,Johnson,NYG,NYG,2200,NO@NYG,1,FG_week14_exportin.csv
2024,14,week14,WR,Kameron,Johnson,TB,TB,2200,LV@TB,1,FG_week14_exportin.csv
2024,14,week14,WR,Tyler,Johnson,LAR,LA,2200,BUF@LA,1,FG_week14_exportin.csv
2024,14,week14,WR,Collin,Johnson,CHI,CHI,2200,CHI@SF,1,FG_week14_exportin.csv
2024,14,week14,WR,Kameron,Johnson,TB,TB,2200,TB@CAR,1,FG_week14_exportin.csv
2024,14,week14,WR,Tyler,Johnson,LAR,LA,2200,LA@NO,1,FG_week14_exportin.csv
2024,14,week14,WR,Diontae,Johnson,BAL,BAL,2200,PHI@BAL,1,FG_week14_exportin.csv
2024,14,week14,WR,Tim,Jones,JAX,JAC,2200,JAC@TEN,1,FG_week14_exportin.csv
2024,14,week14,WR,Zay,Jones,ARI,ARI,2200,SEA@ARI,1,FG_week14_exportin.csv
2024,14,week14,WR,Charlie,Jones,CIN,CIN,2200,CIN@DAL,1,FG_week14_exportin.csv
2024,14,week14,WR,Tim,Jones,JAX,JAC,2200,HOU@JAC,1,FG_week14_exportin.csv
2024,14,week14,RB,Kyle,Juszczyk,SF,SF,2200,CHI@SF,1,FG_week14_exportin.csv
2024,14,week14,RB,Joshua,Kelley,TEN,TEN,2200,JAC@TEN,1,FG_week14_exportin.csv
2024,14,week14,WR,Ramel,Keyton,LV,LV,2200,LV@TB,1,FG_week14_exportin.csv
2024,14,week14,TE,Ko,Kieft,TB,TB,2200,LV@TB,1,FG_week14_exportin.csv
2024,14,week14,TE,Dawson,Knox,BUF,BUF,2200,BUF@LA,1,FG_week14_exportin.csv
2024,14,week14,TE,Lucas,Krull,DEN,DEN,2200,CLE@DEN,1,FG_week14_exportin.csv
2024,14,week14,RB,Dylan,Laube,LV,LV,2200,LV@TB,1,FG_week14_exportin.csv
2024,14,week14,TE,Marcedes,Lewis,CHI,CHI,2200,CHI@SF,1,FG_week14_exportin.csv
2024,14,week14,TE,Hunter,Long,LAR,LA,2200,BUF@LA,1,FG_week14_exportin.csv
2024,14,week14,RB,Hunter,Luepke,DAL,DAL,2200,CIN@DAL,1,FG_week14_exportin.csv
2024,14,week14,TE,Chris,Manhertz,NYG,NYG,2200,NO@NYG,1,FG_week14_exportin.csv
2024,14,week14,WR,Terrace,Marshall Jr.,LV,LV,2200,LV@TB,1,FG_week14_exportin.csv
2024,14,week14,TE,David,Martin-Robinson,TEN,TEN,2200,JAC@TEN,1,FG_week14_exportin.csv
2024,14,week14,RB,Scott,Matlock,LAC,LAC,2200,LAC@KC,1,FG_week14_exportin.csv
2024,14,week14,TE,Michael,Mayer,LV,LV,2200,LV@TB,1,FG_week14_exportin.csv
2024,14,week14,RB,Jase,McClellan,ATL,ATL,2200,ATL@MIN,1,FG_week14_exportin.csv
2024,14,week14,RB,Kenny,McIntosh,SEA,SEA,2200,SEA@ARI,1,FG_week14_exportin.csv
2024,14,week14,TE,Tanner,McLachlan,CIN,CIN,2200,CIN@DAL,1,FG_week14_exportin.csv
2024,14,week14,RB,Jaleel,McLaughlin,DEN,DEN,2200,CLE@DEN,1,FG_week14_exportin.csv
2024,14,week14,WR,Jalen,McMillan,TB,TB,2200,LV@TB,1,FG_week14_exportin.csv
2024,14,week14,WR,Jalen,McMillan,TB,TB,2200,TB@CAR,1,FG_week14_exportin.csv
2024,14,week14,WR,Bub,Means,NO,NO,2200,NO@NYG,1,FG_week14_exportin.csv
2024,14,week14,WR,Bo,Melton,GB,GB,2200,GB@DET,1,FG_week14_exportin.csv
2024,14,week14,WR,John,Metchie III,HOU,HOU,2200,HOU@JAC,1,FG_week14_exportin.csv
2024,14,week14,RB,Kendre,Miller,NO,NO,2200,NO@NYG,1,FG_week14_exportin.csv
2024,14,week14,WR,Ryan,Miller,TB,TB,2200,LV@TB,1,FG_week14_exportin.csv
2024,14,week14,WR,Scotty,Miller,PIT,PIT,2200,CLE@PIT,1,FG_week14_exportin.csv
2024,14,week14,WR,Ryan,Miller,TB,TB,2200,TB@CAR,1,FG_week14_exportin.csv
2024,14,week14,RB,Jordan,Mims,NO,NO,2200,NO@NYG,1,FG_week14_exportin.csv
2024,14,week14,WR,Jonathan,Mingo,DAL,DAL,2200,CIN@DAL,1,FG_week14_exportin.csv
2024,14,week14,WR,David,Moore,CAR,CAR,2200,CAR@PHI,1,FG_week14_exportin.csv
2024,14,week14,WR,Skyy,Moore,KC,KC,2200,LAC@KC,1,FG_week14_exportin.csv
2024,14,week14,WR,David,Moore,CAR,CAR,2200,TB@CAR,1,FG_week14_exportin.csv
2024,14,week14,TE,Foster,Moreau,NO,NO,2200,NO@NYG,1,FG_week14_exportin.csv
2024,14,week14,TE,Quintin,Morris,BUF,BUF,2200,BUF@LA,1,FG_week14_exportin.csv
2024,14,week14,TE,Johnny,Mundt,MIN,MIN,2200,ATL@MIN,1,FG_week14_exportin.csv
2024,14,week14,TE,Nick,Muse,MIN,MIN,2200,ATL@MIN,1,FG_week14_exportin.csv
2024,14,week14,TE,Luke,Musgrave,GB,GB,2200,GB@DET,1,FG_week14_exportin.csv
2024,14,week14,WR,Jalen,Nailor,MIN,MIN,2200,ATL@MIN,1,FG_week14_exportin.csv
2024,14,week14,RB,Kene,Nwangwu,NYJ,NYJ,2200,NYJ@MIA,1,FG_week14_exportin.csv
2024,14,week14,TE,Chig,Okonkwo,TEN,TEN,2200,JAC@TEN,1,FG_week14_exportin.csv
2024,14,week14,WR,Bryce,Oliver,TEN,TEN,2200,JAC@TEN,1,FG_week14_exportin.csv
2024,14,week14,WR,Gunner,Olszewski,NYG,NYG,2200,NO@NYG,1,FG_week14_exportin.csv
2024,14,week14,WR,Trey,Palmer,TB,TB,2200,LV@TB,1,FG_week14_exportin.csv
2024,14,week14,WR,Trey,Palmer,TB,TB,2200,TB@CAR,1,FG_week14_exportin.csv
2024,14,week14,TE,Colby,Parkinson,LAR,LA,2200,BUF@LA,1,FG_week14_exportin.csv
2024,14,week14,WR,Zach,Pascal,ARI,ARI,2200,SEA@ARI,1,FG_week14_exportin.csv
2024,14,week14,WR,Tim,Patrick,DET,DET,2200,GB@DET,1,FG_week14_exportin.csv
2024,14,week14,RB,Cordarrelle,Patterson,PIT,PIT,2200,CLE@PIT,1,FG_week14_exportin.csv
2024,14,week14,RB,Samaje,Perine,KC,KC,2200,LAC@KC,1,FG_week14_exportin.csv
2024,14,week14,WR,Dante,Pettis,NO,NO,2200,NO@NYG,1,FG_week14_exportin.csv
2024,14,week14,WR,Brandon,Powell,MIN,MIN,2200,ATL@MIN,1,FG_week14_exportin.csv
2024,14,week14,RB,Adam,Prentice,NO,NO,2200,NO@NYG,1,FG_week14_exportin.csv
2024,14,week14,TE,MyCole,Pruitt,PIT,PIT,2200,CLE@PIT,1,FG_week14_exportin.csv
2024,14,week14,WR,Kalif,Raymond,DET,DET,2200,GB@DET,1,FG_week14_exportin.csv
2024,14,week14,WR,Jalen,Reagor,LAC,LAC,2200,LAC@KC,1,FG_week14_exportin.csv
2024,14,week14,WR,Jalen,Reagor,LAC,LAC,2200,LAC@ATL,1,FG_week14_exportin.csv
2024,14,week14,TE,Tip,Reiman,ARI,ARI,2200,SEA@ARI,1,FG_week14_exportin.csv
2024,14,week14,RB,Craig,Reynolds,DET,DET,2200,GB@DET,1,FG_week14_exportin.csv
2024,14,week14,WR,Josh,Reynolds,DEN,DEN,2200,CLE@DEN,1,FG_week14_exportin.csv
2024,14,week14,WR,Josh,Reynolds,DEN,DEN,2200,CLE@DEN,1,FG_week14_exportin.csv
2024,14,week14,WR,Brenden,Rice,LAC,LAC,2200,LAC@KC,1,FG_week14_exportin.csv
2024,14,week14,RB,Ronnie,Rivers,LAR,LA,2200,BUF@LA,1,FG_week14_exportin.csv
2024,14,week14,RB,Keilan,Robinson,JAX,JAC,2200,JAC@TEN,1,FG_week14_exportin.csv
2024,14,week14,WR,Allen,Robinson,DET,DET,2200,GB@DET,1,FG_week14_exportin.csv
2024,14,week14,TE,Jeremy,Ruckert,NYJ,NYJ,2200,NYJ@MIA,1,FG_week14_exportin.csv
2024,14,week14,TE,Brady,Russell,SEA,SEA,2200,SEA@ARI,1,FG_week14_exportin.csv
2024,14,week14,TE,Drew,Sample,CIN,CIN,2200,CIN@DAL,1,FG_week14_exportin.csv
2024,14,week14,TE,Eric,Saubert,SF,SF,2200,CHI@SF,1,FG_week14_exportin.csv
2024,14,week14,TE,Luke,Schoonmaker,DAL,DAL,2200,CIN@DAL,1,FG_week14_exportin.csv
2024,14,week14,RB,Cody,Schrader,LAR,LA,2200,BUF@LA,1,FG_week14_exportin.csv
2024,14,week14,WR,Tyler,Scott,CHI,CHI,2200,CHI@SF,1,FG_week14_exportin.csv
2024,14,week14,WR,Laviska,Shenault Jr.,SEA,SEA,2200,SEA@ARI,1,FG_week14_exportin.csv
2024,14,week14,WR,Trent,Sherfield Sr.,MIN,MIN,2200,ATL@MIN,1,FG_week14_exportin.csv
2024,14,week14,RB,Will,Shipley,PHI,PHI,2200,CAR@PHI,1,FG_week14_exportin.csv
2024,14,week14,TE,Justin,Shorter,LV,LV,2200,LV@TB,1,FG_week14_exportin.csv
2024,14,week14,TE,Ben,Sims,GB,GB,2200,GB@DET,1,FG_week14_exportin.csv
2024,14,week14,WR,Steven,Sims,HOU,HOU,2200,HOU@JAC,1,FG_week14_exportin.csv
2024,14,week14,WR,Ben,Skowronek,PIT,PIT,2200,CLE@PIT,1,FG_week14_exportin.csv
2024,14,week14,TE,Stone,Smartt,LAC,LAC,2200,LAC@KC,1,FG_week14_exportin.csv
2024,14,week14,WR,Ainias,Smith,PHI,PHI,2200,CAR@PHI,1,FG_week14_exportin.csv
2024,14,week14,WR,Xavier,Smith,LAR,LA,2200,BUF@LA,1,FG_week14_exportin.csv
2024,14,week14,WR,Xavier,Smith,LAR,LA,2200,LA@NO,1,FG_week14_exportin.csv
2024,14,week14,WR,Ainias,Smith,PHI,PHI,2200,PHI@BAL,1,FG_week14_exportin.csv
2024,14,week14,WR,Ihmir,Smith-Marsette,NYG,NYG,2200,NO@NYG,1,FG_week14_exportin.csv
2024,14,week14,WR,JuJu,Smith-Schuster,KC,KC,2200,LAC@KC,1,FG_week14_exportin.csv
2024,14,week14,TE,Durham,Smythe,MIA,MIA,2200,NYJ@MIA,1,FG_week14_exportin.csv
2024,14,week14,TE,Brevyn,Spann-Ford,DAL,DAL,2200,CIN@DAL,1,FG_week14_exportin.csv
2024,14,week14,RB,Carson,Steele,KC,KC,2200,LAC@KC,1,FG_week14_exportin.csv
2024,14,week14,TE,Jack,Stoll,MIA,MIA,2200,NYJ@MIA,1,FG_week14_exportin.csv
2024,14,week14,TE,Brenton,Strange,JAX,JAC,2200,JAC@TEN,1,FG_week14_exportin.csv
2024,14,week14,RB,Pierre,Strong Jr.,CLE,CLE,2200,CLE@PIT,1,FG_week14_exportin.csv
2024,14,week14,RB,Pierre,Strong Jr.,CLE,CLE,2200,CLE@DEN,1,FG_week14_exportin.csv
2024,14,week14,TE,Stephen,Sullivan,CAR,CAR,2200,CAR@PHI,1,FG_week14_exportin.csv
2024,14,week14,WR,Deven,Thompkins,CAR,CAR,2200,CAR@PHI,1,FG_week14_exportin.csv
2024,14,week14,WR,Deven,Thompkins,CAR,CAR,2200,TB@CAR,1,FG_week14_exportin.csv
2024,14,week14,WR,Jamari,Thrash,CLE,CLE,2200,CLE@PIT,1,FG_week14_exportin.csv
2024,14,week14,WR,Jamari,Thrash,CLE,CLE,2200,CLE@DEN,1,FG_week14_exportin.csv
2024,14,week14,WR,Jamari,Thrash,CLE,CLE,2200,CLE@DEN,1,FG_week14_exportin.csv
2024,14,week14,WR,Mason,Tipton,NO,NO,2200,NO@NYG,1,FG_week14_exportin.csv
2024,14,week14,WR,Mason,Tipton,NO,NO,2200,LA@NO,1,FG_week14_exportin.csv
2024,14,week14,TE,Jake,Tonges,SF,SF,2200,CHI@SF,1,FG_week14_exportin.csv
2024,14,week14,TE,Adam,Trautman,DEN,DEN,2200,CLE@DEN,1,FG_week14_exportin.csv
2024,14,week14,TE,Tommy,Tremble,CAR,CAR,2200,CAR@PHI,1,FG_week14_exportin.csv
2024,14,week14,RB,Sean,Tucker,TB,TB,2200,LV@TB,1,FG_week14_exportin.csv
2024,14,week14,WR,DJ,Turner,LV,LV,2200,LV@TB,1,FG_week14_exportin.csv
2024,14,week14,TE,C.J.,Uzomah,PHI,PHI,2200,CAR@PHI,1,FG_week14_exportin.csv
2024,14,week14,RB,Sione,Vaki,DET,DET,2200,GB@DET,1,FG_week14_exportin.csv
2024,14,week14,TE,Nick,Vannett,TEN,TEN,2200,JAC@TEN,1,FG_week14_exportin.csv
2024,14,week14,RB,Deuce,Vaughn,DAL,DAL,2200,CIN@DAL,1,FG_week14_exportin.csv
2024,14,week14,RB,Kimani,Vidal,LAC,LAC,2200,LAC@KC,1,FG_week14_exportin.csv
2024,14,week14,WR,Jalen,Virgil,BUF,BUF,2200,BUF@LA,1,FG_week14_exportin.csv
2024,14,week14,WR,Jalen,Virgil,BUF,BUF,2200,SF@BUF,1,FG_week14_exportin.csv
2024,14,week14,TE,Travis,Vokolek,ARI,ARI,2200,SEA@ARI,1,FG_week14_exportin.csv
2024,14,week14,WR,Devontez,Walker,BAL,BAL,2200,PHI@BAL,1,FG_week14_exportin.csv
2024,14,week14,WR,Tylan,Wallace,BAL,BAL,2200,PHI@BAL,1,FG_week14_exportin.csv
2024,14,week14,RB,Jonathan,Ward,PIT,PIT,2200,CLE@PIT,1,FG_week14_exportin.csv
2024,14,week14,TE,Darnell,Washington,PIT,PIT,2200,CLE@PIT,1,FG_week14_exportin.csv
2024,14,week14,WR,Casey,Washington,ATL,ATL,2200,ATL@MIN,1,FG_week14_exportin.csv
2024,14,week14,WR,Malik,Washington,MIA,MIA,2200,NYJ@MIA,1,FG_week14_exportin.csv
2024,14,week14,WR,Casey,Washington,ATL,ATL,2200,LAC@ATL,1,FG_week14_exportin.csv
2024,14,week14,WR,Parker,Washington,JAX,JAC,2200,HOU@JAC,1,FG_week14_exportin.csv
2024,14,week14,WR,Justin,Watson,KC,KC,2200,LAC@KC,1,FG_week14_exportin.csv
2024,14,week14,WR,Xavier,Weaver,ARI,ARI,2200,SEA@ARI,1,FG_week14_exportin.csv
2024,14,week14,RB,Zamir,White,LV,LV,2200,LV@TB,1,FG_week14_exportin.csv
2024,14,week14,WR,Cody,White,SEA,SEA,2200,SEA@ARI,1,FG_week14_exportin.csv
2024,14,week14,TE,Blake,Whiteheart,CLE,CLE,2200,CLE@PIT,1,FG_week14_exportin.csv
2024,14,week14,TE,Blake,Whiteheart,CLE,CLE,2200,CLE@DEN,1,FG_week14_exportin.csv
2024,14,week14,WR,Jordan,Whittington,LAR,LA,2200,BUF@LA,1,FG_week14_exportin.csv
2024,14,week14,WR,Jordan,Whittington,LAR,LA,2200,LA@NO,1,FG_week14_exportin.csv
2024,14,week14,TE,Josh,Whyle,TEN,TEN,2200,JAC@TEN,1,FG_week14_exportin.csv
2024,14,week14,WR,Dontayvion,Wicks,GB,GB,2200,GB@DET,1,FG_week14_exportin.csv
2024,14,week14,RB,Avery,Williams,ATL,ATL,2200,ATL@MIN,1,FG_week14_exportin.csv
2024,14,week14,RB,Jamaal,Williams,NO,NO,2200,NO@NYG,1,FG_week14_exportin.csv
2024,14,week14,RB,Trayveon,Williams,CIN,CIN,2200,CIN@DAL,1,FG_week14_exportin.csv
2024,14,week14,WR,Mike,Williams,PIT,PIT,2200,CLE@PIT,1,FG_week14_exportin.csv
2024,14,week14,WR,Isaiah,Williams,CIN,CIN,2200,CIN@DAL,1,FG_week14_exportin.csv
2024,14,week14,TE,Brayden,Willis,SF,SF,2200,CHI@SF,1,FG_week14_exportin.csv
2024,14,week14,RB,Emanuel,Wilson,GB,GB,2200,GB@DET,1,FG_week14_exportin.csv
2024,14,week14,WR,Roman,Wilson,PIT,PIT,2200,CLE@PIT,1,FG_week14_exportin.csv
2024,14,week14,WR,Johnny,Wilson,PHI,PHI,2200,CAR@PHI,1,FG_week14_exportin.csv
2024,14,week14,WR,Johnny,Wilson,PHI,PHI,2200,PHI@BAL,1,FG_week14_exportin.csv
2024,14,week14,RB,Jeff,Wilson Jr.,MIA,MIA,2200,NYJ@MIA,1,FG_week14_exportin.csv
2024,14,week14,WR,Cedrick,Wilson Jr.,NO,NO,2200,NO@NYG,1,FG_week14_exportin.csv
2024,14,week14,WR,Cedrick,Wilson Jr.,NO,NO,2200,LA@NO,1,FG_week14_exportin.csv
2024,14,week14,TE,Charlie,Woerner,ATL,ATL,2200,ATL@MIN,1,FG_week14_exportin.csv
2024,14,week14,WR,Robert,Woods,HOU,HOU,2200,HOU@JAC,1,FG_week14_exportin.csv
2024,14,week14,RB,Jaylen,Wright,MIA,MIA,2200,NYJ@MIA,1,FG_week14_exportin.csv
2024,14,week14,TE,Brock,Wright,DET,DET,2200,GB@DET,1,FG_week14_exportin.csv
2024,14,week14,TE,Kenny,Yeboah,NYJ,NYJ,2200,NYJ@MIA,1,FG_week14_exportin.csv
2024,14,week14,WR,Dareke,Young,SEA,SEA,2200,SEA@ARI,1,FG_week14_exportin.csv
2024,14,week14,TE,Shane,Zylstra,DET,DET,2200,GB@DET,1,FG_week14_exportin.csv
2024,15,week15,WR,Ja'Marr,Chase,CIN,CIN,8600,CIN@TEN,1,FG_week15_exportin.csv
2024,15,week15,RB,Saquon,Barkley,PHI,PHI,8200,PIT@PHI,1,FG_week15_exportin.csv
2024,15,week15,RB,Derrick,Henry,BAL,BAL,8000,BAL@NYG,1,FG_week15_exportin.csv
2024,15,week15,QB,Lamar,Jackson,BAL,BAL,7800,BAL@NYG,1,FG_week15_exportin.csv
2024,15,week15,WR,Puka,Nacua,LAR,LA,7800,LA@SF,1,FG_week15_exportin.csv
2024,15,week15,QB,Josh,Allen,BUF,BUF,7600,BUF@DET,1,FG_week15_exportin.csv
2024,15,week15,RB,Joe,Mixon,HOU,HOU,7600,MIA@HOU,1,FG_week15_exportin.csv
2024,15,week15,WR,Nico,Collins,HOU,HOU,7400,MIA@HOU,1,FG_week15_exportin.csv
2024,15,week15,RB,Jahmyr,Gibbs,DET,DET,7400,BUF@DET,1,FG_week15_exportin.csv
2024,15,week15,QB,Jalen,Hurts,PHI,PHI,7400,PIT@PHI,1,FG_week15_exportin.csv
2024,15,week15,RB,Bijan,Robinson,ATL,ATL,7400,ATL@LV,1,FG_week15_exportin.csv
2024,15,week15,RB,Chase,Brown,CIN,CIN,7200,CIN@TEN,1,FG_week15_exportin.csv
2024,15,week15,QB,Joe,Burrow,CIN,CIN,7200,CIN@TEN,1,FG_week15_exportin.csv
2024,15,week15,QB,Jayden,Daniels,WAS,WAS,7000,WAS@NO,1,FG_week15_exportin.csv
2024,15,week15,RB,Josh,Jacobs,GB,GB,7000,GB@SEA,1,FG_week15_exportin.csv
2024,15,week15,WR,Justin,Jefferson,MIN,MIN,7000,CHI@MIN,1,FG_week15_exportin.csv
2024,15,week15,RB,Alvin,Kamara,NO,NO,7000,WAS@NO,1,FG_week15_exportin.csv
2024,15,week15,RB,David,Montgomery,DET,DET,7000,BUF@DET,1,FG_week15_exportin.csv
2024,15,week15,RB,De'Von,Achane,MIA,MIA,6800,MIA@HOU,1,FG_week15_exportin.csv
2024,15,week15,WR,A.J.,Brown,PHI,PHI,6800,PIT@PHI,1,FG_week15_exportin.csv
2024,15,week15,QB,Sam,Darnold,MIN,MIN,6800,CHI@MIN,1,FG_week15_exportin.csv
2024,15,week15,WR,Tee,Higgins,CIN,CIN,6800,CIN@TEN,1,FG_week15_exportin.csv
2024,15,week15,WR,Jerry,Jeudy,CLE,CLE,6800,KC@CLE,1,FG_week15_exportin.csv
2024,15,week15,WR,Amon-Ra,St. Brown,DET,DET,6800,BUF@DET,1,FG_week15_exportin.csv
2024,15,week15,RB,Kyren,Williams,LAR,LA,6800,LA@SF,1,FG_week15_exportin.csv
2024,15,week15,WR,Jordan,Addison,MIN,MIN,6600,CHI@MIN,1,FG_week15_exportin.csv
2024,15,week15,RB,James,Conner,ARI,ARI,6600,NE@ARI,1,FG_week15_exportin.csv
2024,15,week15,WR,Cooper,Kupp,LAR,LA,6600,LA@SF,1,FG_week15_exportin.csv
2024,15,week15,QB,Kyler,Murray,ARI,ARI,6600,NE@ARI,1,FG_week15_exportin.csv
2024,15,week15,WR,Courtland,Sutton,DEN,DEN,6600,IND@DEN,1,FG_week15_exportin.csv
2024,15,week15,RB,James,Cook,BUF,BUF,6400,BUF@DET,1,FG_week15_exportin.csv
2024,15,week15,RB,Breece,Hall,NYJ,NYJ,6400,NYJ@JAC,1,FG_week15_exportin.csv
2024,15,week15,WR,Terry,McLaurin,WAS,WAS,6400,WAS@NO,1,FG_week15_exportin.csv
2024,15,week15,WR,Jaxon,Smith-Njigba,SEA,SEA,6400,GB@SEA,1,FG_week15_exportin.csv
2024,15,week15,QB,Tua,Tagovailoa,MIA,MIA,6400,MIA@HOU,1,FG_week15_exportin.csv
2024,15,week15,QB,Jared,Goff,DET,DET,6200,BUF@DET,1,FG_week15_exportin.csv
2024,15,week15,WR,Tyreek,Hill,MIA,MIA,6200,MIA@HOU,1,FG_week15_exportin.csv
2024,15,week15,RB,Chuba,Hubbard,CAR,CAR,6200,DAL@CAR,1,FG_week15_exportin.csv
2024,15,week15,RB,Aaron,Jones Sr.,MIN,MIN,6200,CHI@MIN,1,FG_week15_exportin.csv
2024,15,week15,WR,Drake,London,ATL,ATL,6200,ATL@LV,1,FG_week15_exportin.csv
2024,15,week15,QB,Patrick,Mahomes,KC,KC,6200,KC@CLE,1,FG_week15_exportin.csv
2024,15,week15,QB,Bo,Nix,DEN,DEN,6200,IND@DEN,1,FG_week15_exportin.csv
2024,15,week15,RB,Jonathan,Taylor,IND,IND,6200,IND@DEN,1,FG_week15_exportin.csv
2024,15,week15,RB,Kenneth,Walker III,SEA,SEA,6200,GB@SEA,1,FG_week15_exportin.csv
2024,15,week15,QB,Caleb,Williams,CHI,CHI,6200,CHI@MIN,1,FG_week15_exportin.csv
2024,15,week15,WR,Mike,Evans,TB,TB,6000,TB@LAC,1,FG_week15_exportin.csv
2024,15,week15,RB,Bucky,Irving,TB,TB,6000,TB@LAC,1,FG_week15_exportin.csv
2024,15,week15,WR,Jauan,Jennings,SF,SF,6000,LA@SF,1,FG_week15_exportin.csv
2024,15,week15,QB,Jordan,Love,GB,GB,6000,GB@SEA,1,FG_week15_exportin.csv
2024,15,week15,QB,Baker,Mayfield,TB,TB,6000,TB@LAC,1,FG_week15_exportin.csv
2024,15,week15,WR,DJ,Moore,CHI,CHI,6000,CHI@MIN,1,FG_week15_exportin.csv
2024,15,week15,QB,Bo,Nix,DEN,DEN,6000,CLE@DEN,1,FG_week15_exportin.csv
2024,15,week15,RB,Tony,Pollard,TEN,TEN,6000,CIN@TEN,1,FG_week15_exportin.csv
2024,15,week15,QB,Brock,Purdy,SF,SF,6000,LA@SF,1,FG_week15_exportin.csv
2024,15,week15,QB,Anthony,Richardson,IND,IND,6000,IND@DEN,1,FG_week15_exportin.csv
2024,15,week15,WR,Davante,Adams,NYJ,NYJ,5800,NYJ@JAC,1,FG_week15_exportin.csv
2024,15,week15,TE,Brock,Bowers,LV,LV,5800,ATL@LV,1,FG_week15_exportin.csv
2024,15,week15,WR,CeeDee,Lamb,DAL,DAL,5800,DAL@CAR,1,FG_week15_exportin.csv
2024,15,week15,WR,Ladd,McConkey,LAC,LAC,5800,TB@LAC,1,FG_week15_exportin.csv
2024,15,week15,WR,Jakobi,Meyers,LV,LV,5800,ATL@LV,1,FG_week15_exportin.csv
2024,15,week15,RB,Isiah,Pacheco,KC,KC,5800,KC@CLE,1,FG_week15_exportin.csv
2024,15,week15,QB,Matthew,Stafford,LAR,LA,5800,LA@SF,1,FG_week15_exportin.csv
2024,15,week15,RB,Tyrone,Tracy Jr.,NYG,NYG,5800,BAL@NYG,1,FG_week15_exportin.csv
2024,15,week15,QB,Russell,Wilson,PIT,PIT,5800,PIT@PHI,1,FG_week15_exportin.csv
2024,15,week15,QB,Jameis,Winston,CLE,CLE,5800,KC@CLE,1,FG_week15_exportin.csv
2024,15,week15,RB,Najee,Harris,PIT,PIT,5600,PIT@PHI,1,FG_week15_exportin.csv
2024,15,week15,QB,Justin,Herbert,LAC,LAC,5600,TB@LAC,1,FG_week15_exportin.csv
2024,15,week15,TE,George,Kittle,SF,SF,5600,LA@SF,1,FG_week15_exportin.csv
2024,15,week15,WR,Malik,Nabers,NYG,NYG,5600,BAL@NYG,1,FG_week15_exportin.csv
2024,15,week15,WR,George,Pickens,PIT,PIT,5600,PIT@PHI,1,FG_week15_exportin.csv
2024,15,week15,RB,Brian,Robinson Jr.,WAS,WAS,5600,WAS@NO,1,FG_week15_exportin.csv
2024,15,week15,WR,Brian,Thomas Jr.,JAX,JAC,5600,NYJ@JAC,1,FG_week15_exportin.csv
2024,15,week15,RB,Rachaad,White,TB,TB,5600,TB@LAC,1,FG_week15_exportin.csv
2024,15,week15,RB,Rico,Dowdle,DAL,DAL,5400,DAL@CAR,1,FG_week15_exportin.csv
2024,15,week15,WR,Khalil,Shakir,BUF,BUF,5400,BUF@DET,1,FG_week15_exportin.csv
2024,15,week15,QB,Geno,Smith,SEA,SEA,5400,GB@SEA,1,FG_week15_exportin.csv
2024,15,week15,TE,Jonnu,Smith,MIA,MIA,5400,MIA@HOU,1,FG_week15_exportin.csv
2024,15,week15,WR,Jaylen,Waddle,MIA,MIA,5400,MIA@HOU,1,FG_week15_exportin.csv
2024,15,week15,WR,Garrett,Wilson,NYJ,NYJ,5400,NYJ@JAC,1,FG_week15_exportin.csv
2024,15,week15,WR,Keenan,Allen,CHI,CHI,5200,CHI@MIN,1,FG_week15_exportin.csv
2024,15,week15,WR,Zay,Flowers,BAL,BAL,5200,BAL@NYG,1,FG_week15_exportin.csv
2024,15,week15,QB,Drake,Maye,NE,NE,5200,NE@ARI,1,FG_week15_exportin.csv
2024,15,week15,TE,Trey,McBride,ARI,ARI,5200,NE@ARI,1,FG_week15_exportin.csv
2024,15,week15,WR,DK,Metcalf,SEA,SEA,5200,GB@SEA,1,FG_week15_exportin.csv
2024,15,week15,QB,C.J.,Stroud,HOU,HOU,5200,MIA@HOU,1,FG_week15_exportin.csv
2024,15,week15,RB,D'Andre,Swift,CHI,CHI,5200,CHI@MIN,1,FG_week15_exportin.csv
2024,15,week15,WR,Adam,Thielen,CAR,CAR,5200,DAL@CAR,1,FG_week15_exportin.csv
2024,15,week15,QB,Bryce,Young,CAR,CAR,5200,DAL@CAR,1,FG_week15_exportin.csv
2024,15,week15,QB,Derek,Carr,NO,NO,5000,WAS@NO,1,FG_week15_exportin.csv
2024,15,week15,QB,Kirk,Cousins,ATL,ATL,5000,ATL@LV,1,FG_week15_exportin.csv
2024,15,week15,WR,DeAndre,Hopkins,KC,KC,5000,KC@CLE,1,FG_week15_exportin.csv
2024,15,week15,RB,Rhamondre,Stevenson,NE,NE,5000,NE@ARI,1,FG_week15_exportin.csv
2024,15,week15,WR,Jameson,Williams,DET,DET,5000,BUF@DET,1,FG_week15_exportin.csv
2024,15,week15,WR,Marvin,Harrison Jr.,ARI,ARI,4800,NE@ARI,1,FG_week15_exportin.csv
2024,15,week15,WR,Darnell,Mooney,ATL,ATL,4800,ATL@LV,1,FG_week15_exportin.csv
2024,15,week15,TE,David,Njoku,CLE,CLE,4800,KC@CLE,1,FG_week15_exportin.csv
2024,15,week15,QB,Aidan,O'Connell,LV,LV,4800,ATL@LV,1,FG_week15_exportin.csv
2024,15,week15,WR,Chris,Olave,NO,NO,4800,WAS@NO,1,FG_week15_exportin.csv
2024,15,week15,WR,Calvin,Ridley,TEN,TEN,4800,CIN@TEN,1,FG_week15_exportin.csv
2024,15,week15,QB,Aaron,Rodgers,NYJ,NYJ,4800,NYJ@JAC,1,FG_week15_exportin.csv
2024,15,week15,WR,Josh,Downs,IND,IND,4600,IND@DEN,1,FG_week15_exportin.csv
2024,15,week15,RB,Isaac,Guerendo,SF,SF,4600,LA@SF,1,FG_week15_exportin.csv
2024,15,week15,QB,Will,Levis,TEN,TEN,4600,CIN@TEN,1,FG_week15_exportin.csv
2024,15,week15,WR,Cedric,Tillman,CLE,CLE,4600,KC@CLE,1,FG_week15_exportin.csv
2024,15,week15,WR,Nick,Westbrook-Ikhine,TEN,TEN,4600,CIN@TEN,1,FG_week15_exportin.csv
2024,15,week15,TE,Mark,Andrews,BAL,BAL,4400,BAL@NYG,1,FG_week15_exportin.csv
2024,15,week15,RB,Tank,Bigsby,JAX,JAC,4400,NYJ@JAC,1,FG_week15_exportin.csv
2024,15,week15,WR,Amari,Cooper,BUF,BUF,4400,BUF@DET,1,FG_week15_exportin.csv
2024,15,week15,WR,Tank,Dell,HOU,HOU,4400,MIA@HOU,1,FG_week15_exportin.csv
2024,15,week15,WR,DeVonta,Smith,PHI,PHI,4400,PIT@PHI,1,FG_week15_exportin.csv
2024,15,week15,WR,Marquez,Valdes-Scantling,NO,NO,4400,WAS@NO,1,FG_week15_exportin.csv
2024,15,week15,RB,Jaylen,Warren,PIT,PIT,4400,PIT@PHI,1,FG_week15_exportin.csv
2024,15,week15,QB,Brandon,Allen,SF,SF,4200,LA@SF,1,FG_week15_exportin.csv
2024,15,week15,QB,Kyle,Allen,PIT,PIT,4200,PIT@PHI,1,FG_week15_exportin.csv
2024,15,week15,RB,Braelon,Allen,NYJ,NYJ,4200,NYJ@JAC,1,FG_week15_exportin.csv
2024,15,week15,QB,Tyson,Bagent,CHI,CHI,4200,CHI@MIN,1,FG_week15_exportin.csv
2024,15,week15,QB,C.J.,Beathard,JAX,JAC,4200,NYJ@JAC,1,FG_week15_exportin.csv
2024,15,week15,QB,Stetson,Bennett,LAR,LA,4200,LA@SF,1,FG_week15_exportin.csv
2024,15,week15,QB,Jacoby,Brissett,NE,NE,4200,NE@ARI,1,FG_week15_exportin.csv
2024,15,week15,QB,Jake,Browning,CIN,CIN,4200,CIN@TEN,1,FG_week15_exportin.csv
2024,15,week15,RB,Nick,Chubb,CLE,CLE,4200,KC@CLE,1,FG_week15_exportin.csv
2024,15,week15,WR,Keon,Coleman,BUF,BUF,4200,BUF@DET,1,FG_week15_exportin.csv
2024,15,week15,QB,Andy,Dalton,CAR,CAR,4200,DAL@CAR,1,FG_week15_exportin.csv
2024,15,week15,QB,Tommy,DeVito,NYG,NYG,4200,BAL@NYG,1,FG_week15_exportin.csv
2024,15,week15,QB,Joshua,Dobbs,SF,SF,4200,LA@SF,1,FG_week15_exportin.csv
2024,15,week15,QB,Jeff,Driskel,WAS,WAS,4200,WAS@NO,1,FG_week15_exportin.csv
2024,15,week15,QB,Sam,Ehlinger,IND,IND,4200,IND@DEN,1,FG_week15_exportin.csv
2024,15,week15,QB,Justin,Fields,PIT,PIT,4200,PIT@PHI,1,FG_week15_exportin.csv
2024,15,week15,QB,Joe,Flacco,IND,IND,4200,IND@DEN,1,FG_week15_exportin.csv
2024,15,week15,QB,Jimmy,Garoppolo,LAR,LA,4200,LA@SF,1,FG_week15_exportin.csv
2024,15,week15,QB,Jake,Haener,NO,NO,4200,WAS@NO,1,FG_week15_exportin.csv
2024,15,week15,QB,Taylor,Heinicke,LAC,LAC,4200,TB@LAC,1,FG_week15_exportin.csv
2024,15,week15,QB,Hendon,Hooker,DET,DET,4200,BUF@DET,1,FG_week15_exportin.csv
2024,15,week15,QB,Sam,Howell,SEA,SEA,4200,GB@SEA,1,FG_week15_exportin.csv
2024,15,week15,QB,Tyler,Huntley,MIA,MIA,4200,MIA@HOU,1,FG_week15_exportin.csv
2024,15,week15,QB,Josh,Johnson,BAL,BAL,4200,BAL@NYG,1,FG_week15_exportin.csv
2024,15,week15,QB,Mac,Jones,JAX,JAC,4200,NYJ@JAC,1,FG_week15_exportin.csv
2024,15,week15,TE,Travis,Kelce,KC,KC,4200,KC@CLE,1,FG_week15_exportin.csv
2024,15,week15,QB,Trey,Lance,DAL,DAL,4200,DAL@CAR,1,FG_week15_exportin.csv
2024,15,week15,QB,Drew,Lock,NYG,NYG,4200,BAL@NYG,1,FG_week15_exportin.csv
2024,15,week15,QB,Marcus,Mariota,WAS,WAS,4200,WAS@NO,1,FG_week15_exportin.csv
2024,15,week15,QB,Tanner,McKee,PHI,PHI,4200,PIT@PHI,1,FG_week15_exportin.csv
2024,15,week15,QB,Davis,Mills,HOU,HOU,4200,MIA@HOU,1,FG_week15_exportin.csv
2024,15,week15,QB,Joe,Milton III,NE,NE,4200,NE@ARI,1,FG_week15_exportin.csv
2024,15,week15,QB,Nick,Mullens,MIN,MIN,4200,CHI@MIN,1,FG_week15_exportin.csv
2024,15,week15,WR,Rome,Odunze,CHI,CHI,4200,CHI@MIN,1,FG_week15_exportin.csv
2024,15,week15,QB,Michael,Penix Jr.,ATL,ATL,4200,ATL@LV,1,FG_week15_exportin.csv
2024,15,week15,QB,Kenny,Pickett,PHI,PHI,4200,PIT@PHI,1,FG_week15_exportin.csv
2024,15,week15,QB,Spencer,Rattler,NO,NO,4200,WAS@NO,1,FG_week15_exportin.csv
2024,15,week15,QB,Desmond,Ridder,LV,LV,4200,ATL@LV,1,FG_week15_exportin.csv
2024,15,week15,QB,Mason,Rudolph,TEN,TEN,4200,CIN@TEN,1,FG_week15_exportin.csv
2024,15,week15,QB,Cooper,Rush,DAL,DAL,4200,DAL@CAR,1,FG_week15_exportin.csv
2024,15,week15,QB,Brett,Rypien,MIN,MIN,4200,CHI@MIN,1,FG_week15_exportin.csv
2024,15,week15,QB,Easton,Stick,LAC,LAC,4200,TB@LAC,1,FG_week15_exportin.csv
2024,15,week15,QB,Jarrett,Stidham,DEN,DEN,4200,IND@DEN,1,FG_week15_exportin.csv
2024,15,week15,QB,Tyrod,Taylor,NYJ,NYJ,4200,NYJ@JAC,1,FG_week15_exportin.csv
2024,15,week15,QB,Skylar,Thompson,MIA,MIA,4200,MIA@HOU,1,FG_week15_exportin.csv
2024,15,week15,QB,Dorian,Thompson-Robinson,CLE,CLE,4200,KC@CLE,1,FG_week15_exportin.csv
2024,15,week15,QB,Kyle,Trask,TB,TB,4200,TB@LAC,1,FG_week15_exportin.csv
2024,15,week15,QB,Mitchell,Trubisky,BUF,BUF,4200,BUF@DET,1,FG_week15_exportin.csv
2024,15,week15,QB,Clayton,Tune,ARI,ARI,4200,NE@ARI,1,FG_week15_exportin.csv
2024,15,week15,QB,Carson,Wentz,KC,KC,4200,KC@CLE,1,FG_week15_exportin.csv
2024,15,week15,QB,Malik,Willis,GB,GB,4200,GB@SEA,1,FG_week15_exportin.csv
2024,15,week15,QB,Zach,Wilson,DEN,DEN,4200,IND@DEN,1,FG_week15_exportin.csv
2024,15,week15,WR,Xavier,Worthy,KC,KC,4200,KC@CLE,1,FG_week15_exportin.csv
2024,15,week15,QB,Bailey,Zappe,CLE,CLE,4200,KC@CLE,1,FG_week15_exportin.csv
2024,15,week15,WR,Rashod,Bateman,BAL,BAL,4000,BAL@NYG,1,FG_week15_exportin.csv
2024,15,week15,RB,Gus,Edwards,LAC,LAC,4000,TB@LAC,1,FG_week15_exportin.csv
2024,15,week15,TE,Zach,Ertz,WAS,WAS,4000,WAS@NO,1,FG_week15_exportin.csv
2024,15,week15,WR,Quentin,Johnston,LAC,LAC,4000,TB@LAC,1,FG_week15_exportin.csv
2024,15,week15,TE,Sam,LaPorta,DET,DET,4000,BUF@DET,1,FG_week15_exportin.csv
2024,15,week15,WR,Elijah,Moore,CLE,CLE,4000,KC@CLE,1,FG_week15_exportin.csv
2024,15,week15,WR,Jayden,Reed,GB,GB,4000,GB@SEA,1,FG_week15_exportin.csv
2024,15,week15,WR,Devaughn,Vele,DEN,DEN,4000,IND@DEN,1,FG_week15_exportin.csv
2024,15,week15,WR,Devaughn,Vele,DEN,DEN,4000,CLE@DEN,1,FG_week15_exportin.csv
2024,15,week15,RB,Javonte,Williams,DEN,DEN,4000,IND@DEN,1,FG_week15_exportin.csv
2024,15,week15,RB,Zach,Charbonnet,SEA,SEA,3800,GB@SEA,1,FG_week15_exportin.csv
2024,15,week15,RB,Kareem,Hunt,KC,KC,3800,KC@CLE,1,FG_week15_exportin.csv
2024,15,week15,WR,Xavier,Legette,CAR,CAR,3800,DAL@CAR,1,FG_week15_exportin.csv
2024,15,week15,WR,Ray-Ray,McCloud,ATL,ATL,3800,ATL@LV,1,FG_week15_exportin.csv
2024,15,week15,WR,Alec,Pierce,IND,IND,3800,IND@DEN,1,FG_week15_exportin.csv
2024,15,week15,WR,Michael,Pittman Jr.,IND,IND,3800,IND@DEN,1,FG_week15_exportin.csv
2024,15,week15,WR,Christian,Watson,GB,GB,3800,GB@SEA,1,FG_week15_exportin.csv
2024,15,week15,WR,Kendrick,Bourne,NE,NE,3600,NE@ARI,1,FG_week15_exportin.csv
2024,15,week15,WR,Romeo,Doubs,GB,GB,3600,GB@SEA,1,FG_week15_exportin.csv
2024,15,week15,WR,DeMario,Douglas,NE,NE,3600,NE@ARI,1,FG_week15_exportin.csv
2024,15,week15,RB,Travis,Etienne Jr.,JAX,JAC,3600,NYJ@JAC,1,FG_week15_exportin.csv
2024,15,week15,TE,T.J.,Hockenson,MIN,MIN,3600,CHI@MIN,1,FG_week15_exportin.csv
2024,15,week15,TE,Tucker,Kraft,GB,GB,3600,GB@SEA,1,FG_week15_exportin.csv
2024,15,week15,WR,Allen,Lazard,NYJ,NYJ,3600,NYJ@JAC,1,FG_week15_exportin.csv
2024,15,week15,WR,Tim,Patrick,DET,DET,3600,BUF@DET,1,FG_week15_exportin.csv
2024,15,week15,WR,Deebo,Samuel Sr.,SF,SF,3600,LA@SF,1,FG_week15_exportin.csv
2024,15,week15,DEF,Denver,Broncos,DEN,DEN,3400,CLE@DEN,1,FG_week15_exportin.csv
2024,15,week15,WR,Hollywood,Brown,KC,KC,3400,KC@CLE,1,FG_week15_exportin.csv
2024,15,week15,TE,Evan,Engram,JAX,JAC,3400,NYJ@JAC,1,FG_week15_exportin.csv
2024,15,week15,TE,Jake,Ferguson,DAL,DAL,3400,DAL@CAR,1,FG_week15_exportin.csv
2024,15,week15,TE,Noah,Gray,KC,KC,3400,KC@CLE,1,FG_week15_exportin.csv
2024,15,week15,TE,Hunter,Henry,NE,NE,3400,NE@ARI,1,FG_week15_exportin.csv
2024,15,week15,RB,Alexander,Mattison,LV,LV,3400,ATL@LV,1,FG_week15_exportin.csv
2024,15,week15,RB,Sincere,McCormick,LV,LV,3400,ATL@LV,1,FG_week15_exportin.csv
2024,15,week15,TE,Cade,Otton,TB,TB,3400,TB@LAC,1,FG_week15_exportin.csv
2024,15,week15,RB,Tyler,Allgeier,ATL,ATL,3200,ATL@LV,1,FG_week15_exportin.csv
2024,15,week15,WR,Calvin,Austin III,PIT,PIT,3200,PIT@PHI,1,FG_week15_exportin.csv
2024,15,week15,WR,Kayshon,Boutte,NE,NE,3200,NE@ARI,1,FG_week15_exportin.csv
2024,15,week15,WR,Noah,Brown,WAS,WAS,3200,WAS@NO,1,FG_week15_exportin.csv
2024,15,week15,TE,Will,Dissly,LAC,LAC,3200,TB@LAC,1,FG_week15_exportin.csv
2024,15,week15,RB,Jerome,Ford,CLE,CLE,3200,KC@CLE,1,FG_week15_exportin.csv
2024,15,week15,TE,Pat,Freiermuth,PIT,PIT,3200,PIT@PHI,1,FG_week15_exportin.csv
2024,15,week15,TE,Taysom,Hill,NO,NO,3200,WAS@NO,1,FG_week15_exportin.csv
2024,15,week15,TE,Juwan,Johnson,NO,NO,3200,WAS@NO,1,FG_week15_exportin.csv
2024,15,week15,TE,Dalton,Kincaid,BUF,BUF,3200,BUF@DET,1,FG_week15_exportin.csv
2024,15,week15,WR,Demarcus,Robinson,LAR,LA,3200,LA@SF,1,FG_week15_exportin.csv
2024,15,week15,WR,Wan'Dale,Robinson,NYG,NYG,3200,BAL@NYG,1,FG_week15_exportin.csv
2024,15,week15,TE,Dalton,Schultz,HOU,HOU,3200,MIA@HOU,1,FG_week15_exportin.csv
2024,15,week15,WR,Tre,Tucker,LV,LV,3200,ATL@LV,1,FG_week15_exportin.csv
2024,15,week15,WR,Michael,Wilson,ARI,ARI,3200,NE@ARI,1,FG_week15_exportin.csv
2024,15,week15,RB,Justice,Hill,BAL,BAL,3000,BAL@NYG,1,FG_week15_exportin.csv
2024,15,week15,TE,Cole,Kmet,CHI,CHI,3000,CHI@MIN,1,FG_week15_exportin.csv
2024,15,week15,WR,Marvin,Mims Jr.,DEN,DEN,3000,IND@DEN,1,FG_week15_exportin.csv
2024,15,week15,WR,David,Moore,CAR,CAR,3000,DAL@CAR,1,FG_week15_exportin.csv
2024,15,week15,WR,Sterling,Shepard,TB,TB,3000,TB@LAC,1,FG_week15_exportin.csv
2024,15,week15,RB,Tyjae,Spears,TEN,TEN,3000,CIN@TEN,1,FG_week15_exportin.csv
2024,15,week15,WR,Jalen,Tolbert,DAL,DAL,3000,DAL@CAR,1,FG_week15_exportin.csv
2024,15,week15,WR,Jalen,Coker,CAR,CAR,2800,DAL@CAR,1,FG_week15_exportin.csv
2024,15,week15,WR,Brandin,Cooks,DAL,DAL,2800,DAL@CAR,1,FG_week15_exportin.csv
2024,15,week15,TE,Mike,Gesicki,CIN,CIN,2800,CIN@TEN,1,FG_week15_exportin.csv
2024,15,week15,WR,Mack,Hollins,BUF,BUF,2800,BUF@DET,1,FG_week15_exportin.csv
2024,15,week15,TE,Austin,Hooper,NE,NE,2800,NE@ARI,1,FG_week15_exportin.csv
2024,15,week15,WR,Andrei,Iosivas,CIN,CIN,2800,CIN@TEN,1,FG_week15_exportin.csv
2024,15,week15,WR,Jalen,McMillan,TB,TB,2800,TB@LAC,1,FG_week15_exportin.csv
2024,15,week15,WR,Joshua,Palmer,LAC,LAC,2800,TB@LAC,1,FG_week15_exportin.csv
2024,15,week15,WR,Parker,Washington,JAX,JAC,2800,NYJ@JAC,1,FG_week15_exportin.csv
2024,15,week15,DEF,Cleveland,Browns,CLE,CLE,2600,CLE@DEN,1,FG_week15_exportin.csv
2024,15,week15,TE,Isaiah,Likely,BAL,BAL,2600,BAL@NYG,1,FG_week15_exportin.csv
2024,15,week15,WR,Tyler,Lockett,SEA,SEA,2600,GB@SEA,1,FG_week15_exportin.csv
2024,15,week15,TE,Kyle,Pitts,ATL,ATL,2600,ATL@LV,1,FG_week15_exportin.csv
2024,15,week15,WR,Curtis,Samuel,BUF,BUF,2600,BUF@DET,1,FG_week15_exportin.csv
2024,15,week15,RB,Miles,Sanders,CAR,CAR,2600,DAL@CAR,1,FG_week15_exportin.csv
2024,15,week15,WR,Darius,Slayton,NYG,NYG,2600,BAL@NYG,1,FG_week15_exportin.csv
2024,15,week15,WR,KaVontae,Turpin,DAL,DAL,2600,DAL@CAR,1,FG_week15_exportin.csv
2024,15,week15,WR,Dontayvion,Wicks,GB,GB,2600,GB@SEA,1,FG_week15_exportin.csv
2024,15,week15,RB,Cam,Akers,MIN,MIN,2400,CHI@MIN,1,FG_week15_exportin.csv
2024,15,week15,TE,Noah,Fant,SEA,SEA,2400,GB@SEA,1,FG_week15_exportin.csv
2024,15,week15,WR,Lil'Jordan,Humphrey,DEN,DEN,2400,IND@DEN,1,FG_week15_exportin.csv
2024,15,week15,RB,Roschon,Johnson,CHI,CHI,2400,CHI@MIN,1,FG_week15_exportin.csv
2024,15,week15,RB,Kendre,Miller,NO,NO,2400,WAS@NO,1,FG_week15_exportin.csv
2024,15,week15,TE,Josh,Oliver,MIN,MIN,2400,CHI@MIN,1,FG_week15_exportin.csv
2024,15,week15,WR,Josh,Reynolds,JAX,JAC,2400,NYJ@JAC,1,FG_week15_exportin.csv
2024,15,week15,TE,Ja'Tavion,Sanders,CAR,CAR,2400,DAL@CAR,1,FG_week15_exportin.csv
2024,15,week15,RB,Israel,Abanikanda,SF,SF,2200,LA@SF,1,FG_week15_exportin.csv
2024,15,week15,RB,Ameer,Abdullah,LV,LV,2200,ATL@LV,1,FG_week15_exportin.csv
2024,15,week15,TE,Nate,Adkins,DEN,DEN,2200,IND@DEN,1,FG_week15_exportin.csv
2024,15,week15,TE,Nate,Adkins,DEN,DEN,2200,CLE@DEN,1,FG_week15_exportin.csv
2024,15,week15,WR,Nelson,Agholor,BAL,BAL,2200,BAL@NYG,1,FG_week15_exportin.csv
2024,15,week15,TE,Jordan,Akins,CLE,CLE,2200,KC@CLE,1,FG_week15_exportin.csv
2024,15,week15,WR,Maurice,Alexander,DET,DET,2200,BUF@DET,1,FG_week15_exportin.csv
2024,15,week15,RB,Rasheen,Ali,BAL,BAL,2200,BAL@NYG,1,FG_week15_exportin.csv
2024,15,week15,TE,Mo,Alie-Cox,IND,IND,2200,IND@DEN,1,FG_week15_exportin.csv
2024,15,week15,TE,Davis,Allen,LAR,LA,2200,LA@SF,1,FG_week15_exportin.csv
2024,15,week15,WR,Tutu,Atwell,LAR,LA,2200,LA@SF,1,FG_week15_exportin.csv
2024,15,week15,WR,Kevin,Austin Jr.,NO,NO,2200,WAS@NO,1,FG_week15_exportin.csv
2024,15,week15,RB,Tyler,Badie,DEN,DEN,2200,IND@DEN,1,FG_week15_exportin.csv
2024,15,week15,RB,Tyler,Badie,DEN,DEN,2200,CLE@DEN,1,FG_week15_exportin.csv
2024,15,week15,WR,Javon,Baker,NE,NE,2200,NE@ARI,1,FG_week15_exportin.csv
2024,15,week15,TE,AJ,Barner,SEA,SEA,2200,GB@SEA,1,FG_week15_exportin.csv
2024,15,week15,TE,John,Bates,WAS,WAS,2200,WAS@NO,1,FG_week15_exportin.csv
2024,15,week15,WR,Odell,Beckham Jr.,MIA,MIA,2200,MIA@HOU,1,FG_week15_exportin.csv
2024,15,week15,TE,Jaheim,Bell,NE,NE,2200,NE@ARI,1,FG_week15_exportin.csv
2024,15,week15,TE,Daniel,Bellinger,NYG,NYG,2200,BAL@NYG,1,FG_week15_exportin.csv
2024,15,week15,RB,Trey,Benson,ARI,ARI,2200,NE@ARI,1,FG_week15_exportin.csv
2024,15,week15,WR,Braxton,Berrios,MIA,MIA,2200,MIA@HOU,1,FG_week15_exportin.csv
2024,15,week15,RB,Raheem,Blackshear,CAR,CAR,2200,DAL@CAR,1,FG_week15_exportin.csv
2024,15,week15,WR,Chris,Blair,ATL,ATL,2200,ATL@LV,1,FG_week15_exportin.csv
2024,15,week15,RB,Khari,Blasingame,PHI,PHI,2200,PIT@PHI,1,FG_week15_exportin.csv
2024,15,week15,WR,Jake,Bobo,SEA,SEA,2200,GB@SEA,1,FG_week15_exportin.csv
2024,15,week15,WR,Tyler,Boyd,TEN,TEN,2200,CIN@TEN,1,FG_week15_exportin.csv
2024,15,week15,RB,Jonathon,Brooks,CAR,CAR,2200,DAL@CAR,1,FG_week15_exportin.csv
2024,15,week15,RB,Chris,Brooks,GB,GB,2200,GB@SEA,1,FG_week15_exportin.csv
2024,15,week15,WR,Jalen,Brooks,DAL,DAL,2200,DAL@CAR,1,FG_week15_exportin.csv
2024,15,week15,TE,Pharaoh,Brown,SEA,SEA,2200,GB@SEA,1,FG_week15_exportin.csv
2024,15,week15,WR,Dyami,Brown,WAS,WAS,2200,WAS@NO,1,FG_week15_exportin.csv
2024,15,week15,TE,Harrison,Bryant,LV,LV,2200,ATL@LV,1,FG_week15_exportin.csv
2024,15,week15,RB,Robert,Burns,ATL,ATL,2200,ATL@LV,1,FG_week15_exportin.csv
2024,15,week15,RB,Michael,Burton,DEN,DEN,2200,IND@DEN,1,FG_week15_exportin.csv
2024,15,week15,WR,Jermaine,Burton,CIN,CIN,2200,CIN@TEN,1,FG_week15_exportin.csv
2024,15,week15,RB,Michael,Burton,DEN,DEN,2200,CLE@DEN,1,FG_week15_exportin.csv
2024,15,week15,TE,Grant,Calcaterra,PHI,PHI,2200,PIT@PHI,1,FG_week15_exportin.csv
2024,15,week15,TE,Stephen,Carlson,CHI,CHI,2200,CHI@MIN,1,FG_week15_exportin.csv
2024,15,week15,WR,DeAndre,Carter,CHI,CHI,2200,CHI@MIN,1,FG_week15_exportin.csv
2024,15,week15,WR,Joshua,Cephus,JAX,JAC,2200,NYJ@JAC,1,FG_week15_exportin.csv
2024,15,week15,RB,Ty,Chandler,MIN,MIN,2200,CHI@MIN,1,FG_week15_exportin.csv
2024,15,week15,WR,DJ,Chark Jr.,LAC,LAC,2200,TB@LAC,1,FG_week15_exportin.csv
2024,15,week15,WR,Irvin,Charles,NYJ,NYJ,2200,NYJ@JAC,1,FG_week15_exportin.csv
2024,15,week15,RB,Julius,Chestnut,TEN,TEN,2200,CIN@TEN,1,FG_week15_exportin.csv
2024,15,week15,WR,Dan,Chisena,CAR,CAR,2200,DAL@CAR,1,FG_week15_exportin.csv
2024,15,week15,TE,Tyler,Conklin,NYJ,NYJ,2200,NYJ@JAC,1,FG_week15_exportin.csv
2024,15,week15,WR,Chris,Conley,SF,SF,2200,LA@SF,1,FG_week15_exportin.csv
2024,15,week15,TE,Tanner,Conner,MIA,MIA,2200,MIA@HOU,1,FG_week15_exportin.csv
2024,15,week15,WR,Malachi,Corley,NYJ,NYJ,2200,NYJ@JAC,1,FG_week15_exportin.csv
2024,15,week15,RB,Blake,Corum,LAR,LA,2200,LA@SF,1,FG_week15_exportin.csv
2024,15,week15,WR,Britain,Covey,PHI,PHI,2200,PIT@PHI,1,FG_week15_exportin.csv
2024,15,week15,WR,Jacob,Cowing,SF,SF,2200,LA@SF,1,FG_week15_exportin.csv
2024,15,week15,WR,River,Cracraft,MIA,MIA,2200,MIA@HOU,1,FG_week15_exportin.csv
2024,15,week15,WR,Jamison,Crowder,WAS,WAS,2200,WAS@NO,1,FG_week15_exportin.csv
2024,15,week15,TE,Devin,Culp,TB,TB,2200,TB@LAC,1,FG_week15_exportin.csv
2024,15,week15,TE,Baylor,Cupp,KC,KC,2200,KC@CLE,1,FG_week15_exportin.csv
2024,15,week15,RB,DeeJay,Dallas,ARI,ARI,2200,NE@ARI,1,FG_week15_exportin.csv
2024,15,week15,WR,Jaelon,Darden,SEA,SEA,2200,GB@SEA,1,FG_week15_exportin.csv
2024,15,week15,TE,Zach,Davidson,BUF,BUF,2200,BUF@DET,1,FG_week15_exportin.csv
2024,15,week15,RB,Isaiah,Davis,NYJ,NYJ,2200,NYJ@JAC,1,FG_week15_exportin.csv
2024,15,week15,RB,Ray,Davis,BUF,BUF,2200,BUF@DET,1,FG_week15_exportin.csv
2024,15,week15,WR,Derius,Davis,LAC,LAC,2200,TB@LAC,1,FG_week15_exportin.csv
2024,15,week15,TE,Josiah,Deguara,JAX,JAC,2200,NYJ@JAC,1,FG_week15_exportin.csv
2024,15,week15,RB,Emari,Demercado,ARI,ARI,2200,NE@ARI,1,FG_week15_exportin.csv
2024,15,week15,WR,Greg,Dortch,ARI,ARI,2200,NE@ARI,1,FG_week15_exportin.csv
2024,15,week15,WR,Jahan,Dotson,PHI,PHI,2200,PIT@PHI,1,FG_week15_exportin.csv
2024,15,week15,WR,Colton,Dowell,TEN,TEN,2200,CIN@TEN,1,FG_week15_exportin.csv
2024,15,week15,WR,Grant,DuBose,MIA,MIA,2200,MIA@HOU,1,FG_week15_exportin.csv
2024,15,week15,TE,Greg,Dulcich,NYG,NYG,2200,BAL@NYG,1,FG_week15_exportin.csv
2024,15,week15,WR,Ashton,Dulin,IND,IND,2200,IND@DEN,1,FG_week15_exportin.csv
2024,15,week15,TE,Payne,Durham,TB,TB,2200,TB@LAC,1,FG_week15_exportin.csv
2024,15,week15,WR,Devin,Duvernay,JAX,JAC,2200,NYJ@JAC,1,FG_week15_exportin.csv
2024,15,week15,TE,Ross,Dwelley,ATL,ATL,2200,ATL@LV,1,FG_week15_exportin.csv
2024,15,week15,RB,Clyde,Edwards-Helaire,KC,KC,2200,KC@CLE,1,FG_week15_exportin.csv
2024,15,week15,RB,Ezekiel,Elliott,DAL,DAL,2200,DAL@CAR,1,FG_week15_exportin.csv
2024,15,week15,WR,Dee,Eskridge,MIA,MIA,2200,MIA@HOU,1,FG_week15_exportin.csv
2024,15,week15,RB,Audric,Estime,DEN,DEN,2200,IND@DEN,1,FG_week15_exportin.csv
2024,15,week15,RB,Audric,Estime,DEN,DEN,2200,CLE@DEN,1,FG_week15_exportin.csv
2024,15,week15,RB,Darrynton,Evans,CHI,CHI,2200,CHI@MIN,1,FG_week15_exportin.csv
2024,15,week15,TE,Gerald,Everett,CHI,CHI,2200,CHI@MIN,1,FG_week15_exportin.csv
2024,15,week15,TE,Princeton,Fant,DAL,DAL,2200,DAL@CAR,1,FG_week15_exportin.csv
2024,15,week15,TE,Luke,Farrell,JAX,JAC,2200,NYJ@JAC,1,FG_week15_exportin.csv
2024,15,week15,WR,Simi,Fehoko,LAC,LAC,2200,TB@LAC,1,FG_week15_exportin.csv
2024,15,week15,TE,Tucker,Fisk,LAC,LAC,2200,TB@LAC,1,FG_week15_exportin.csv
2024,15,week15,TE,John,FitzPatrick,GB,GB,2200,GB@SEA,1,FG_week15_exportin.csv
2024,15,week15,WR,Ryan,Flournoy,DAL,DAL,2200,DAL@CAR,1,FG_week15_exportin.csv
2024,15,week15,WR,Bryce,Ford-Wheaton,NYG,NYG,2200,BAL@NYG,1,FG_week15_exportin.csv
2024,15,week15,RB,D'Onta,Foreman,CLE,CLE,2200,KC@CLE,1,FG_week15_exportin.csv
2024,15,week15,WR,Troy,Franklin,DEN,DEN,2200,IND@DEN,1,FG_week15_exportin.csv
2024,15,week15,WR,Troy,Franklin,DEN,DEN,2200,CLE@DEN,1,FG_week15_exportin.csv
2024,15,week15,TE,Feleipe,Franks,CAR,CAR,2200,DAL@CAR,1,FG_week15_exportin.csv
2024,15,week15,RB,Kenneth,Gainwell,PHI,PHI,2200,PIT@PHI,1,FG_week15_exportin.csv
2024,15,week15,RB,Antonio,Gibson,NE,NE,2200,NE@ARI,1,FG_week15_exportin.csv
2024,15,week15,RB,Reggie,Gilliam,BUF,BUF,2200,BUF@DET,1,FG_week15_exportin.csv
2024,15,week15,WR,Xavier,Gipson,NYJ,NYJ,2200,NYJ@JAC,1,FG_week15_exportin.csv
2024,15,week15,TE,Dallas,Goedert,PHI,PHI,2200,PIT@PHI,1,FG_week15_exportin.csv
2024,15,week15,RB,Tyler,Goodson,IND,IND,2200,IND@DEN,1,FG_week15_exportin.csv
2024,15,week15,WR,Anthony,Gould,IND,IND,2200,IND@DEN,1,FG_week15_exportin.csv
2024,15,week15,TE,Cam,Grandy,CIN,CIN,2200,CIN@TEN,1,FG_week15_exportin.csv
2024,15,week15,TE,Kylen,Granson,IND,IND,2200,IND@DEN,1,FG_week15_exportin.csv
2024,15,week15,RB,Eric,Gray,NYG,NYG,2200,BAL@NYG,1,FG_week15_exportin.csv
2024,15,week15,RB,C.J.,Ham,MIN,MIN,2200,CHI@MIN,1,FG_week15_exportin.csv
2024,15,week15,WR,Mecole,Hardman,KC,KC,2200,KC@CLE,1,FG_week15_exportin.csv
2024,15,week15,WR,Deonte,Harty,BAL,BAL,2200,BAL@NYG,1,FG_week15_exportin.csv
2024,15,week15,RB,Hassan,Haskins,LAC,LAC,2200,TB@LAC,1,FG_week15_exportin.csv
2024,15,week15,RB,JaMycal,Hasty,NE,NE,2200,NE@ARI,1,FG_week15_exportin.csv
2024,15,week15,WR,Malik,Heath,GB,GB,2200,GB@SEA,1,FG_week15_exportin.csv
2024,15,week15,RB,Khalil,Herbert,CIN,CIN,2200,CIN@TEN,1,FG_week15_exportin.csv
2024,15,week15,TE,Connor,Heyward,PIT,PIT,2200,PIT@PHI,1,FG_week15_exportin.csv
2024,15,week15,TE,Tyler,Higbee,LAR,LA,2200,LA@SF,1,FG_week15_exportin.csv
2024,15,week15,TE,Elijah,Higgins,ARI,ARI,2200,NE@ARI,1,FG_week15_exportin.csv
2024,15,week15,TE,Julian,Hill,MIA,MIA,2200,MIA@HOU,1,FG_week15_exportin.csv
2024,15,week15,RB,Nyheim,Hines,CLE,CLE,2200,CLE@DEN,1,FG_week15_exportin.csv
2024,15,week15,WR,KhaDarel,Hodge,ATL,ATL,2200,ATL@LV,1,FG_week15_exportin.csv
2024,15,week15,RB,George,Holani,SEA,SEA,2200,GB@SEA,1,FG_week15_exportin.csv
2024,15,week15,TE,Dallin,Holker,NO,NO,2200,WAS@NO,1,FG_week15_exportin.csv
2024,15,week15,RB,Travis,Homer,CHI,CHI,2200,CHI@MIN,1,FG_week15_exportin.csv
2024,15,week15,TE,Tanner,Hudson,CIN,CIN,2200,CIN@TEN,1,FG_week15_exportin.csv
2024,15,week15,TE,Hayden,Hurst,LAC,LAC,2200,TB@LAC,1,FG_week15_exportin.csv
2024,15,week15,WR,Xavier,Hutchinson,HOU,HOU,2200,MIA@HOU,1,FG_week15_exportin.csv
2024,15,week15,WR,Jalin,Hyatt,NYG,NYG,2200,BAL@NYG,1,FG_week15_exportin.csv
2024,15,week15,RB,Alec,Ingold,MIA,MIA,2200,MIA@HOU,1,FG_week15_exportin.csv
2024,15,week15,WR,Jha'Quan,Jackson,TEN,TEN,2200,CIN@TEN,1,FG_week15_exportin.csv
2024,15,week15,WR,Rakim,Jarrett,TB,TB,2200,TB@LAC,1,FG_week15_exportin.csv
2024,15,week15,WR,Van,Jefferson,PIT,PIT,2200,PIT@PHI,1,FG_week15_exportin.csv
2024,15,week15,TE,E.J.,Jenkins,PHI,PHI,2200,PIT@PHI,1,FG_week15_exportin.csv
2024,15,week15,RB,D'Ernest,Johnson,JAX,JAC,2200,NYJ@JAC,1,FG_week15_exportin.csv
2024,15,week15,RB,Ty,Johnson,BUF,BUF,2200,BUF@DET,1,FG_week15_exportin.csv
2024,15,week15,WR,Tyler,Johnson,LAR,LA,2200,LA@SF,1,FG_week15_exportin.csv
2024,15,week15,WR,Diontae,Johnson,BAL,BAL,2200,BAL@NYG,1,FG_week15_exportin.csv
2024,15,week15,WR,Kameron,Johnson,TB,TB,2200,TB@LAC,1,FG_week15_exportin.csv
2024,15,week15,WR,Collin,Johnson,CHI,CHI,2200,CHI@MIN,1,FG_week15_exportin.csv
2024,15,week15,WR,Tim,Jones,JAX,JAC,2200,NYJ@JAC,1,FG_week15_exportin.csv
2024,15,week15,WR,Charlie,Jones,CIN,CIN,2200,CIN@TEN,1,FG_week15_exportin.csv
2024,15,week15,WR,Zay,Jones,ARI,ARI,2200,NE@ARI,1,FG_week15_exportin.csv
2024,15,week15,RB,Kyle,Juszczyk,SF,SF,2200,LA@SF,1,FG_week15_exportin.csv
2024,15,week15,RB,Joshua,Kelley,TEN,TEN,2200,CIN@TEN,1,FG_week15_exportin.csv
2024,15,week15,WR,Ramel,Keyton,LV,LV,2200,ATL@LV,1,FG_week15_exportin.csv
2024,15,week15,TE,Ko,Kieft,TB,TB,2200,TB@LAC,1,FG_week15_exportin.csv
2024,15,week15,WR,Mason,Kinsey,TEN,TEN,2200,CIN@TEN,1,FG_week15_exportin.csv
2024,15,week15,TE,Dawson,Knox,BUF,BUF,2200,BUF@DET,1,FG_week15_exportin.csv
2024,15,week15,TE,Lucas,Krull,DEN,DEN,2200,IND@DEN,1,FG_week15_exportin.csv
2024,15,week15,RB,Dylan,Laube,LV,LV,2200,ATL@LV,1,FG_week15_exportin.csv
2024,15,week15,TE,Marcedes,Lewis,CHI,CHI,2200,CHI@MIN,1,FG_week15_exportin.csv
2024,15,week15,RB,MarShawn,Lloyd,GB,GB,2200,GB@SEA,1,FG_week15_exportin.csv
2024,15,week15,TE,Hunter,Long,LAR,LA,2200,LA@SF,1,FG_week15_exportin.csv
2024,15,week15,RB,Hunter,Luepke,DAL,DAL,2200,DAL@CAR,1,FG_week15_exportin.csv
2024,15,week15,TE,Will,Mallory,IND,IND,2200,IND@DEN,1,FG_week15_exportin.csv
2024,15,week15,TE,Chris,Manhertz,NYG,NYG,2200,BAL@NYG,1,FG_week15_exportin.csv
2024,15,week15,WR,Terrace,Marshall Jr.,LV,LV,2200,ATL@LV,1,FG_week15_exportin.csv
2024,15,week15,TE,David,Martin-Robinson,TEN,TEN,2200,CIN@TEN,1,FG_week15_exportin.csv
2024,15,week15,RB,Jordan,Mason,SF,SF,2200,LA@SF,1,FG_week15_exportin.csv
2024,15,week15,RB,Scott,Matlock,LAC,LAC,2200,TB@LAC,1,FG_week15_exportin.csv
2024,15,week15,TE,Michael,Mayer,LV,LV,2200,ATL@LV,1,FG_week15_exportin.csv
2024,15,week15,WR,Luke,McCaffrey,WAS,WAS,2200,WAS@NO,1,FG_week15_exportin.csv
2024,15,week15,RB,Jase,McClellan,ATL,ATL,2200,ATL@LV,1,FG_week15_exportin.csv
2024,15,week15,RB,Kenny,McIntosh,SEA,SEA,2200,GB@SEA,1,FG_week15_exportin.csv
2024,15,week15,TE,Tanner,McLachlan,CIN,CIN,2200,CIN@TEN,1,FG_week15_exportin.csv
2024,15,week15,RB,Jaleel,McLaughlin,DEN,DEN,2200,IND@DEN,1,FG_week15_exportin.csv
2024,15,week15,RB,Jaleel,McLaughlin,DEN,DEN,2200,CLE@DEN,1,FG_week15_exportin.csv
2024,15,week15,RB,Jeremy,McNichols,WAS,WAS,2200,WAS@NO,1,FG_week15_exportin.csv
2024,15,week15,WR,Bub,Means,NO,NO,2200,WAS@NO,1,FG_week15_exportin.csv
2024,15,week15,WR,Bo,Melton,GB,GB,2200,GB@SEA,1,FG_week15_exportin.csv
2024,15,week15,WR,John,Metchie III,HOU,HOU,2200,MIA@HOU,1,FG_week15_exportin.csv
2024,15,week15,WR,Ryan,Miller,TB,TB,2200,TB@LAC,1,FG_week15_exportin.csv
2024,15,week15,WR,Scotty,Miller,PIT,PIT,2200,PIT@PHI,1,FG_week15_exportin.csv
2024,15,week15,RB,Jordan,Mims,NO,NO,2200,WAS@NO,1,FG_week15_exportin.csv
2024,15,week15,WR,Jonathan,Mingo,DAL,DAL,2200,DAL@CAR,1,FG_week15_exportin.csv
2024,15,week15,RB,Keaton,Mitchell,BAL,BAL,2200,BAL@NYG,1,FG_week15_exportin.csv
2024,15,week15,WR,Adonai,Mitchell,IND,IND,2200,IND@DEN,1,FG_week15_exportin.csv
2024,15,week15,WR,Skyy,Moore,KC,KC,2200,KC@CLE,1,FG_week15_exportin.csv
2024,15,week15,TE,Foster,Moreau,NO,NO,2200,WAS@NO,1,FG_week15_exportin.csv
2024,15,week15,TE,Quintin,Morris,BUF,BUF,2200,BUF@DET,1,FG_week15_exportin.csv
2024,15,week15,RB,Raheem,Mostert,MIA,MIA,2200,MIA@HOU,1,FG_week15_exportin.csv
2024,15,week15,TE,Johnny,Mundt,MIN,MIN,2200,CHI@MIN,1,FG_week15_exportin.csv
2024,15,week15,TE,Luke,Musgrave,GB,GB,2200,GB@SEA,1,FG_week15_exportin.csv
2024,15,week15,WR,Jalen,Nailor,MIN,MIN,2200,CHI@MIN,1,FG_week15_exportin.csv
2024,15,week15,RB,Kene,Nwangwu,NYJ,NYJ,2200,NYJ@JAC,1,FG_week15_exportin.csv
2024,15,week15,TE,Thomas,Odukoya,TEN,TEN,2200,CIN@TEN,1,FG_week15_exportin.csv
2024,15,week15,TE,Drew,Ogletree,IND,IND,2200,IND@DEN,1,FG_week15_exportin.csv
2024,15,week15,RB,Dare,Ogunbowale,HOU,HOU,2200,MIA@HOU,1,FG_week15_exportin.csv
2024,15,week15,TE,Chig,Okonkwo,TEN,TEN,2200,CIN@TEN,1,FG_week15_exportin.csv
2024,15,week15,WR,Bryce,Oliver,TEN,TEN,2200,CIN@TEN,1,FG_week15_exportin.csv
2024,15,week15,WR,Gunner,Olszewski,NYG,NYG,2200,BAL@NYG,1,FG_week15_exportin.csv
2024,15,week15,WR,K.J.,Osborn,NE,NE,2200,NE@ARI,1,FG_week15_exportin.csv
2024,15,week15,WR,Trey,Palmer,TB,TB,2200,TB@LAC,1,FG_week15_exportin.csv
2024,15,week15,TE,Colby,Parkinson,LAR,LA,2200,LA@SF,1,FG_week15_exportin.csv
2024,15,week15,WR,Zach,Pascal,ARI,ARI,2200,NE@ARI,1,FG_week15_exportin.csv
2024,15,week15,RB,Jaret,Patterson,LAC,LAC,2200,TB@LAC,1,FG_week15_exportin.csv
2024,15,week15,RB,Cordarrelle,Patterson,PIT,PIT,2200,PIT@PHI,1,FG_week15_exportin.csv
2024,15,week15,WR,Ricky,Pearsall,SF,SF,2200,LA@SF,1,FG_week15_exportin.csv
2024,15,week15,RB,Samaje,Perine,KC,KC,2200,KC@CLE,1,FG_week15_exportin.csv
2024,15,week15,WR,Dante,Pettis,NO,NO,2200,WAS@NO,1,FG_week15_exportin.csv
2024,15,week15,RB,Dameon,Pierce,HOU,HOU,2200,MIA@HOU,1,FG_week15_exportin.csv
2024,15,week15,WR,Ja'Lynn,Polk,NE,NE,2200,NE@ARI,1,FG_week15_exportin.csv
2024,15,week15,WR,Brandon,Powell,MIN,MIN,2200,CHI@MIN,1,FG_week15_exportin.csv
2024,15,week15,RB,Adam,Prentice,NO,NO,2200,WAS@NO,1,FG_week15_exportin.csv
2024,15,week15,WR,James,Proche II,CLE,CLE,2200,KC@CLE,1,FG_week15_exportin.csv
2024,15,week15,TE,MyCole,Pruitt,PIT,PIT,2200,PIT@PHI,1,FG_week15_exportin.csv
2024,15,week15,WR,Jalen,Reagor,LAC,LAC,2200,TB@LAC,1,FG_week15_exportin.csv
2024,15,week15,TE,Tip,Reiman,ARI,ARI,2200,NE@ARI,1,FG_week15_exportin.csv
2024,15,week15,WR,Nikko,Remigio,KC,KC,2200,KC@CLE,1,FG_week15_exportin.csv
2024,15,week15,RB,Craig,Reynolds,DET,DET,2200,BUF@DET,1,FG_week15_exportin.csv
2024,15,week15,WR,Josh,Reynolds,DEN,DEN,2200,CLE@DEN,1,FG_week15_exportin.csv
2024,15,week15,RB,Patrick,Ricard,BAL,BAL,2200,BAL@NYG,1,FG_week15_exportin.csv
2024,15,week15,WR,Brenden,Rice,LAC,LAC,2200,TB@LAC,1,FG_week15_exportin.csv
2024,15,week15,RB,Ronnie,Rivers,LAR,LA,2200,LA@SF,1,FG_week15_exportin.csv
2024,15,week15,RB,Keilan,Robinson,JAX,JAC,2200,NYJ@JAC,1,FG_week15_exportin.csv
2024,15,week15,WR,Allen,Robinson,DET,DET,2200,BUF@DET,1,FG_week15_exportin.csv
2024,15,week15,RB,Chris,Rodriguez Jr.,WAS,WAS,2200,WAS@NO,1,FG_week15_exportin.csv
2024,15,week15,TE,Jeremy,Ruckert,NYJ,NYJ,2200,NYJ@JAC,1,FG_week15_exportin.csv
2024,15,week15,TE,Brady,Russell,SEA,SEA,2200,GB@SEA,1,FG_week15_exportin.csv
2024,15,week15,TE,Drew,Sample,CIN,CIN,2200,CIN@TEN,1,FG_week15_exportin.csv
2024,15,week15,TE,Eric,Saubert,SF,SF,2200,LA@SF,1,FG_week15_exportin.csv
2024,15,week15,TE,Luke,Schoonmaker,DAL,DAL,2200,DAL@CAR,1,FG_week15_exportin.csv
2024,15,week15,RB,Cody,Schrader,LAR,LA,2200,LA@SF,1,FG_week15_exportin.csv
2024,15,week15,WR,Tyler,Scott,CHI,CHI,2200,CHI@MIN,1,FG_week15_exportin.csv
2024,15,week15,RB,Trey,Sermon,IND,IND,2200,IND@DEN,1,FG_week15_exportin.csv
2024,15,week15,WR,Trent,Sherfield Sr.,MIN,MIN,2200,CHI@MIN,1,FG_week15_exportin.csv
2024,15,week15,RB,Will,Shipley,PHI,PHI,2200,PIT@PHI,1,FG_week15_exportin.csv
2024,15,week15,TE,Justin,Shorter,LV,LV,2200,ATL@LV,1,FG_week15_exportin.csv
2024,15,week15,TE,Ben,Sims,GB,GB,2200,GB@SEA,1,FG_week15_exportin.csv
2024,15,week15,WR,Steven,Sims,HOU,HOU,2200,MIA@HOU,1,FG_week15_exportin.csv
2024,15,week15,RB,Devin,Singletary,NYG,NYG,2200,BAL@NYG,1,FG_week15_exportin.csv
2024,15,week15,TE,Ben,Sinnott,WAS,WAS,2200,WAS@NO,1,FG_week15_exportin.csv
2024,15,week15,WR,Ben,Skowronek,PIT,PIT,2200,PIT@PHI,1,FG_week15_exportin.csv
2024,15,week15,TE,Stone,Smartt,LAC,LAC,2200,TB@LAC,1,FG_week15_exportin.csv
2024,15,week15,WR,Xavier,Smith,LAR,LA,2200,LA@SF,1,FG_week15_exportin.csv
2024,15,week15,WR,Ainias,Smith,PHI,PHI,2200,PIT@PHI,1,FG_week15_exportin.csv
2024,15,week15,WR,Ihmir,Smith-Marsette,NYG,NYG,2200,BAL@NYG,1,FG_week15_exportin.csv
2024,15,week15,WR,JuJu,Smith-Schuster,KC,KC,2200,KC@CLE,1,FG_week15_exportin.csv
2024,15,week15,TE,Durham,Smythe,MIA,MIA,2200,MIA@HOU,1,FG_week15_exportin.csv
2024,15,week15,TE,Brevyn,Spann-Ford,DAL,DAL,2200,DAL@CAR,1,FG_week15_exportin.csv
2024,15,week15,RB,Carson,Steele,KC,KC,2200,KC@CLE,1,FG_week15_exportin.csv
2024,15,week15,TE,Jack,Stoll,MIA,MIA,2200,MIA@HOU,1,FG_week15_exportin.csv
2024,15,week15,TE,Cade,Stover,HOU,HOU,2200,MIA@HOU,1,FG_week15_exportin.csv
2024,15,week15,TE,Brenton,Strange,JAX,JAC,2200,NYJ@JAC,1,FG_week15_exportin.csv
2024,15,week15,RB,Pierre,Strong Jr.,CLE,CLE,2200,KC@CLE,1,FG_week15_exportin.csv
2024,15,week15,RB,Patrick,Taylor Jr.,SF,SF,2200,LA@SF,1,FG_week15_exportin.csv
2024,15,week15,TE,Ian,Thomas,CAR,CAR,2200,DAL@CAR,1,FG_week15_exportin.csv
2024,15,week15,WR,Deven,Thompkins,CAR,CAR,2200,DAL@CAR,1,FG_week15_exportin.csv
2024,15,week15,WR,Jamari,Thrash,CLE,CLE,2200,KC@CLE,1,FG_week15_exportin.csv
2024,15,week15,WR,Mason,Tipton,NO,NO,2200,WAS@NO,1,FG_week15_exportin.csv
2024,15,week15,WR,Kadarius,Toney,CLE,CLE,2200,KC@CLE,1,FG_week15_exportin.csv
2024,15,week15,TE,Jake,Tonges,SF,SF,2200,LA@SF,1,FG_week15_exportin.csv
2024,15,week15,TE,Adam,Trautman,DEN,DEN,2200,IND@DEN,1,FG_week15_exportin.csv
2024,15,week15,TE,Tommy,Tremble,CAR,CAR,2200,DAL@CAR,1,FG_week15_exportin.csv
2024,15,week15,RB,Sean,Tucker,TB,TB,2200,TB@LAC,1,FG_week15_exportin.csv
2024,15,week15,TE,C.J.,Uzomah,PHI,PHI,2200,PIT@PHI,1,FG_week15_exportin.csv
2024,15,week15,RB,Sione,Vaki,DET,DET,2200,BUF@DET,1,FG_week15_exportin.csv
2024,15,week15,TE,Nick,Vannett,TEN,TEN,2200,CIN@TEN,1,FG_week15_exportin.csv
2024,15,week15,RB,Ke'Shawn,Vaughn,SF,SF,2200,LA@SF,1,FG_week15_exportin.csv
2024,15,week15,RB,Deuce,Vaughn,DAL,DAL,2200,DAL@CAR,1,FG_week15_exportin.csv
2024,15,week15,RB,Kimani,Vidal,LAC,LAC,2200,TB@LAC,1,FG_week15_exportin.csv
2024,15,week15,WR,Jalen,Virgil,BUF,BUF,2200,BUF@DET,1,FG_week15_exportin.csv
2024,15,week15,TE,Travis,Vokolek,ARI,ARI,2200,NE@ARI,1,FG_week15_exportin.csv
2024,15,week15,WR,Devontez,Walker,BAL,BAL,2200,BAL@NYG,1,FG_week15_exportin.csv
2024,15,week15,WR,Tylan,Wallace,BAL,BAL,2200,BAL@NYG,1,FG_week15_exportin.csv
2024,15,week15,TE,Darnell,Washington,PIT,PIT,2200,PIT@PHI,1,FG_week15_exportin.csv
2024,15,week15,WR,Malik,Washington,MIA,MIA,2200,MIA@HOU,1,FG_week15_exportin.csv
2024,15,week15,WR,Casey,Washington,ATL,ATL,2200,ATL@LV,1,FG_week15_exportin.csv
2024,15,week15,WR,Justin,Watson,KC,KC,2200,KC@CLE,1,FG_week15_exportin.csv
2024,15,week15,WR,Xavier,Weaver,ARI,ARI,2200,NE@ARI,1,FG_week15_exportin.csv
2024,15,week15,RB,Zamir,White,LV,LV,2200,ATL@LV,1,FG_week15_exportin.csv
2024,15,week15,WR,Cody,White,SEA,SEA,2200,GB@SEA,1,FG_week15_exportin.csv
2024,15,week15,TE,Blake,Whiteheart,CLE,CLE,2200,KC@CLE,1,FG_week15_exportin.csv
2024,15,week15,TE,Blake,Whiteheart,CLE,CLE,2200,CLE@DEN,1,FG_week15_exportin.csv
2024,15,week15,WR,Jordan,Whittington,LAR,LA,2200,LA@SF,1,FG_week15_exportin.csv
2024,15,week15,TE,Josh,Whyle,TEN,TEN,2200,CIN@TEN,1,FG_week15_exportin.csv
2024,15,week15,WR,Kristian,Wilkerson,LV,LV,2200,ATL@LV,1,FG_week15_exportin.csv
2024,15,week15,RB,Jamaal,Williams,NO,NO,2200,WAS@NO,1,FG_week15_exportin.csv
2024,15,week15,RB,Trayveon,Williams,CIN,CIN,2200,CIN@TEN,1,FG_week15_exportin.csv
2024,15,week15,RB,Avery,Williams,ATL,ATL,2200,ATL@LV,1,FG_week15_exportin.csv
2024,15,week15,WR,Isaiah,Williams,CIN,CIN,2200,CIN@TEN,1,FG_week15_exportin.csv
2024,15,week15,WR,Mike,Williams,PIT,PIT,2200,PIT@PHI,1,FG_week15_exportin.csv
2024,15,week15,TE,Brayden,Willis,SF,SF,2200,LA@SF,1,FG_week15_exportin.csv
2024,15,week15,RB,Emanuel,Wilson,GB,GB,2200,GB@SEA,1,FG_week15_exportin.csv
2024,15,week15,WR,Johnny,Wilson,PHI,PHI,2200,PIT@PHI,1,FG_week15_exportin.csv
2024,15,week15,WR,Roman,Wilson,PIT,PIT,2200,PIT@PHI,1,FG_week15_exportin.csv
2024,15,week15,RB,Jeff,Wilson Jr.,MIA,MIA,2200,MIA@HOU,1,FG_week15_exportin.csv
2024,15,week15,WR,Cedrick,Wilson Jr.,NO,NO,2200,WAS@NO,1,FG_week15_exportin.csv
2024,15,week15,TE,Charlie,Woerner,ATL,ATL,2200,ATL@LV,1,FG_week15_exportin.csv
2024,15,week15,WR,Robert,Woods,HOU,HOU,2200,MIA@HOU,1,FG_week15_exportin.csv
2024,15,week15,WR,Michael,Woods II,CLE,CLE,2200,KC@CLE,1,FG_week15_exportin.csv
2024,15,week15,RB,Jaylen,Wright,MIA,MIA,2200,MIA@HOU,1,FG_week15_exportin.csv
2024,15,week15,TE,Brock,Wright,DET,DET,2200,BUF@DET,1,FG_week15_exportin.csv
2024,15,week15,TE,Colson,Yankoff,WAS,WAS,2200,WAS@NO,1,FG_week15_exportin.csv
2024,15,week15,TE,Kenny,Yeboah,NYJ,NYJ,2200,NYJ@JAC,1,FG_week15_exportin.csv
2024,15,week15,WR,Dareke,Young,SEA,SEA,2200,GB@SEA,1,FG_week15_exportin.csv
2024,15,week15,WR,Olamide,Zaccheaus,WAS,WAS,2200,WAS@NO,1,FG_week15_exportin.csv
2024,15,week15,TE,Shane,Zylstra,DET,DET,2200,BUF@DET,1,FG_week15_exportin.csv
2024,16,week16,QB,Josh,Allen,BUF,BUF,8200,NE@BUF,1,FG_week16_exportin.csv
2024,16,week16,RB,Saquon,Barkley,PHI,PHI,8200,PHI@WAS,1,FG_week16_exportin.csv
2024,16,week16,WR,Ja'Marr,Chase,CIN,CIN,8200,CLE@CIN,1,FG_week16_exportin.csv
2024,16,week16,RB,Jahmyr,Gibbs,DET,DET,7800,DET@CHI,1,FG_week16_exportin.csv
2024,16,week16,QB,Lamar,Jackson,BAL,BAL,7800,PIT@BAL,1,FG_week16_exportin.csv
2024,16,week16,WR,Puka,Nacua,LAR,LA,7800,LA@NYJ,1,FG_week16_exportin.csv
2024,16,week16,RB,Bijan,Robinson,ATL,ATL,7800,NYG@ATL,1,FG_week16_exportin.csv
2024,16,week16,RB,Josh,Jacobs,GB,GB,7600,NO@GB,1,FG_week16_exportin.csv
2024,16,week16,WR,CeeDee,Lamb,DAL,DAL,7600,TB@DAL,1,FG_week16_exportin.csv
2024,16,week16,RB,Chase,Brown,CIN,CIN,7400,CLE@CIN,1,FG_week16_exportin.csv
2024,16,week16,RB,James,Conner,ARI,ARI,7400,ARI@CAR,1,FG_week16_exportin.csv
2024,16,week16,QB,Jalen,Hurts,PHI,PHI,7400,PHI@WAS,1,FG_week16_exportin.csv
2024,16,week16,WR,Jerry,Jeudy,CLE,CLE,7400,CLE@CIN,1,FG_week16_exportin.csv
2024,16,week16,WR,Davante,Adams,NYJ,NYJ,7200,LA@NYJ,1,FG_week16_exportin.csv
2024,16,week16,QB,Joe,Burrow,CIN,CIN,7200,CLE@CIN,1,FG_week16_exportin.csv
2024,16,week16,RB,Derrick,Henry,BAL,BAL,7200,PIT@BAL,1,FG_week16_exportin.csv
2024,16,week16,RB,Joe,Mixon,HOU,HOU,7200,HOU@KC,1,FG_week16_exportin.csv
2024,16,week16,RB,James,Cook,BUF,BUF,7000,NE@BUF,1,FG_week16_exportin.csv
2024,16,week16,WR,Justin,Jefferson,MIN,MIN,7000,MIN@SEA,1,FG_week16_exportin.csv
2024,16,week16,WR,Amon-Ra,St. Brown,DET,DET,7000,DET@CHI,1,FG_week16_exportin.csv
2024,16,week16,RB,Kyren,Williams,LAR,LA,7000,LA@NYJ,1,FG_week16_exportin.csv
2024,16,week16,WR,A.J.,Brown,PHI,PHI,6800,PHI@WAS,1,FG_week16_exportin.csv
2024,16,week16,WR,Nico,Collins,HOU,HOU,6800,HOU@KC,1,FG_week16_exportin.csv
2024,16,week16,QB,Jayden,Daniels,WAS,WAS,6800,PHI@WAS,1,FG_week16_exportin.csv
2024,16,week16,WR,Mike,Evans,TB,TB,6800,TB@DAL,1,FG_week16_exportin.csv
2024,16,week16,RB,Alvin,Kamara,NO,NO,6800,NO@GB,1,FG_week16_exportin.csv
2024,16,week16,RB,De'Von,Achane,MIA,MIA,6600,SF@MIA,1,FG_week16_exportin.csv
2024,16,week16,WR,Tee,Higgins,CIN,CIN,6600,CLE@CIN,1,FG_week16_exportin.csv
2024,16,week16,QB,Baker,Mayfield,TB,TB,6600,TB@DAL,1,FG_week16_exportin.csv
2024,16,week16,WR,Terry,McLaurin,WAS,WAS,6600,PHI@WAS,1,FG_week16_exportin.csv
2024,16,week16,WR,Jordan,Addison,MIN,MIN,6400,MIN@SEA,1,FG_week16_exportin.csv
2024,16,week16,QB,Jared,Goff,DET,DET,6400,DET@CHI,1,FG_week16_exportin.csv
2024,16,week16,WR,Courtland,Sutton,DEN,DEN,6400,DEN@LAC,1,FG_week16_exportin.csv
2024,16,week16,WR,Brian,Thomas Jr.,JAX,JAC,6400,JAC@LV,1,FG_week16_exportin.csv
2024,16,week16,QB,Sam,Darnold,MIN,MIN,6200,MIN@SEA,1,FG_week16_exportin.csv
2024,16,week16,RB,Bucky,Irving,TB,TB,6200,TB@DAL,1,FG_week16_exportin.csv
2024,16,week16,QB,Kyler,Murray,ARI,ARI,6200,ARI@CAR,1,FG_week16_exportin.csv
2024,16,week16,WR,Jaxon,Smith-Njigba,SEA,SEA,6200,MIN@SEA,1,FG_week16_exportin.csv
2024,16,week16,RB,Breece,Hall,NYJ,NYJ,6000,LA@NYJ,1,FG_week16_exportin.csv
2024,16,week16,WR,Drake,London,ATL,ATL,6000,NYG@ATL,1,FG_week16_exportin.csv
2024,16,week16,WR,Ladd,McConkey,LAC,LAC,6000,DEN@LAC,1,FG_week16_exportin.csv
2024,16,week16,WR,DJ,Moore,CHI,CHI,6000,DET@CHI,1,FG_week16_exportin.csv
2024,16,week16,WR,Malik,Nabers,NYG,NYG,6000,NYG@ATL,1,FG_week16_exportin.csv
2024,16,week16,QB,Bo,Nix,DEN,DEN,6000,CLE@DEN,1,FG_week16_exportin.csv
2024,16,week16,TE,Brock,Bowers,LV,LV,5800,JAC@LV,1,FG_week16_exportin.csv
2024,16,week16,RB,Rico,Dowdle,DAL,DAL,5800,TB@DAL,1,FG_week16_exportin.csv
2024,16,week16,WR,Tyreek,Hill,MIA,MIA,5800,SF@MIA,1,FG_week16_exportin.csv
2024,16,week16,WR,Cooper,Kupp,LAR,LA,5800,LA@NYJ,1,FG_week16_exportin.csv
2024,16,week16,QB,Jordan,Love,GB,GB,5800,NO@GB,1,FG_week16_exportin.csv
2024,16,week16,QB,Patrick,Mahomes,KC,KC,5800,HOU@KC,1,FG_week16_exportin.csv
2024,16,week16,WR,Jakobi,Meyers,LV,LV,5800,JAC@LV,1,FG_week16_exportin.csv
2024,16,week16,RB,David,Montgomery,DET,DET,5800,DET@CHI,1,FG_week16_exportin.csv
2024,16,week16,QB,Caleb,Williams,CHI,CHI,5800,DET@CHI,1,FG_week16_exportin.csv
2024,16,week16,WR,Garrett,Wilson,NYJ,NYJ,5800,LA@NYJ,1,FG_week16_exportin.csv
2024,16,week16,WR,Jauan,Jennings,SF,SF,5600,SF@MIA,1,FG_week16_exportin.csv
2024,16,week16,QB,Bo,Nix,DEN,DEN,5600,DEN@LAC,1,FG_week16_exportin.csv
2024,16,week16,WR,George,Pickens,PIT,PIT,5600,PIT@BAL,1,FG_week16_exportin.csv
2024,16,week16,WR,Khalil,Shakir,BUF,BUF,5600,NE@BUF,1,FG_week16_exportin.csv
2024,16,week16,QB,Tua,Tagovailoa,MIA,MIA,5600,SF@MIA,1,FG_week16_exportin.csv
2024,16,week16,RB,Jonathan,Taylor,IND,IND,5600,TEN@IND,1,FG_week16_exportin.csv
2024,16,week16,WR,Keenan,Allen,CHI,CHI,5400,DET@CHI,1,FG_week16_exportin.csv
2024,16,week16,WR,Zay,Flowers,BAL,BAL,5400,PIT@BAL,1,FG_week16_exportin.csv
2024,16,week16,RB,Chuba,Hubbard,CAR,CAR,5400,ARI@CAR,1,FG_week16_exportin.csv
2024,16,week16,RB,Aaron,Jones Sr.,MIN,MIN,5400,MIN@SEA,1,FG_week16_exportin.csv
2024,16,week16,TE,Trey,McBride,ARI,ARI,5400,ARI@CAR,1,FG_week16_exportin.csv
2024,16,week16,QB,Anthony,Richardson,IND,IND,5400,TEN@IND,1,FG_week16_exportin.csv
2024,16,week16,QB,Aaron,Rodgers,NYJ,NYJ,5400,LA@NYJ,1,FG_week16_exportin.csv
2024,16,week16,QB,Justin,Herbert,LAC,LAC,5200,DEN@LAC,1,FG_week16_exportin.csv
2024,16,week16,TE,George,Kittle,SF,SF,5200,SF@MIA,1,FG_week16_exportin.csv
2024,16,week16,RB,Tony,Pollard,TEN,TEN,5200,TEN@IND,1,FG_week16_exportin.csv
2024,16,week16,QB,Brock,Purdy,SF,SF,5200,SF@MIA,1,FG_week16_exportin.csv
2024,16,week16,TE,Jonnu,Smith,MIA,MIA,5200,SF@MIA,1,FG_week16_exportin.csv
2024,16,week16,QB,Matthew,Stafford,LAR,LA,5200,LA@NYJ,1,FG_week16_exportin.csv
2024,16,week16,WR,Adam,Thielen,CAR,CAR,5200,ARI@CAR,1,FG_week16_exportin.csv
2024,16,week16,RB,Rachaad,White,TB,TB,5200,TB@DAL,1,FG_week16_exportin.csv
2024,16,week16,QB,Russell,Wilson,PIT,PIT,5200,PIT@BAL,1,FG_week16_exportin.csv
2024,16,week16,WR,Josh,Downs,IND,IND,5000,TEN@IND,1,FG_week16_exportin.csv
2024,16,week16,RB,Najee,Harris,PIT,PIT,5000,PIT@BAL,1,FG_week16_exportin.csv
2024,16,week16,QB,Drake,Maye,NE,NE,5000,NE@BUF,1,FG_week16_exportin.csv
2024,16,week16,WR,Darnell,Mooney,ATL,ATL,5000,NYG@ATL,1,FG_week16_exportin.csv
2024,16,week16,TE,David,Njoku,CLE,CLE,5000,CLE@CIN,1,FG_week16_exportin.csv
2024,16,week16,RB,Brian,Robinson Jr.,WAS,WAS,5000,PHI@WAS,1,FG_week16_exportin.csv
2024,16,week16,WR,DeVonta,Smith,PHI,PHI,5000,PHI@WAS,1,FG_week16_exportin.csv
2024,16,week16,QB,C.J.,Stroud,HOU,HOU,5000,HOU@KC,1,FG_week16_exportin.csv
2024,16,week16,RB,Kenneth,Walker III,SEA,SEA,5000,MIN@SEA,1,FG_week16_exportin.csv
2024,16,week16,RB,Zach,Charbonnet,SEA,SEA,4800,MIN@SEA,1,FG_week16_exportin.csv
2024,16,week16,RB,Austin,Ekeler,WAS,WAS,4800,PHI@WAS,1,FG_week16_exportin.csv
2024,16,week16,QB,Mac,Jones,JAX,JAC,4800,JAC@LV,1,FG_week16_exportin.csv
2024,16,week16,WR,DK,Metcalf,SEA,SEA,4800,MIN@SEA,1,FG_week16_exportin.csv
2024,16,week16,WR,Calvin,Ridley,TEN,TEN,4800,TEN@IND,1,FG_week16_exportin.csv
2024,16,week16,QB,Geno,Smith,SEA,SEA,4800,MIN@SEA,1,FG_week16_exportin.csv
2024,16,week16,WR,Cedric,Tillman,CLE,CLE,4800,CLE@CIN,1,FG_week16_exportin.csv
2024,16,week16,WR,Jaylen,Waddle,MIA,MIA,4800,SF@MIA,1,FG_week16_exportin.csv
2024,16,week16,WR,Jameson,Williams,DET,DET,4800,DET@CHI,1,FG_week16_exportin.csv
2024,16,week16,QB,Jameis,Winston,CLE,CLE,4800,CLE@CIN,1,FG_week16_exportin.csv
2024,16,week16,WR,Rashod,Bateman,BAL,BAL,4600,PIT@BAL,1,FG_week16_exportin.csv
2024,16,week16,QB,Derek,Carr,NO,NO,4600,NO@GB,1,FG_week16_exportin.csv
2024,16,week16,WR,Amari,Cooper,BUF,BUF,4600,NE@BUF,1,FG_week16_exportin.csv
2024,16,week16,RB,Jerome,Ford,CLE,CLE,4600,CLE@CIN,1,FG_week16_exportin.csv
2024,16,week16,RB,Isaac,Guerendo,SF,SF,4600,SF@MIA,1,FG_week16_exportin.csv
2024,16,week16,WR,DeAndre,Hopkins,KC,KC,4600,HOU@KC,1,FG_week16_exportin.csv
2024,16,week16,TE,Travis,Kelce,KC,KC,4600,HOU@KC,1,FG_week16_exportin.csv
2024,16,week16,WR,Chris,Olave,NO,NO,4600,NO@GB,1,FG_week16_exportin.csv
2024,16,week16,QB,Cooper,Rush,DAL,DAL,4600,TB@DAL,1,FG_week16_exportin.csv
2024,16,week16,QB,Bryce,Young,CAR,CAR,4600,ARI@CAR,1,FG_week16_exportin.csv
2024,16,week16,TE,Mark,Andrews,BAL,BAL,4400,PIT@BAL,1,FG_week16_exportin.csv
2024,16,week16,WR,Keon,Coleman,BUF,BUF,4400,NE@BUF,1,FG_week16_exportin.csv
2024,16,week16,QB,Kirk,Cousins,ATL,ATL,4400,NYG@ATL,1,FG_week16_exportin.csv
2024,16,week16,RB,J.K.,Dobbins,LAC,LAC,4400,DEN@LAC,1,FG_week16_exportin.csv
2024,16,week16,WR,Marvin,Harrison Jr.,ARI,ARI,4400,ARI@CAR,1,FG_week16_exportin.csv
2024,16,week16,WR,Jalen,McMillan,TB,TB,4400,TB@DAL,1,FG_week16_exportin.csv
2024,16,week16,WR,Jayden,Reed,GB,GB,4400,NO@GB,1,FG_week16_exportin.csv
2024,16,week16,RB,Tyrone,Tracy Jr.,NYG,NYG,4400,NYG@ATL,1,FG_week16_exportin.csv
2024,16,week16,QB,Kyle,Allen,PIT,PIT,4200,PIT@BAL,1,FG_week16_exportin.csv
2024,16,week16,QB,Brandon,Allen,SF,SF,4200,SF@MIA,1,FG_week16_exportin.csv
2024,16,week16,QB,Tyson,Bagent,CHI,CHI,4200,DET@CHI,1,FG_week16_exportin.csv
2024,16,week16,QB,C.J.,Beathard,JAX,JAC,4200,JAC@LV,1,FG_week16_exportin.csv
2024,16,week16,QB,Stetson,Bennett,LAR,LA,4200,LA@NYJ,1,FG_week16_exportin.csv
2024,16,week16,QB,Tim,Boyle,NYG,NYG,4200,NYG@ATL,1,FG_week16_exportin.csv
2024,16,week16,QB,Carter,Bradley,LV,LV,4200,JAC@LV,1,FG_week16_exportin.csv
2024,16,week16,QB,Jacoby,Brissett,NE,NE,4200,NE@BUF,1,FG_week16_exportin.csv
2024,16,week16,WR,Hollywood,Brown,KC,KC,4200,HOU@KC,1,FG_week16_exportin.csv
2024,16,week16,QB,Jake,Browning,CIN,CIN,4200,CLE@CIN,1,FG_week16_exportin.csv
2024,16,week16,QB,Andy,Dalton,CAR,CAR,4200,ARI@CAR,1,FG_week16_exportin.csv
2024,16,week16,QB,Tommy,DeVito,NYG,NYG,4200,NYG@ATL,1,FG_week16_exportin.csv
2024,16,week16,QB,Joshua,Dobbs,SF,SF,4200,SF@MIA,1,FG_week16_exportin.csv
2024,16,week16,WR,Romeo,Doubs,GB,GB,4200,NO@GB,1,FG_week16_exportin.csv
2024,16,week16,QB,Jeff,Driskel,WAS,WAS,4200,PHI@WAS,1,FG_week16_exportin.csv
2024,16,week16,QB,Sam,Ehlinger,IND,IND,4200,TEN@IND,1,FG_week16_exportin.csv
2024,16,week16,QB,Justin,Fields,PIT,PIT,4200,PIT@BAL,1,FG_week16_exportin.csv
2024,16,week16,QB,Joe,Flacco,IND,IND,4200,TEN@IND,1,FG_week16_exportin.csv
2024,16,week16,QB,Jimmy,Garoppolo,LAR,LA,4200,LA@NYJ,1,FG_week16_exportin.csv
2024,16,week16,QB,Jake,Haener,NO,NO,4200,NO@GB,1,FG_week16_exportin.csv
2024,16,week16,QB,Jaren,Hall,SEA,SEA,4200,MIN@SEA,1,FG_week16_exportin.csv
2024,16,week16,QB,Taylor,Heinicke,LAC,LAC,4200,DEN@LAC,1,FG_week16_exportin.csv
2024,16,week16,QB,Hendon,Hooker,DET,DET,4200,DET@CHI,1,FG_week16_exportin.csv
2024,16,week16,QB,Sam,Howell,SEA,SEA,4200,MIN@SEA,1,FG_week16_exportin.csv
2024,16,week16,QB,Tyler,Huntley,MIA,MIA,4200,SF@MIA,1,FG_week16_exportin.csv
2024,16,week16,QB,Josh,Johnson,BAL,BAL,4200,PIT@BAL,1,FG_week16_exportin.csv
2024,16,week16,TE,Sam,LaPorta,DET,DET,4200,DET@CHI,1,FG_week16_exportin.csv
2024,16,week16,QB,Trey,Lance,DAL,DAL,4200,TB@DAL,1,FG_week16_exportin.csv
2024,16,week16,QB,Will,Levis,TEN,TEN,4200,TEN@IND,1,FG_week16_exportin.csv
2024,16,week16,QB,Drew,Lock,NYG,NYG,4200,NYG@ATL,1,FG_week16_exportin.csv
2024,16,week16,QB,Marcus,Mariota,WAS,WAS,4200,PHI@WAS,1,FG_week16_exportin.csv
2024,16,week16,QB,Tanner,McKee,PHI,PHI,4200,PHI@WAS,1,FG_week16_exportin.csv
2024,16,week16,QB,Davis,Mills,HOU,HOU,4200,HOU@KC,1,FG_week16_exportin.csv
2024,16,week16,QB,Joe,Milton III,NE,NE,4200,NE@BUF,1,FG_week16_exportin.csv
2024,16,week16,QB,Nick,Mullens,MIN,MIN,4200,MIN@SEA,1,FG_week16_exportin.csv
2024,16,week16,QB,Aidan,O'Connell,LV,LV,4200,JAC@LV,1,FG_week16_exportin.csv
2024,16,week16,WR,Rome,Odunze,CHI,CHI,4200,DET@CHI,1,FG_week16_exportin.csv
2024,16,week16,QB,Michael,Penix Jr.,ATL,ATL,4200,NYG@ATL,1,FG_week16_exportin.csv
2024,16,week16,QB,Kenny,Pickett,PHI,PHI,4200,PHI@WAS,1,FG_week16_exportin.csv
2024,16,week16,WR,Michael,Pittman Jr.,IND,IND,4200,TEN@IND,1,FG_week16_exportin.csv
2024,16,week16,QB,Spencer,Rattler,NO,NO,4200,NO@GB,1,FG_week16_exportin.csv
2024,16,week16,QB,Desmond,Ridder,LV,LV,4200,JAC@LV,1,FG_week16_exportin.csv
2024,16,week16,QB,Mason,Rudolph,TEN,TEN,4200,TEN@IND,1,FG_week16_exportin.csv
2024,16,week16,QB,Brett,Rypien,MIN,MIN,4200,MIN@SEA,1,FG_week16_exportin.csv
2024,16,week16,QB,Easton,Stick,LAC,LAC,4200,DEN@LAC,1,FG_week16_exportin.csv
2024,16,week16,QB,Jarrett,Stidham,DEN,DEN,4200,DEN@LAC,1,FG_week16_exportin.csv
2024,16,week16,RB,D'Andre,Swift,CHI,CHI,4200,DET@CHI,1,FG_week16_exportin.csv
2024,16,week16,QB,Tyrod,Taylor,NYJ,NYJ,4200,LA@NYJ,1,FG_week16_exportin.csv
2024,16,week16,QB,Dorian,Thompson-Robinson,CLE,CLE,4200,CLE@CIN,1,FG_week16_exportin.csv
2024,16,week16,QB,Kyle,Trask,TB,TB,4200,TB@DAL,1,FG_week16_exportin.csv
2024,16,week16,QB,Mitchell,Trubisky,BUF,BUF,4200,NE@BUF,1,FG_week16_exportin.csv
2024,16,week16,QB,Clayton,Tune,ARI,ARI,4200,ARI@CAR,1,FG_week16_exportin.csv
2024,16,week16,QB,Carson,Wentz,KC,KC,4200,HOU@KC,1,FG_week16_exportin.csv
2024,16,week16,QB,Mike,White,BUF,BUF,4200,NE@BUF,1,FG_week16_exportin.csv
2024,16,week16,QB,Malik,Willis,GB,GB,4200,NO@GB,1,FG_week16_exportin.csv
2024,16,week16,QB,Zach,Wilson,DEN,DEN,4200,DEN@LAC,1,FG_week16_exportin.csv
2024,16,week16,QB,Logan,Woodside,CIN,CIN,4200,CLE@CIN,1,FG_week16_exportin.csv
2024,16,week16,QB,Bailey,Zappe,CLE,CLE,4200,CLE@CIN,1,FG_week16_exportin.csv
2024,16,week16,WR,Ray-Ray,McCloud,ATL,ATL,4000,NYG@ATL,1,FG_week16_exportin.csv
2024,16,week16,RB,Tyjae,Spears,TEN,TEN,4000,TEN@IND,1,FG_week16_exportin.csv
2024,16,week16,RB,Rhamondre,Stevenson,NE,NE,4000,NE@BUF,1,FG_week16_exportin.csv
2024,16,week16,WR,Devaughn,Vele,DEN,DEN,4000,CLE@DEN,1,FG_week16_exportin.csv
2024,16,week16,WR,Nick,Westbrook-Ikhine,TEN,TEN,4000,TEN@IND,1,FG_week16_exportin.csv
2024,16,week16,WR,Xavier,Worthy,KC,KC,4000,HOU@KC,1,FG_week16_exportin.csv
2024,16,week16,WR,Tank,Dell,HOU,HOU,3800,HOU@KC,1,FG_week16_exportin.csv
2024,16,week16,TE,Pat,Freiermuth,PIT,PIT,3800,PIT@BAL,1,FG_week16_exportin.csv
2024,16,week16,RB,Kareem,Hunt,KC,KC,3800,HOU@KC,1,FG_week16_exportin.csv
2024,16,week16,WR,Quentin,Johnston,LAC,LAC,3800,DEN@LAC,1,FG_week16_exportin.csv
2024,16,week16,WR,Elijah,Moore,CLE,CLE,3800,CLE@CIN,1,FG_week16_exportin.csv
2024,16,week16,RB,Isiah,Pacheco,KC,KC,3800,HOU@KC,1,FG_week16_exportin.csv
2024,16,week16,WR,Tim,Patrick,DET,DET,3800,DET@CHI,1,FG_week16_exportin.csv
2024,16,week16,WR,Marquez,Valdes-Scantling,NO,NO,3800,NO@GB,1,FG_week16_exportin.csv
2024,16,week16,RB,Tank,Bigsby,JAX,JAC,3600,JAC@LV,1,FG_week16_exportin.csv
2024,16,week16,WR,Jalen,Coker,CAR,CAR,3600,ARI@CAR,1,FG_week16_exportin.csv
2024,16,week16,WR,DeMario,Douglas,NE,NE,3600,NE@BUF,1,FG_week16_exportin.csv
2024,16,week16,TE,Zach,Ertz,WAS,WAS,3600,PHI@WAS,1,FG_week16_exportin.csv
2024,16,week16,RB,Travis,Etienne Jr.,JAX,JAC,3600,JAC@LV,1,FG_week16_exportin.csv
2024,16,week16,TE,Tucker,Kraft,GB,GB,3600,NO@GB,1,FG_week16_exportin.csv
2024,16,week16,WR,Xavier,Legette,CAR,CAR,3600,ARI@CAR,1,FG_week16_exportin.csv
2024,16,week16,WR,Christian,Watson,GB,GB,3600,NO@GB,1,FG_week16_exportin.csv
2024,16,week16,WR,Calvin,Austin III,PIT,PIT,3400,PIT@BAL,1,FG_week16_exportin.csv
2024,16,week16,WR,Kendrick,Bourne,NE,NE,3400,NE@BUF,1,FG_week16_exportin.csv
2024,16,week16,DEF,Denver,Broncos,DEN,DEN,3400,CLE@DEN,1,FG_week16_exportin.csv
2024,16,week16,TE,Noah,Gray,KC,KC,3400,HOU@KC,1,FG_week16_exportin.csv
2024,16,week16,TE,Hunter,Henry,NE,NE,3400,NE@BUF,1,FG_week16_exportin.csv
2024,16,week16,TE,T.J.,Hockenson,MIN,MIN,3400,MIN@SEA,1,FG_week16_exportin.csv
2024,16,week16,TE,Dalton,Kincaid,BUF,BUF,3400,NE@BUF,1,FG_week16_exportin.csv
2024,16,week16,RB,Sincere,McCormick,LV,LV,3400,JAC@LV,1,FG_week16_exportin.csv
2024,16,week16,WR,Alec,Pierce,IND,IND,3400,TEN@IND,1,FG_week16_exportin.csv
2024,16,week16,WR,Devaughn,Vele,DEN,DEN,3400,DEN@LAC,1,FG_week16_exportin.csv
2024,16,week16,RB,Jaylen,Warren,PIT,PIT,3400,PIT@BAL,1,FG_week16_exportin.csv
2024,16,week16,WR,Michael,Wilson,ARI,ARI,3400,ARI@CAR,1,FG_week16_exportin.csv
2024,16,week16,WR,Brandin,Cooks,DAL,DAL,3200,TB@DAL,1,FG_week16_exportin.csv
2024,16,week16,WR,Allen,Lazard,NYJ,NYJ,3200,LA@NYJ,1,FG_week16_exportin.csv
2024,16,week16,RB,Alexander,Mattison,LV,LV,3200,JAC@LV,1,FG_week16_exportin.csv
2024,16,week16,WR,Marvin,Mims Jr.,DEN,DEN,3200,DEN@LAC,1,FG_week16_exportin.csv
2024,16,week16,TE,Cade,Otton,TB,TB,3200,TB@DAL,1,FG_week16_exportin.csv
2024,16,week16,WR,Wan'Dale,Robinson,NYG,NYG,3200,NYG@ATL,1,FG_week16_exportin.csv
2024,16,week16,WR,Deebo,Samuel Sr.,SF,SF,3200,SF@MIA,1,FG_week16_exportin.csv
2024,16,week16,WR,Tre,Tucker,LV,LV,3200,JAC@LV,1,FG_week16_exportin.csv
2024,16,week16,WR,Parker,Washington,JAX,JAC,3200,JAC@LV,1,FG_week16_exportin.csv
2024,16,week16,RB,Javonte,Williams,DEN,DEN,3200,DEN@LAC,1,FG_week16_exportin.csv
2024,16,week16,RB,Tyler,Allgeier,ATL,ATL,3000,NYG@ATL,1,FG_week16_exportin.csv
2024,16,week16,WR,Kayshon,Boutte,NE,NE,3000,NE@BUF,1,FG_week16_exportin.csv
2024,16,week16,TE,Will,Dissly,LAC,LAC,3000,DEN@LAC,1,FG_week16_exportin.csv
2024,16,week16,RB,Gus,Edwards,LAC,LAC,3000,DEN@LAC,1,FG_week16_exportin.csv
2024,16,week16,RB,Justice,Hill,BAL,BAL,3000,PIT@BAL,1,FG_week16_exportin.csv
2024,16,week16,WR,Andrei,Iosivas,CIN,CIN,3000,CLE@CIN,1,FG_week16_exportin.csv
2024,16,week16,TE,Juwan,Johnson,NO,NO,3000,NO@GB,1,FG_week16_exportin.csv
2024,16,week16,TE,Cole,Kmet,CHI,CHI,3000,DET@CHI,1,FG_week16_exportin.csv
2024,16,week16,WR,David,Moore,CAR,CAR,3000,ARI@CAR,1,FG_week16_exportin.csv
2024,16,week16,WR,Joshua,Palmer,LAC,LAC,3000,DEN@LAC,1,FG_week16_exportin.csv
2024,16,week16,RB,Miles,Sanders,CAR,CAR,3000,ARI@CAR,1,FG_week16_exportin.csv
2024,16,week16,WR,Sterling,Shepard,TB,TB,3000,TB@DAL,1,FG_week16_exportin.csv
2024,16,week16,WR,Jalen,Tolbert,DAL,DAL,3000,TB@DAL,1,FG_week16_exportin.csv
2024,16,week16,RB,Ray,Davis,BUF,BUF,2800,NE@BUF,1,FG_week16_exportin.csv
2024,16,week16,TE,Tyler,Higbee,LAR,LA,2800,LA@NYJ,1,FG_week16_exportin.csv
2024,16,week16,TE,Austin,Hooper,NE,NE,2800,NE@BUF,1,FG_week16_exportin.csv
2024,16,week16,RB,Ty,Johnson,BUF,BUF,2800,NE@BUF,1,FG_week16_exportin.csv
2024,16,week16,WR,Demarcus,Robinson,LAR,LA,2800,LA@NYJ,1,FG_week16_exportin.csv
2024,16,week16,TE,Dalton,Schultz,HOU,HOU,2800,HOU@KC,1,FG_week16_exportin.csv
2024,16,week16,WR,KaVontae,Turpin,DAL,DAL,2800,TB@DAL,1,FG_week16_exportin.csv
2024,16,week16,DEF,Cleveland,Browns,CLE,CLE,2600,CLE@DEN,1,FG_week16_exportin.csv
2024,16,week16,TE,Jake,Ferguson,DAL,DAL,2600,TB@DAL,1,FG_week16_exportin.csv
2024,16,week16,WR,Mack,Hollins,BUF,BUF,2600,NE@BUF,1,FG_week16_exportin.csv
2024,16,week16,RB,Jaleel,McLaughlin,DEN,DEN,2600,DEN@LAC,1,FG_week16_exportin.csv
2024,16,week16,RB,Kendre,Miller,NO,NO,2600,NO@GB,1,FG_week16_exportin.csv
2024,16,week16,TE,Kyle,Pitts,ATL,ATL,2600,NYG@ATL,1,FG_week16_exportin.csv
2024,16,week16,TE,Brenton,Strange,JAX,JAC,2600,JAC@LV,1,FG_week16_exportin.csv
2024,16,week16,RB,Cam,Akers,MIN,MIN,2400,MIN@SEA,1,FG_week16_exportin.csv
2024,16,week16,WR,Dyami,Brown,WAS,WAS,2400,PHI@WAS,1,FG_week16_exportin.csv
2024,16,week16,RB,Kenneth,Gainwell,PHI,PHI,2400,PHI@WAS,1,FG_week16_exportin.csv
2024,16,week16,RB,Roschon,Johnson,CHI,CHI,2400,DET@CHI,1,FG_week16_exportin.csv
2024,16,week16,TE,Isaiah,Likely,BAL,BAL,2400,PIT@BAL,1,FG_week16_exportin.csv
2024,16,week16,WR,Tyler,Lockett,SEA,SEA,2400,MIN@SEA,1,FG_week16_exportin.csv
2024,16,week16,TE,Chig,Okonkwo,TEN,TEN,2400,TEN@IND,1,FG_week16_exportin.csv
2024,16,week16,TE,Josh,Oliver,MIN,MIN,2400,MIN@SEA,1,FG_week16_exportin.csv
2024,16,week16,WR,Curtis,Samuel,BUF,BUF,2400,NE@BUF,1,FG_week16_exportin.csv
2024,16,week16,RB,Devin,Singletary,NYG,NYG,2400,NYG@ATL,1,FG_week16_exportin.csv
2024,16,week16,WR,Darius,Slayton,NYG,NYG,2400,NYG@ATL,1,FG_week16_exportin.csv
2024,16,week16,WR,Dontayvion,Wicks,GB,GB,2400,NO@GB,1,FG_week16_exportin.csv
2024,16,week16,RB,Israel,Abanikanda,SF,SF,2200,SF@MIA,1,FG_week16_exportin.csv
2024,16,week16,RB,Ameer,Abdullah,LV,LV,2200,JAC@LV,1,FG_week16_exportin.csv
2024,16,week16,TE,Nate,Adkins,DEN,DEN,2200,DEN@LAC,1,FG_week16_exportin.csv
2024,16,week16,TE,Nate,Adkins,DEN,DEN,2200,CLE@DEN,1,FG_week16_exportin.csv
2024,16,week16,WR,Nelson,Agholor,BAL,BAL,2200,PIT@BAL,1,FG_week16_exportin.csv
2024,16,week16,TE,Jordan,Akins,CLE,CLE,2200,CLE@CIN,1,FG_week16_exportin.csv
2024,16,week16,WR,Maurice,Alexander,DET,DET,2200,DET@CHI,1,FG_week16_exportin.csv
2024,16,week16,RB,Rasheen,Ali,BAL,BAL,2200,PIT@BAL,1,FG_week16_exportin.csv
2024,16,week16,TE,Mo,Alie-Cox,IND,IND,2200,TEN@IND,1,FG_week16_exportin.csv
2024,16,week16,RB,Braelon,Allen,NYJ,NYJ,2200,LA@NYJ,1,FG_week16_exportin.csv
2024,16,week16,TE,Davis,Allen,LAR,LA,2200,LA@NYJ,1,FG_week16_exportin.csv
2024,16,week16,WR,Tutu,Atwell,LAR,LA,2200,LA@NYJ,1,FG_week16_exportin.csv
2024,16,week16,WR,Kevin,Austin Jr.,NO,NO,2200,NO@GB,1,FG_week16_exportin.csv
2024,16,week16,RB,Tyler,Badie,DEN,DEN,2200,DEN@LAC,1,FG_week16_exportin.csv
2024,16,week16,RB,Tyler,Badie,DEN,DEN,2200,CLE@DEN,1,FG_week16_exportin.csv
2024,16,week16,WR,Javon,Baker,NE,NE,2200,NE@BUF,1,FG_week16_exportin.csv
2024,16,week16,TE,AJ,Barner,SEA,SEA,2200,MIN@SEA,1,FG_week16_exportin.csv
2024,16,week16,TE,John,Bates,WAS,WAS,2200,PHI@WAS,1,FG_week16_exportin.csv
2024,16,week16,WR,Odell,Beckham Jr.,MIA,MIA,2200,SF@MIA,1,FG_week16_exportin.csv
2024,16,week16,TE,Jaheim,Bell,NE,NE,2200,NE@BUF,1,FG_week16_exportin.csv
2024,16,week16,TE,Daniel,Bellinger,NYG,NYG,2200,NYG@ATL,1,FG_week16_exportin.csv
2024,16,week16,RB,Trey,Benson,ARI,ARI,2200,ARI@CAR,1,FG_week16_exportin.csv
2024,16,week16,RB,Raheem,Blackshear,CAR,CAR,2200,ARI@CAR,1,FG_week16_exportin.csv
2024,16,week16,WR,Chris,Blair,ATL,ATL,2200,ATL@LV,1,FG_week16_exportin.csv
2024,16,week16,RB,Khari,Blasingame,PHI,PHI,2200,PHI@WAS,1,FG_week16_exportin.csv
2024,16,week16,WR,Jake,Bobo,SEA,SEA,2200,MIN@SEA,1,FG_week16_exportin.csv
2024,16,week16,RB,Mike,Boone,CAR,CAR,2200,ARI@CAR,1,FG_week16_exportin.csv
2024,16,week16,WR,Tyler,Boyd,TEN,TEN,2200,TEN@IND,1,FG_week16_exportin.csv
2024,16,week16,RB,Chris,Brooks,GB,GB,2200,NO@GB,1,FG_week16_exportin.csv
2024,16,week16,WR,Jalen,Brooks,DAL,DAL,2200,TB@DAL,1,FG_week16_exportin.csv
2024,16,week16,TE,Pharaoh,Brown,SEA,SEA,2200,MIN@SEA,1,FG_week16_exportin.csv
2024,16,week16,WR,Noah,Brown,WAS,WAS,2200,PHI@WAS,1,FG_week16_exportin.csv
2024,16,week16,TE,Harrison,Bryant,LV,LV,2200,JAC@LV,1,FG_week16_exportin.csv
2024,16,week16,RB,Robert,Burns,ATL,ATL,2200,NYG@ATL,1,FG_week16_exportin.csv
2024,16,week16,RB,Michael,Burton,DEN,DEN,2200,DEN@LAC,1,FG_week16_exportin.csv
2024,16,week16,WR,Jermaine,Burton,CIN,CIN,2200,CLE@CIN,1,FG_week16_exportin.csv
2024,16,week16,RB,Michael,Burton,DEN,DEN,2200,CLE@DEN,1,FG_week16_exportin.csv
2024,16,week16,TE,Grant,Calcaterra,PHI,PHI,2200,PHI@WAS,1,FG_week16_exportin.csv
2024,16,week16,TE,Stephen,Carlson,CHI,CHI,2200,DET@CHI,1,FG_week16_exportin.csv
2024,16,week16,RB,Ty,Chandler,MIN,MIN,2200,MIN@SEA,1,FG_week16_exportin.csv
2024,16,week16,WR,DJ,Chark Jr.,LAC,LAC,2200,DEN@LAC,1,FG_week16_exportin.csv
2024,16,week16,RB,Julius,Chestnut,TEN,TEN,2200,TEN@IND,1,FG_week16_exportin.csv
2024,16,week16,RB,Nick,Chubb,CLE,CLE,2200,CLE@CIN,1,FG_week16_exportin.csv
2024,16,week16,TE,Tyler,Conklin,NYJ,NYJ,2200,LA@NYJ,1,FG_week16_exportin.csv
2024,16,week16,WR,Chris,Conley,SF,SF,2200,SF@MIA,1,FG_week16_exportin.csv
2024,16,week16,TE,Tanner,Conner,MIA,MIA,2200,SF@MIA,1,FG_week16_exportin.csv
2024,16,week16,WR,Malachi,Corley,NYJ,NYJ,2200,LA@NYJ,1,FG_week16_exportin.csv
2024,16,week16,RB,Blake,Corum,LAR,LA,2200,LA@NYJ,1,FG_week16_exportin.csv
2024,16,week16,WR,Britain,Covey,PHI,PHI,2200,PHI@WAS,1,FG_week16_exportin.csv
2024,16,week16,WR,Jacob,Cowing,SF,SF,2200,SF@MIA,1,FG_week16_exportin.csv
2024,16,week16,WR,River,Cracraft,MIA,MIA,2200,SF@MIA,1,FG_week16_exportin.csv
2024,16,week16,WR,Jamison,Crowder,WAS,WAS,2200,PHI@WAS,1,FG_week16_exportin.csv
2024,16,week16,TE,Devin,Culp,TB,TB,2200,TB@DAL,1,FG_week16_exportin.csv
2024,16,week16,RB,DeeJay,Dallas,ARI,ARI,2200,ARI@CAR,1,FG_week16_exportin.csv
2024,16,week16,WR,Jaelon,Darden,SEA,SEA,2200,MIN@SEA,1,FG_week16_exportin.csv
2024,16,week16,RB,Isaiah,Davis,NYJ,NYJ,2200,LA@NYJ,1,FG_week16_exportin.csv
2024,16,week16,WR,Derius,Davis,LAC,LAC,2200,DEN@LAC,1,FG_week16_exportin.csv
2024,16,week16,TE,Josiah,Deguara,JAX,JAC,2200,JAC@LV,1,FG_week16_exportin.csv
2024,16,week16,RB,Emari,Demercado,ARI,ARI,2200,ARI@CAR,1,FG_week16_exportin.csv
2024,16,week16,WR,Greg,Dortch,ARI,ARI,2200,ARI@CAR,1,FG_week16_exportin.csv
2024,16,week16,WR,Jahan,Dotson,PHI,PHI,2200,PHI@WAS,1,FG_week16_exportin.csv
2024,16,week16,WR,Colton,Dowell,TEN,TEN,2200,TEN@IND,1,FG_week16_exportin.csv
2024,16,week16,WR,Grant,DuBose,MIA,MIA,2200,SF@MIA,1,FG_week16_exportin.csv
2024,16,week16,TE,Greg,Dulcich,NYG,NYG,2200,NYG@ATL,1,FG_week16_exportin.csv
2024,16,week16,WR,Ashton,Dulin,IND,IND,2200,TEN@IND,1,FG_week16_exportin.csv
2024,16,week16,TE,Payne,Durham,TB,TB,2200,TB@DAL,1,FG_week16_exportin.csv
2024,16,week16,WR,Devin,Duvernay,JAX,JAC,2200,JAC@LV,1,FG_week16_exportin.csv
2024,16,week16,TE,Ross,Dwelley,ATL,ATL,2200,NYG@ATL,1,FG_week16_exportin.csv
2024,16,week16,RB,Clyde,Edwards-Helaire,KC,KC,2200,HOU@KC,1,FG_week16_exportin.csv
2024,16,week16,RB,Ezekiel,Elliott,DAL,DAL,2200,TB@DAL,1,FG_week16_exportin.csv
2024,16,week16,TE,Evan,Engram,JAX,JAC,2200,JAC@LV,1,FG_week16_exportin.csv
2024,16,week16,WR,Dee,Eskridge,MIA,MIA,2200,SF@MIA,1,FG_week16_exportin.csv
2024,16,week16,RB,Audric,Estime,DEN,DEN,2200,DEN@LAC,1,FG_week16_exportin.csv
2024,16,week16,RB,Audric,Estime,DEN,DEN,2200,CLE@DEN,1,FG_week16_exportin.csv
2024,16,week16,TE,Gerald,Everett,CHI,CHI,2200,DET@CHI,1,FG_week16_exportin.csv
2024,16,week16,TE,Noah,Fant,SEA,SEA,2200,MIN@SEA,1,FG_week16_exportin.csv
2024,16,week16,TE,Princeton,Fant,DAL,DAL,2200,TB@DAL,1,FG_week16_exportin.csv
2024,16,week16,TE,Luke,Farrell,JAX,JAC,2200,JAC@LV,1,FG_week16_exportin.csv
2024,16,week16,WR,Simi,Fehoko,LAC,LAC,2200,DEN@LAC,1,FG_week16_exportin.csv
2024,16,week16,TE,Anthony,Firkser,KC,KC,2200,HOU@KC,1,FG_week16_exportin.csv
2024,16,week16,TE,Tucker,Fisk,LAC,LAC,2200,DEN@LAC,1,FG_week16_exportin.csv
2024,16,week16,TE,John,FitzPatrick,GB,GB,2200,NO@GB,1,FG_week16_exportin.csv
2024,16,week16,WR,Ryan,Flournoy,DAL,DAL,2200,TB@DAL,1,FG_week16_exportin.csv
2024,16,week16,WR,Bryce,Ford-Wheaton,NYG,NYG,2200,NYG@ATL,1,FG_week16_exportin.csv
2024,16,week16,RB,D'Onta,Foreman,CLE,CLE,2200,CLE@CIN,1,FG_week16_exportin.csv
2024,16,week16,WR,Troy,Franklin,DEN,DEN,2200,DEN@LAC,1,FG_week16_exportin.csv
2024,16,week16,WR,Troy,Franklin,DEN,DEN,2200,CLE@DEN,1,FG_week16_exportin.csv
2024,16,week16,TE,Feleipe,Franks,CAR,CAR,2200,ARI@CAR,1,FG_week16_exportin.csv
2024,16,week16,TE,Mike,Gesicki,CIN,CIN,2200,CLE@CIN,1,FG_week16_exportin.csv
2024,16,week16,RB,Antonio,Gibson,NE,NE,2200,NE@BUF,1,FG_week16_exportin.csv
2024,16,week16,RB,Reggie,Gilliam,BUF,BUF,2200,NE@BUF,1,FG_week16_exportin.csv
2024,16,week16,WR,Xavier,Gipson,NYJ,NYJ,2200,LA@NYJ,1,FG_week16_exportin.csv
2024,16,week16,RB,Tyler,Goodson,IND,IND,2200,TEN@IND,1,FG_week16_exportin.csv
2024,16,week16,WR,Anthony,Gould,IND,IND,2200,TEN@IND,1,FG_week16_exportin.csv
2024,16,week16,TE,Cam,Grandy,CIN,CIN,2200,CLE@CIN,1,FG_week16_exportin.csv
2024,16,week16,TE,Kylen,Granson,IND,IND,2200,TEN@IND,1,FG_week16_exportin.csv
2024,16,week16,RB,Eric,Gray,NYG,NYG,2200,NYG@ATL,1,FG_week16_exportin.csv
2024,16,week16,RB,C.J.,Ham,MIN,MIN,2200,MIN@SEA,1,FG_week16_exportin.csv
2024,16,week16,WR,Deonte,Harty,BAL,BAL,2200,PIT@BAL,1,FG_week16_exportin.csv
2024,16,week16,RB,Hassan,Haskins,LAC,LAC,2200,DEN@LAC,1,FG_week16_exportin.csv
2024,16,week16,RB,JaMycal,Hasty,NE,NE,2200,NE@BUF,1,FG_week16_exportin.csv
2024,16,week16,WR,Malik,Heath,GB,GB,2200,NO@GB,1,FG_week16_exportin.csv
2024,16,week16,TE,Peyton,Hendershot,KC,KC,2200,HOU@KC,1,FG_week16_exportin.csv
2024,16,week16,RB,Khalil,Herbert,CIN,CIN,2200,CLE@CIN,1,FG_week16_exportin.csv
2024,16,week16,TE,Connor,Heyward,PIT,PIT,2200,PIT@BAL,1,FG_week16_exportin.csv
2024,16,week16,TE,Elijah,Higgins,ARI,ARI,2200,ARI@CAR,1,FG_week16_exportin.csv
2024,16,week16,TE,Julian,Hill,MIA,MIA,2200,SF@MIA,1,FG_week16_exportin.csv
2024,16,week16,RB,Nyheim,Hines,CLE,CLE,2200,CLE@DEN,1,FG_week16_exportin.csv
2024,16,week16,WR,KhaDarel,Hodge,ATL,ATL,2200,NYG@ATL,1,FG_week16_exportin.csv
2024,16,week16,RB,George,Holani,SEA,SEA,2200,MIN@SEA,1,FG_week16_exportin.csv
2024,16,week16,TE,Dallin,Holker,NO,NO,2200,NO@GB,1,FG_week16_exportin.csv
2024,16,week16,RB,Travis,Homer,CHI,CHI,2200,DET@CHI,1,FG_week16_exportin.csv
2024,16,week16,TE,Tanner,Hudson,CIN,CIN,2200,CLE@CIN,1,FG_week16_exportin.csv
2024,16,week16,WR,Lil'Jordan,Humphrey,DEN,DEN,2200,DEN@LAC,1,FG_week16_exportin.csv
2024,16,week16,TE,Hayden,Hurst,LAC,LAC,2200,DEN@LAC,1,FG_week16_exportin.csv
2024,16,week16,WR,Xavier,Hutchinson,HOU,HOU,2200,HOU@KC,1,FG_week16_exportin.csv
2024,16,week16,WR,Jalin,Hyatt,NYG,NYG,2200,NYG@ATL,1,FG_week16_exportin.csv
2024,16,week16,RB,Alec,Ingold,MIA,MIA,2200,SF@MIA,1,FG_week16_exportin.csv
2024,16,week16,WR,Jha'Quan,Jackson,TEN,TEN,2200,TEN@IND,1,FG_week16_exportin.csv
2024,16,week16,WR,Rakim,Jarrett,TB,TB,2200,TB@DAL,1,FG_week16_exportin.csv
2024,16,week16,WR,Van,Jefferson,PIT,PIT,2200,PIT@BAL,1,FG_week16_exportin.csv
2024,16,week16,TE,E.J.,Jenkins,PHI,PHI,2200,PHI@WAS,1,FG_week16_exportin.csv
2024,16,week16,RB,D'Ernest,Johnson,JAX,JAC,2200,JAC@LV,1,FG_week16_exportin.csv
2024,16,week16,WR,Diontae,Johnson,BAL,BAL,2200,PIT@BAL,1,FG_week16_exportin.csv
2024,16,week16,WR,Collin,Johnson,CHI,CHI,2200,DET@CHI,1,FG_week16_exportin.csv
2024,16,week16,WR,Tyler,Johnson,LAR,LA,2200,LA@NYJ,1,FG_week16_exportin.csv
2024,16,week16,WR,Kameron,Johnson,TB,TB,2200,TB@DAL,1,FG_week16_exportin.csv
2024,16,week16,WR,Charlie,Jones,CIN,CIN,2200,CLE@CIN,1,FG_week16_exportin.csv
2024,16,week16,WR,Zay,Jones,ARI,ARI,2200,ARI@CAR,1,FG_week16_exportin.csv
2024,16,week16,WR,Tim,Jones,JAX,JAC,2200,JAC@LV,1,FG_week16_exportin.csv
2024,16,week16,WR,Velus,Jones Jr.,CAR,CAR,2200,ARI@CAR,1,FG_week16_exportin.csv
2024,16,week16,RB,Kyle,Juszczyk,SF,SF,2200,SF@MIA,1,FG_week16_exportin.csv
2024,16,week16,RB,Joshua,Kelley,TEN,TEN,2200,TEN@IND,1,FG_week16_exportin.csv
2024,16,week16,WR,Ramel,Keyton,LV,LV,2200,JAC@LV,1,FG_week16_exportin.csv
2024,16,week16,TE,Ko,Kieft,TB,TB,2200,TB@DAL,1,FG_week16_exportin.csv
2024,16,week16,WR,Mason,Kinsey,TEN,TEN,2200,TEN@IND,1,FG_week16_exportin.csv
2024,16,week16,TE,Dawson,Knox,BUF,BUF,2200,NE@BUF,1,FG_week16_exportin.csv
2024,16,week16,TE,Lucas,Krull,DEN,DEN,2200,DEN@LAC,1,FG_week16_exportin.csv
2024,16,week16,TE,Zack,Kuntz,NYJ,NYJ,2200,LA@NYJ,1,FG_week16_exportin.csv
2024,16,week16,RB,Dylan,Laube,LV,LV,2200,JAC@LV,1,FG_week16_exportin.csv
2024,16,week16,TE,Marcedes,Lewis,CHI,CHI,2200,DET@CHI,1,FG_week16_exportin.csv
2024,16,week16,RB,MarShawn,Lloyd,GB,GB,2200,NO@GB,1,FG_week16_exportin.csv
2024,16,week16,TE,Hunter,Long,LAR,LA,2200,LA@NYJ,1,FG_week16_exportin.csv
2024,16,week16,RB,Hunter,Luepke,DAL,DAL,2200,TB@DAL,1,FG_week16_exportin.csv
2024,16,week16,TE,Will,Mallory,IND,IND,2200,TEN@IND,1,FG_week16_exportin.csv
2024,16,week16,TE,Chris,Manhertz,NYG,NYG,2200,NYG@ATL,1,FG_week16_exportin.csv
2024,16,week16,WR,Terrace,Marshall Jr.,LV,LV,2200,JAC@LV,1,FG_week16_exportin.csv
2024,16,week16,WR,Terrace,Marshall Jr.,LV,LV,2200,ATL@LV,1,FG_week16_exportin.csv
2024,16,week16,TE,David,Martin-Robinson,TEN,TEN,2200,TEN@IND,1,FG_week16_exportin.csv
2024,16,week16,RB,Scott,Matlock,LAC,LAC,2200,DEN@LAC,1,FG_week16_exportin.csv
2024,16,week16,TE,Michael,Mayer,LV,LV,2200,JAC@LV,1,FG_week16_exportin.csv
2024,16,week16,WR,Luke,McCaffrey,WAS,WAS,2200,PHI@WAS,1,FG_week16_exportin.csv
2024,16,week16,RB,Kenny,McIntosh,SEA,SEA,2200,MIN@SEA,1,FG_week16_exportin.csv
2024,16,week16,TE,Tanner,McLachlan,CIN,CIN,2200,CLE@CIN,1,FG_week16_exportin.csv
2024,16,week16,RB,Jaleel,McLaughlin,DEN,DEN,2200,CLE@DEN,1,FG_week16_exportin.csv
2024,16,week16,RB,Jeremy,McNichols,WAS,WAS,2200,PHI@WAS,1,FG_week16_exportin.csv
2024,16,week16,WR,Bub,Means,NO,NO,2200,NO@GB,1,FG_week16_exportin.csv
2024,16,week16,WR,Bo,Melton,GB,GB,2200,NO@GB,1,FG_week16_exportin.csv
2024,16,week16,WR,John,Metchie III,HOU,HOU,2200,HOU@KC,1,FG_week16_exportin.csv
2024,16,week16,WR,Scotty,Miller,PIT,PIT,2200,PIT@BAL,1,FG_week16_exportin.csv
2024,16,week16,WR,Ryan,Miller,TB,TB,2200,TB@DAL,1,FG_week16_exportin.csv
2024,16,week16,RB,Jordan,Mims,NO,NO,2200,NO@GB,1,FG_week16_exportin.csv
2024,16,week16,WR,Jonathan,Mingo,DAL,DAL,2200,TB@DAL,1,FG_week16_exportin.csv
2024,16,week16,RB,Keaton,Mitchell,BAL,BAL,2200,PIT@BAL,1,FG_week16_exportin.csv
2024,16,week16,WR,Adonai,Mitchell,IND,IND,2200,TEN@IND,1,FG_week16_exportin.csv
2024,16,week16,WR,Skyy,Moore,KC,KC,2200,HOU@KC,1,FG_week16_exportin.csv
2024,16,week16,TE,Foster,Moreau,NO,NO,2200,NO@GB,1,FG_week16_exportin.csv
2024,16,week16,TE,Quintin,Morris,BUF,BUF,2200,NE@BUF,1,FG_week16_exportin.csv
2024,16,week16,RB,Raheem,Mostert,MIA,MIA,2200,SF@MIA,1,FG_week16_exportin.csv
2024,16,week16,TE,Johnny,Mundt,MIN,MIN,2200,MIN@SEA,1,FG_week16_exportin.csv
2024,16,week16,TE,Luke,Musgrave,GB,GB,2200,NO@GB,1,FG_week16_exportin.csv
2024,16,week16,WR,Jalen,Nailor,MIN,MIN,2200,MIN@SEA,1,FG_week16_exportin.csv
2024,16,week16,RB,Kene,Nwangwu,NYJ,NYJ,2200,LA@NYJ,1,FG_week16_exportin.csv
2024,16,week16,TE,Thomas,Odukoya,TEN,TEN,2200,TEN@IND,1,FG_week16_exportin.csv
2024,16,week16,TE,Drew,Ogletree,IND,IND,2200,TEN@IND,1,FG_week16_exportin.csv
2024,16,week16,RB,Dare,Ogunbowale,HOU,HOU,2200,HOU@KC,1,FG_week16_exportin.csv
2024,16,week16,WR,Bryce,Oliver,TEN,TEN,2200,TEN@IND,1,FG_week16_exportin.csv
2024,16,week16,WR,Gunner,Olszewski,NYG,NYG,2200,NYG@ATL,1,FG_week16_exportin.csv
2024,16,week16,WR,K.J.,Osborn,WAS,WAS,2200,PHI@WAS,1,FG_week16_exportin.csv
2024,16,week16,WR,Trey,Palmer,TB,TB,2200,TB@DAL,1,FG_week16_exportin.csv
2024,16,week16,TE,Colby,Parkinson,LAR,LA,2200,LA@NYJ,1,FG_week16_exportin.csv
2024,16,week16,WR,Zach,Pascal,ARI,ARI,2200,ARI@CAR,1,FG_week16_exportin.csv
2024,16,week16,RB,Cordarrelle,Patterson,PIT,PIT,2200,PIT@BAL,1,FG_week16_exportin.csv
2024,16,week16,WR,Ricky,Pearsall,SF,SF,2200,SF@MIA,1,FG_week16_exportin.csv
2024,16,week16,RB,Samaje,Perine,KC,KC,2200,HOU@KC,1,FG_week16_exportin.csv
2024,16,week16,WR,Dante,Pettis,NO,NO,2200,NO@GB,1,FG_week16_exportin.csv
2024,16,week16,RB,Dameon,Pierce,HOU,HOU,2200,HOU@KC,1,FG_week16_exportin.csv
2024,16,week16,WR,Ja'Lynn,Polk,NE,NE,2200,NE@BUF,1,FG_week16_exportin.csv
2024,16,week16,WR,Brandon,Powell,MIN,MIN,2200,MIN@SEA,1,FG_week16_exportin.csv
2024,16,week16,RB,Adam,Prentice,NO,NO,2200,NO@GB,1,FG_week16_exportin.csv
2024,16,week16,WR,James,Proche II,CLE,CLE,2200,CLE@CIN,1,FG_week16_exportin.csv
2024,16,week16,TE,MyCole,Pruitt,PIT,PIT,2200,PIT@BAL,1,FG_week16_exportin.csv
2024,16,week16,WR,Kalif,Raymond,DET,DET,2200,DET@CHI,1,FG_week16_exportin.csv
2024,16,week16,WR,Jalen,Reagor,LAC,LAC,2200,DEN@LAC,1,FG_week16_exportin.csv
2024,16,week16,TE,Tip,Reiman,ARI,ARI,2200,ARI@CAR,1,FG_week16_exportin.csv
2024,16,week16,WR,Nikko,Remigio,KC,KC,2200,HOU@KC,1,FG_week16_exportin.csv
2024,16,week16,RB,Craig,Reynolds,DET,DET,2200,DET@CHI,1,FG_week16_exportin.csv
2024,16,week16,WR,Josh,Reynolds,JAX,JAC,2200,JAC@LV,1,FG_week16_exportin.csv
2024,16,week16,WR,Josh,Reynolds,DEN,DEN,2200,CLE@DEN,1,FG_week16_exportin.csv
2024,16,week16,RB,Patrick,Ricard,BAL,BAL,2200,PIT@BAL,1,FG_week16_exportin.csv
2024,16,week16,WR,Brenden,Rice,LAC,LAC,2200,DEN@LAC,1,FG_week16_exportin.csv
2024,16,week16,RB,Ronnie,Rivers,LAR,LA,2200,LA@NYJ,1,FG_week16_exportin.csv
2024,16,week16,RB,Keilan,Robinson,JAX,JAC,2200,JAC@LV,1,FG_week16_exportin.csv
2024,16,week16,WR,Allen,Robinson,DET,DET,2200,DET@CHI,1,FG_week16_exportin.csv
2024,16,week16,RB,Chris,Rodriguez Jr.,WAS,WAS,2200,PHI@WAS,1,FG_week16_exportin.csv
2024,16,week16,TE,Jeremy,Ruckert,NYJ,NYJ,2200,LA@NYJ,1,FG_week16_exportin.csv
2024,16,week16,TE,Brady,Russell,SEA,SEA,2200,MIN@SEA,1,FG_week16_exportin.csv
2024,16,week16,TE,Drew,Sample,CIN,CIN,2200,CLE@CIN,1,FG_week16_exportin.csv
2024,16,week16,TE,Ja'Tavion,Sanders,CAR,CAR,2200,ARI@CAR,1,FG_week16_exportin.csv
2024,16,week16,TE,Eric,Saubert,SF,SF,2200,SF@MIA,1,FG_week16_exportin.csv
2024,16,week16,TE,Luke,Schoonmaker,DAL,DAL,2200,TB@DAL,1,FG_week16_exportin.csv
2024,16,week16,RB,Cody,Schrader,LAR,LA,2200,LA@NYJ,1,FG_week16_exportin.csv
2024,16,week16,WR,Tyler,Scott,CHI,CHI,2200,DET@CHI,1,FG_week16_exportin.csv
2024,16,week16,RB,Trey,Sermon,IND,IND,2200,TEN@IND,1,FG_week16_exportin.csv
2024,16,week16,WR,Laviska,Shenault Jr.,LAC,LAC,2200,DEN@LAC,1,FG_week16_exportin.csv
2024,16,week16,WR,Trent,Sherfield Sr.,MIN,MIN,2200,MIN@SEA,1,FG_week16_exportin.csv
2024,16,week16,RB,Will,Shipley,PHI,PHI,2200,PHI@WAS,1,FG_week16_exportin.csv
2024,16,week16,TE,Justin,Shorter,LV,LV,2200,JAC@LV,1,FG_week16_exportin.csv
2024,16,week16,TE,Ben,Sims,GB,GB,2200,NO@GB,1,FG_week16_exportin.csv
2024,16,week16,WR,Steven,Sims,HOU,HOU,2200,HOU@KC,1,FG_week16_exportin.csv
2024,16,week16,TE,Ben,Sinnott,WAS,WAS,2200,PHI@WAS,1,FG_week16_exportin.csv
2024,16,week16,WR,Ben,Skowronek,PIT,PIT,2200,PIT@BAL,1,FG_week16_exportin.csv
2024,16,week16,TE,Stone,Smartt,LAC,LAC,2200,DEN@LAC,1,FG_week16_exportin.csv
2024,16,week16,TE,Irv,Smith,HOU,HOU,2200,HOU@KC,1,FG_week16_exportin.csv
2024,16,week16,WR,Ainias,Smith,PHI,PHI,2200,PHI@WAS,1,FG_week16_exportin.csv
2024,16,week16,WR,Xavier,Smith,LAR,LA,2200,LA@NYJ,1,FG_week16_exportin.csv
2024,16,week16,WR,Brandon,Smith,NYJ,NYJ,2200,LA@NYJ,1,FG_week16_exportin.csv
2024,16,week16,WR,Ihmir,Smith-Marsette,NYG,NYG,2200,NYG@ATL,1,FG_week16_exportin.csv
2024,16,week16,WR,JuJu,Smith-Schuster,KC,KC,2200,HOU@KC,1,FG_week16_exportin.csv
2024,16,week16,TE,Durham,Smythe,MIA,MIA,2200,SF@MIA,1,FG_week16_exportin.csv
2024,16,week16,TE,Brevyn,Spann-Ford,DAL,DAL,2200,TB@DAL,1,FG_week16_exportin.csv
2024,16,week16,RB,Carson,Steele,KC,KC,2200,HOU@KC,1,FG_week16_exportin.csv
2024,16,week16,TE,Jack,Stoll,MIA,MIA,2200,SF@MIA,1,FG_week16_exportin.csv
2024,16,week16,TE,Cade,Stover,HOU,HOU,2200,HOU@KC,1,FG_week16_exportin.csv
2024,16,week16,RB,Pierre,Strong Jr.,CLE,CLE,2200,CLE@CIN,1,FG_week16_exportin.csv
2024,16,week16,RB,Patrick,Taylor Jr.,SF,SF,2200,SF@MIA,1,FG_week16_exportin.csv
2024,16,week16,TE,Ian,Thomas,CAR,CAR,2200,ARI@CAR,1,FG_week16_exportin.csv
2024,16,week16,WR,Deven,Thompkins,CAR,CAR,2200,ARI@CAR,1,FG_week16_exportin.csv
2024,16,week16,WR,Jamari,Thrash,CLE,CLE,2200,CLE@CIN,1,FG_week16_exportin.csv
2024,16,week16,WR,Mason,Tipton,NO,NO,2200,NO@GB,1,FG_week16_exportin.csv
2024,16,week16,TE,Eric,Tomlinson,LAC,LAC,2200,DEN@LAC,1,FG_week16_exportin.csv
2024,16,week16,TE,Jake,Tonges,SF,SF,2200,SF@MIA,1,FG_week16_exportin.csv
2024,16,week16,TE,Adam,Trautman,DEN,DEN,2200,DEN@LAC,1,FG_week16_exportin.csv
2024,16,week16,TE,Tommy,Tremble,CAR,CAR,2200,ARI@CAR,1,FG_week16_exportin.csv
2024,16,week16,RB,Sean,Tucker,TB,TB,2200,TB@DAL,1,FG_week16_exportin.csv
2024,16,week16,TE,C.J.,Uzomah,PHI,PHI,2200,PHI@WAS,1,FG_week16_exportin.csv
2024,16,week16,RB,Sione,Vaki,DET,DET,2200,DET@CHI,1,FG_week16_exportin.csv
2024,16,week16,TE,Nick,Vannett,TEN,TEN,2200,TEN@IND,1,FG_week16_exportin.csv
2024,16,week16,RB,Deuce,Vaughn,DAL,DAL,2200,TB@DAL,1,FG_week16_exportin.csv
2024,16,week16,RB,Kimani,Vidal,LAC,LAC,2200,DEN@LAC,1,FG_week16_exportin.csv
2024,16,week16,TE,Travis,Vokolek,ARI,ARI,2200,ARI@CAR,1,FG_week16_exportin.csv
2024,16,week16,WR,Devontez,Walker,BAL,BAL,2200,PIT@BAL,1,FG_week16_exportin.csv
2024,16,week16,WR,Tylan,Wallace,BAL,BAL,2200,PIT@BAL,1,FG_week16_exportin.csv
2024,16,week16,TE,Darnell,Washington,PIT,PIT,2200,PIT@BAL,1,FG_week16_exportin.csv
2024,16,week16,WR,Casey,Washington,ATL,ATL,2200,NYG@ATL,1,FG_week16_exportin.csv
2024,16,week16,WR,Malik,Washington,MIA,MIA,2200,SF@MIA,1,FG_week16_exportin.csv
2024,16,week16,RB,Carlos,Washington Jr.,ATL,ATL,2200,NYG@ATL,1,FG_week16_exportin.csv
2024,16,week16,WR,Justin,Watson,KC,KC,2200,HOU@KC,1,FG_week16_exportin.csv
2024,16,week16,WR,Xavier,Weaver,ARI,ARI,2200,ARI@CAR,1,FG_week16_exportin.csv
2024,16,week16,TE,Jack,Westover,NE,NE,2200,NE@BUF,1,FG_week16_exportin.csv
2024,16,week16,WR,Cody,White,SEA,SEA,2200,MIN@SEA,1,FG_week16_exportin.csv
2024,16,week16,TE,Blake,Whiteheart,CLE,CLE,2200,CLE@CIN,1,FG_week16_exportin.csv
2024,16,week16,TE,Blake,Whiteheart,CLE,CLE,2200,CLE@DEN,1,FG_week16_exportin.csv
2024,16,week16,WR,Jordan,Whittington,LAR,LA,2200,LA@NYJ,1,FG_week16_exportin.csv
2024,16,week16,TE,Josh,Whyle,TEN,TEN,2200,TEN@IND,1,FG_week16_exportin.csv
2024,16,week16,WR,Kristian,Wilkerson,LV,LV,2200,ATL@LV,1,FG_week16_exportin.csv
2024,16,week16,RB,Trayveon,Williams,CIN,CIN,2200,CLE@CIN,1,FG_week16_exportin.csv
2024,16,week16,RB,Avery,Williams,ATL,ATL,2200,NYG@ATL,1,FG_week16_exportin.csv
2024,16,week16,RB,Jamaal,Williams,NO,NO,2200,NO@GB,1,FG_week16_exportin.csv
2024,16,week16,WR,Isaiah,Williams,CIN,CIN,2200,CLE@CIN,1,FG_week16_exportin.csv
2024,16,week16,WR,Mike,Williams,PIT,PIT,2200,PIT@BAL,1,FG_week16_exportin.csv
2024,16,week16,TE,Brayden,Willis,SF,SF,2200,SF@MIA,1,FG_week16_exportin.csv
2024,16,week16,RB,Emanuel,Wilson,GB,GB,2200,NO@GB,1,FG_week16_exportin.csv
2024,16,week16,WR,Roman,Wilson,PIT,PIT,2200,PIT@BAL,1,FG_week16_exportin.csv
2024,16,week16,WR,Johnny,Wilson,PHI,PHI,2200,PHI@WAS,1,FG_week16_exportin.csv
2024,16,week16,RB,Jeff,Wilson Jr.,MIA,MIA,2200,SF@MIA,1,FG_week16_exportin.csv
2024,16,week16,WR,Cedrick,Wilson Jr.,NO,NO,2200,NO@GB,1,FG_week16_exportin.csv
2024,16,week16,TE,Charlie,Woerner,ATL,ATL,2200,NYG@ATL,1,FG_week16_exportin.csv
2024,16,week16,WR,Robert,Woods,HOU,HOU,2200,HOU@KC,1,FG_week16_exportin.csv
2024,16,week16,WR,Michael,Woods II,CLE,CLE,2200,CLE@CIN,1,FG_week16_exportin.csv
2024,16,week16,RB,Jaylen,Wright,MIA,MIA,2200,SF@MIA,1,FG_week16_exportin.csv
2024,16,week16,TE,Brock,Wright,DET,DET,2200,DET@CHI,1,FG_week16_exportin.csv
2024,16,week16,TE,Colson,Yankoff,WAS,WAS,2200,PHI@WAS,1,FG_week16_exportin.csv
2024,16,week16,TE,Kenny,Yeboah,NYJ,NYJ,2200,LA@NYJ,1,FG_week16_exportin.csv
2024,16,week16,WR,Dareke,Young,SEA,SEA,2200,MIN@SEA,1,FG_week16_exportin.csv
2024,16,week16,WR,Olamide,Zaccheaus,WAS,WAS,2200,PHI@WAS,1,FG_week16_exportin.csv
2024,16,week16,TE,Shane,Zylstra,DET,DET,2200,DET@CHI,1,FG_week16_exportin.csv
2024,17,week17,RB,Saquon,Barkley,PHI,PHI,8200,DAL@PHI,1,FG_week17_exportin.csv
2024,17,week17,WR,Ja'Marr,Chase,CIN,CIN,8200,DEN@CIN,1,FG_week17_exportin.csv
2024,17,week17,QB,Lamar,Jackson,BAL,BAL,8200,BAL@HOU,1,FG_week17_exportin.csv
2024,17,week17,QB,Josh,Allen,BUF,BUF,8000,NYJ@BUF,1,FG_week17_exportin.csv
2024,17,week17,RB,Jahmyr,Gibbs,DET,DET,8000,DET@SF,1,FG_week17_exportin.csv
2024,17,week17,WR,Justin,Jefferson,MIN,MIN,7800,GB@MIN,1,FG_week17_exportin.csv
2024,17,week17,RB,Bijan,Robinson,ATL,ATL,7800,ATL@WAS,1,FG_week17_exportin.csv
2024,17,week17,RB,De'Von,Achane,MIA,MIA,7600,MIA@CLE,1,FG_week17_exportin.csv
2024,17,week17,QB,Jayden,Daniels,WAS,WAS,7600,ATL@WAS,1,FG_week17_exportin.csv
2024,17,week17,QB,Jalen,Hurts,PHI,PHI,7600,DAL@PHI,1,FG_week17_exportin.csv
2024,17,week17,RB,Josh,Jacobs,GB,GB,7400,GB@MIN,1,FG_week17_exportin.csv
2024,17,week17,WR,Puka,Nacua,LAR,LA,7400,ARI@LA,1,FG_week17_exportin.csv
2024,17,week17,QB,Joe,Burrow,CIN,CIN,7200,DEN@CIN,1,FG_week17_exportin.csv
2024,17,week17,RB,James,Conner,ARI,ARI,7200,ARI@LA,1,FG_week17_exportin.csv
2024,17,week17,RB,Derrick,Henry,BAL,BAL,7200,BAL@HOU,1,FG_week17_exportin.csv
2024,17,week17,WR,CeeDee,Lamb,DAL,DAL,7200,DAL@PHI,1,FG_week17_exportin.csv
2024,17,week17,WR,Terry,McLaurin,WAS,WAS,7200,ATL@WAS,1,FG_week17_exportin.csv
2024,17,week17,WR,Amon-Ra,St. Brown,DET,DET,7200,DET@SF,1,FG_week17_exportin.csv
2024,17,week17,RB,Chase,Brown,CIN,CIN,7000,DEN@CIN,1,FG_week17_exportin.csv
2024,17,week17,WR,A.J.,Brown,PHI,PHI,7000,DAL@PHI,1,FG_week17_exportin.csv
2024,17,week17,WR,Mike,Evans,TB,TB,7000,CAR@TB,1,FG_week17_exportin.csv
2024,17,week17,RB,Kyren,Williams,LAR,LA,7000,ARI@LA,1,FG_week17_exportin.csv
2024,17,week17,WR,Nico,Collins,HOU,HOU,6800,BAL@HOU,1,FG_week17_exportin.csv
2024,17,week17,RB,Chuba,Hubbard,CAR,CAR,6800,CAR@TB,1,FG_week17_exportin.csv
2024,17,week17,QB,Baker,Mayfield,TB,TB,6800,CAR@TB,1,FG_week17_exportin.csv
2024,17,week17,RB,Joe,Mixon,HOU,HOU,6800,BAL@HOU,1,FG_week17_exportin.csv
2024,17,week17,WR,Brian,Thomas Jr.,JAX,JAC,6800,TEN@JAC,1,FG_week17_exportin.csv
2024,17,week17,WR,Davante,Adams,NYJ,NYJ,6600,NYJ@BUF,1,FG_week17_exportin.csv
2024,17,week17,RB,James,Cook,BUF,BUF,6600,NYJ@BUF,1,FG_week17_exportin.csv
2024,17,week17,QB,Sam,Darnold,MIN,MIN,6600,GB@MIN,1,FG_week17_exportin.csv
2024,17,week17,QB,Jared,Goff,DET,DET,6600,DET@SF,1,FG_week17_exportin.csv
2024,17,week17,WR,Jaxon,Smith-Njigba,SEA,SEA,6600,SEA@CHI,1,FG_week17_exportin.csv
2024,17,week17,RB,Jonathan,Taylor,IND,IND,6600,IND@NYG,1,FG_week17_exportin.csv
2024,17,week17,WR,Keenan,Allen,CHI,CHI,6400,SEA@CHI,1,FG_week17_exportin.csv
2024,17,week17,WR,Tee,Higgins,CIN,CIN,6400,DEN@CIN,1,FG_week17_exportin.csv
2024,17,week17,RB,Bucky,Irving,TB,TB,6400,CAR@TB,1,FG_week17_exportin.csv
2024,17,week17,QB,Kyler,Murray,ARI,ARI,6400,ARI@LA,1,FG_week17_exportin.csv
2024,17,week17,WR,Courtland,Sutton,DEN,DEN,6400,DEN@CIN,1,FG_week17_exportin.csv
2024,17,week17,RB,Breece,Hall,NYJ,NYJ,6200,NYJ@BUF,1,FG_week17_exportin.csv
2024,17,week17,RB,Alvin,Kamara,NO,NO,6200,LV@NO,1,FG_week17_exportin.csv
2024,17,week17,QB,Patrick,Mahomes,KC,KC,6200,KC@PIT,1,FG_week17_exportin.csv
2024,17,week17,RB,Kenneth,Walker III,SEA,SEA,6200,SEA@CHI,1,FG_week17_exportin.csv
2024,17,week17,WR,Jordan,Addison,MIN,MIN,6000,GB@MIN,1,FG_week17_exportin.csv
2024,17,week17,RB,Aaron,Jones Sr.,MIN,MIN,6000,GB@MIN,1,FG_week17_exportin.csv
2024,17,week17,QB,Jordan,Love,GB,GB,6000,GB@MIN,1,FG_week17_exportin.csv
2024,17,week17,WR,Ladd,McConkey,LAC,LAC,6000,LAC@NE,1,FG_week17_exportin.csv
2024,17,week17,QB,Bo,Nix,DEN,DEN,6000,DEN@CIN,1,FG_week17_exportin.csv
2024,17,week17,QB,Bo,Nix,DEN,DEN,6000,CLE@DEN,1,FG_week17_exportin.csv
2024,17,week17,QB,Anthony,Richardson,IND,IND,6000,IND@NYG,1,FG_week17_exportin.csv
2024,17,week17,RB,Rico,Dowdle,DAL,DAL,5800,DAL@PHI,1,FG_week17_exportin.csv
2024,17,week17,QB,Justin,Herbert,LAC,LAC,5800,LAC@NE,1,FG_week17_exportin.csv
2024,17,week17,WR,Tyreek,Hill,MIA,MIA,5800,MIA@CLE,1,FG_week17_exportin.csv
2024,17,week17,WR,Drake,London,ATL,ATL,5800,ATL@WAS,1,FG_week17_exportin.csv
2024,17,week17,QB,Drake,Maye,NE,NE,5800,LAC@NE,1,FG_week17_exportin.csv
2024,17,week17,WR,Malik,Nabers,NYG,NYG,5800,IND@NYG,1,FG_week17_exportin.csv
2024,17,week17,WR,George,Pickens,PIT,PIT,5800,KC@PIT,1,FG_week17_exportin.csv
2024,17,week17,RB,Rachaad,White,TB,TB,5800,CAR@TB,1,FG_week17_exportin.csv
2024,17,week17,QB,Caleb,Williams,CHI,CHI,5800,SEA@CHI,1,FG_week17_exportin.csv
2024,17,week17,WR,DJ,Moore,CHI,CHI,5600,SEA@CHI,1,FG_week17_exportin.csv
2024,17,week17,QB,Geno,Smith,SEA,SEA,5600,SEA@CHI,1,FG_week17_exportin.csv
2024,17,week17,QB,Tua,Tagovailoa,MIA,MIA,5600,MIA@CLE,1,FG_week17_exportin.csv
2024,17,week17,RB,Tyrone,Tracy Jr.,NYG,NYG,5600,IND@NYG,1,FG_week17_exportin.csv
2024,17,week17,QB,Russell,Wilson,PIT,PIT,5600,KC@PIT,1,FG_week17_exportin.csv
2024,17,week17,WR,Garrett,Wilson,NYJ,NYJ,5600,NYJ@BUF,1,FG_week17_exportin.csv
2024,17,week17,TE,Brock,Bowers,LV,LV,5400,LV@NO,1,FG_week17_exportin.csv
2024,17,week17,WR,Zay,Flowers,BAL,BAL,5400,BAL@HOU,1,FG_week17_exportin.csv
2024,17,week17,WR,Jauan,Jennings,SF,SF,5400,DET@SF,1,FG_week17_exportin.csv
2024,17,week17,WR,Jerry,Jeudy,CLE,CLE,5400,MIA@CLE,1,FG_week17_exportin.csv
2024,17,week17,WR,Jakobi,Meyers,LV,LV,5400,LV@NO,1,FG_week17_exportin.csv
2024,17,week17,QB,Brock,Purdy,SF,SF,5400,DET@SF,1,FG_week17_exportin.csv
2024,17,week17,QB,Aaron,Rodgers,NYJ,NYJ,5400,NYJ@BUF,1,FG_week17_exportin.csv
2024,17,week17,WR,DeVonta,Smith,PHI,PHI,5400,DAL@PHI,1,FG_week17_exportin.csv
2024,17,week17,WR,Jameson,Williams,DET,DET,5400,DET@SF,1,FG_week17_exportin.csv
2024,17,week17,QB,Bryce,Young,CAR,CAR,5400,CAR@TB,1,FG_week17_exportin.csv
2024,17,week17,WR,Josh,Downs,IND,IND,5200,IND@NYG,1,FG_week17_exportin.csv
2024,17,week17,RB,Jerome,Ford,CLE,CLE,5200,MIA@CLE,1,FG_week17_exportin.csv
2024,17,week17,RB,Najee,Harris,PIT,PIT,5200,KC@PIT,1,FG_week17_exportin.csv
2024,17,week17,TE,George,Kittle,SF,SF,5200,DET@SF,1,FG_week17_exportin.csv
2024,17,week17,RB,Brian,Robinson Jr.,WAS,WAS,5200,ATL@WAS,1,FG_week17_exportin.csv
2024,17,week17,QB,Mason,Rudolph,TEN,TEN,5200,TEN@JAC,1,FG_week17_exportin.csv
2024,17,week17,WR,Khalil,Shakir,BUF,BUF,5200,NYJ@BUF,1,FG_week17_exportin.csv
2024,17,week17,QB,C.J.,Stroud,HOU,HOU,5200,BAL@HOU,1,FG_week17_exportin.csv
2024,17,week17,WR,Adam,Thielen,CAR,CAR,5200,CAR@TB,1,FG_week17_exportin.csv
2024,17,week17,QB,Derek,Carr,NO,NO,5000,LV@NO,1,FG_week17_exportin.csv
2024,17,week17,WR,Jalen,McMillan,TB,TB,5000,CAR@TB,1,FG_week17_exportin.csv
2024,17,week17,WR,Calvin,Ridley,TEN,TEN,5000,TEN@JAC,1,FG_week17_exportin.csv
2024,17,week17,QB,Cooper,Rush,DAL,DAL,5000,DAL@PHI,1,FG_week17_exportin.csv
2024,17,week17,TE,Jonnu,Smith,MIA,MIA,5000,MIA@CLE,1,FG_week17_exportin.csv
2024,17,week17,QB,Matthew,Stafford,LAR,LA,5000,ARI@LA,1,FG_week17_exportin.csv
2024,17,week17,RB,Rhamondre,Stevenson,NE,NE,5000,LAC@NE,1,FG_week17_exportin.csv
2024,17,week17,RB,D'Andre,Swift,CHI,CHI,5000,SEA@CHI,1,FG_week17_exportin.csv
2024,17,week17,RB,Isaac,Guerendo,SF,SF,4800,DET@SF,1,FG_week17_exportin.csv
2024,17,week17,QB,Mac,Jones,JAX,JAC,4800,TEN@JAC,1,FG_week17_exportin.csv
2024,17,week17,WR,Cooper,Kupp,LAR,LA,4800,ARI@LA,1,FG_week17_exportin.csv
2024,17,week17,QB,Drew,Lock,NYG,NYG,4800,IND@NYG,1,FG_week17_exportin.csv
2024,17,week17,TE,Trey,McBride,ARI,ARI,4800,ARI@LA,1,FG_week17_exportin.csv
2024,17,week17,WR,DK,Metcalf,SEA,SEA,4800,SEA@CHI,1,FG_week17_exportin.csv
2024,17,week17,RB,Tony,Pollard,TEN,TEN,4800,TEN@JAC,1,FG_week17_exportin.csv
2024,17,week17,WR,Jaylen,Waddle,MIA,MIA,4800,MIA@CLE,1,FG_week17_exportin.csv
2024,17,week17,WR,Rashod,Bateman,BAL,BAL,4600,BAL@HOU,1,FG_week17_exportin.csv
2024,17,week17,QB,Aidan,O'Connell,LV,LV,4600,LV@NO,1,FG_week17_exportin.csv
2024,17,week17,WR,Chris,Olave,NO,NO,4600,NO@GB,1,FG_week17_exportin.csv
2024,17,week17,RB,Isiah,Pacheco,KC,KC,4600,KC@PIT,1,FG_week17_exportin.csv
2024,17,week17,QB,Spencer,Rattler,NO,NO,4600,LV@NO,1,FG_week17_exportin.csv
2024,17,week17,WR,Xavier,Worthy,KC,KC,4600,KC@PIT,1,FG_week17_exportin.csv
2024,17,week17,TE,Mark,Andrews,BAL,BAL,4400,BAL@HOU,1,FG_week17_exportin.csv
2024,17,week17,WR,Marvin,Harrison Jr.,ARI,ARI,4400,ARI@LA,1,FG_week17_exportin.csv
2024,17,week17,WR,DeAndre,Hopkins,KC,KC,4400,KC@PIT,1,FG_week17_exportin.csv
2024,17,week17,WR,Darnell,Mooney,ATL,ATL,4400,ATL@WAS,1,FG_week17_exportin.csv
2024,17,week17,TE,David,Njoku,CLE,CLE,4400,MIA@CLE,1,FG_week17_exportin.csv
2024,17,week17,WR,Deebo,Samuel Sr.,SF,SF,4400,DET@SF,1,FG_week17_exportin.csv
2024,17,week17,RB,Tyjae,Spears,TEN,TEN,4400,TEN@JAC,1,FG_week17_exportin.csv
2024,17,week17,QB,Kyle,Allen,PIT,PIT,4200,KC@PIT,1,FG_week17_exportin.csv
2024,17,week17,QB,Brandon,Allen,SF,SF,4200,DET@SF,1,FG_week17_exportin.csv
2024,17,week17,QB,Tyson,Bagent,CHI,CHI,4200,SEA@CHI,1,FG_week17_exportin.csv
2024,17,week17,QB,C.J.,Beathard,JAX,JAC,4200,TEN@JAC,1,FG_week17_exportin.csv
2024,17,week17,QB,Stetson,Bennett,LAR,LA,4200,ARI@LA,1,FG_week17_exportin.csv
2024,17,week17,RB,Tank,Bigsby,JAX,JAC,4200,TEN@JAC,1,FG_week17_exportin.csv
2024,17,week17,QB,Tim,Boyle,NYG,NYG,4200,IND@NYG,1,FG_week17_exportin.csv
2024,17,week17,QB,Carter,Bradley,LV,LV,4200,LV@NO,1,FG_week17_exportin.csv
2024,17,week17,QB,Jacoby,Brissett,NE,NE,4200,LAC@NE,1,FG_week17_exportin.csv
2024,17,week17,QB,Jake,Browning,CIN,CIN,4200,DEN@CIN,1,FG_week17_exportin.csv
2024,17,week17,RB,Zach,Charbonnet,SEA,SEA,4200,SEA@CHI,1,FG_week17_exportin.csv
2024,17,week17,QB,Kirk,Cousins,ATL,ATL,4200,ATL@WAS,1,FG_week17_exportin.csv
2024,17,week17,QB,Andy,Dalton,CAR,CAR,4200,CAR@TB,1,FG_week17_exportin.csv
2024,17,week17,QB,Tommy,DeVito,NYG,NYG,4200,IND@NYG,1,FG_week17_exportin.csv
2024,17,week17,RB,J.K.,Dobbins,LAC,LAC,4200,LAC@NE,1,FG_week17_exportin.csv
2024,17,week17,QB,Joshua,Dobbs,SF,SF,4200,DET@SF,1,FG_week17_exportin.csv
2024,17,week17,QB,Jeff,Driskel,WAS,WAS,4200,ATL@WAS,1,FG_week17_exportin.csv
2024,17,week17,QB,Sam,Ehlinger,IND,IND,4200,IND@NYG,1,FG_week17_exportin.csv
2024,17,week17,QB,Justin,Fields,PIT,PIT,4200,KC@PIT,1,FG_week17_exportin.csv
2024,17,week17,QB,Joe,Flacco,IND,IND,4200,IND@NYG,1,FG_week17_exportin.csv
2024,17,week17,QB,Jimmy,Garoppolo,LAR,LA,4200,ARI@LA,1,FG_week17_exportin.csv
2024,17,week17,QB,Jake,Haener,NO,NO,4200,LV@NO,1,FG_week17_exportin.csv
2024,17,week17,QB,Jaren,Hall,SEA,SEA,4200,SEA@CHI,1,FG_week17_exportin.csv
2024,17,week17,QB,Taylor,Heinicke,LAC,LAC,4200,LAC@NE,1,FG_week17_exportin.csv
2024,17,week17,QB,Hendon,Hooker,DET,DET,4200,DET@SF,1,FG_week17_exportin.csv
2024,17,week17,QB,Sam,Howell,SEA,SEA,4200,SEA@CHI,1,FG_week17_exportin.csv
2024,17,week17,QB,Tyler,Huntley,MIA,MIA,4200,MIA@CLE,1,FG_week17_exportin.csv
2024,17,week17,QB,Josh,Johnson,BAL,BAL,4200,BAL@HOU,1,FG_week17_exportin.csv
2024,17,week17,TE,Sam,LaPorta,DET,DET,4200,DET@SF,1,FG_week17_exportin.csv
2024,17,week17,QB,Trey,Lance,DAL,DAL,4200,DAL@PHI,1,FG_week17_exportin.csv
2024,17,week17,QB,Will,Levis,TEN,TEN,4200,TEN@JAC,1,FG_week17_exportin.csv
2024,17,week17,QB,Marcus,Mariota,WAS,WAS,4200,ATL@WAS,1,FG_week17_exportin.csv
2024,17,week17,RB,Alexander,Mattison,LV,LV,4200,LV@NO,1,FG_week17_exportin.csv
2024,17,week17,QB,Tanner,McKee,PHI,PHI,4200,DAL@PHI,1,FG_week17_exportin.csv
2024,17,week17,QB,Davis,Mills,HOU,HOU,4200,BAL@HOU,1,FG_week17_exportin.csv
2024,17,week17,QB,Joe,Milton III,NE,NE,4200,LAC@NE,1,FG_week17_exportin.csv
2024,17,week17,QB,Nick,Mullens,MIN,MIN,4200,GB@MIN,1,FG_week17_exportin.csv
2024,17,week17,WR,Rome,Odunze,CHI,CHI,4200,SEA@CHI,1,FG_week17_exportin.csv
2024,17,week17,WR,Chris,Olave,NO,NO,4200,LV@NO,1,FG_week17_exportin.csv
2024,17,week17,QB,Michael,Penix Jr.,ATL,ATL,4200,ATL@WAS,1,FG_week17_exportin.csv
2024,17,week17,QB,Kenny,Pickett,PHI,PHI,4200,DAL@PHI,1,FG_week17_exportin.csv
2024,17,week17,QB,Desmond,Ridder,LV,LV,4200,LV@NO,1,FG_week17_exportin.csv
2024,17,week17,QB,Brett,Rypien,MIN,MIN,4200,GB@MIN,1,FG_week17_exportin.csv
2024,17,week17,QB,Easton,Stick,LAC,LAC,4200,LAC@NE,1,FG_week17_exportin.csv
2024,17,week17,QB,Jarrett,Stidham,DEN,DEN,4200,DEN@CIN,1,FG_week17_exportin.csv
2024,17,week17,QB,Tyrod,Taylor,NYJ,NYJ,4200,NYJ@BUF,1,FG_week17_exportin.csv
2024,17,week17,QB,Dorian,Thompson-Robinson,CLE,CLE,4200,MIA@CLE,1,FG_week17_exportin.csv
2024,17,week17,QB,Kyle,Trask,TB,TB,4200,CAR@TB,1,FG_week17_exportin.csv
2024,17,week17,QB,Mitchell,Trubisky,BUF,BUF,4200,NYJ@BUF,1,FG_week17_exportin.csv
2024,17,week17,QB,Clayton,Tune,ARI,ARI,4200,ARI@LA,1,FG_week17_exportin.csv
2024,17,week17,RB,Jaylen,Warren,PIT,PIT,4200,KC@PIT,1,FG_week17_exportin.csv
2024,17,week17,QB,Carson,Wentz,KC,KC,4200,KC@PIT,1,FG_week17_exportin.csv
2024,17,week17,QB,Malik,Willis,GB,GB,4200,GB@MIN,1,FG_week17_exportin.csv
2024,17,week17,QB,Zach,Wilson,DEN,DEN,4200,DEN@CIN,1,FG_week17_exportin.csv
2024,17,week17,QB,Jameis,Winston,CLE,CLE,4200,MIA@CLE,1,FG_week17_exportin.csv
2024,17,week17,QB,Logan,Woodside,CIN,CIN,4200,DEN@CIN,1,FG_week17_exportin.csv
2024,17,week17,QB,Bailey,Zappe,CLE,CLE,4200,MIA@CLE,1,FG_week17_exportin.csv
2024,17,week17,WR,Romeo,Doubs,GB,GB,4000,GB@MIN,1,FG_week17_exportin.csv
2024,17,week17,WR,Quentin,Johnston,LAC,LAC,4000,LAC@NE,1,FG_week17_exportin.csv
2024,17,week17,TE,Travis,Kelce,KC,KC,4000,KC@PIT,1,FG_week17_exportin.csv
2024,17,week17,WR,Jayden,Reed,GB,GB,4000,GB@MIN,1,FG_week17_exportin.csv
2024,17,week17,WR,Marquez,Valdes-Scantling,NO,NO,4000,LV@NO,1,FG_week17_exportin.csv
2024,17,week17,WR,Devaughn,Vele,DEN,DEN,4000,CLE@DEN,1,FG_week17_exportin.csv
2024,17,week17,RB,Ameer,Abdullah,LV,LV,3800,LV@NO,1,FG_week17_exportin.csv
2024,17,week17,WR,Hollywood,Brown,KC,KC,3800,KC@PIT,1,FG_week17_exportin.csv
2024,17,week17,WR,Jalen,Coker,CAR,CAR,3800,CAR@TB,1,FG_week17_exportin.csv
2024,17,week17,RB,Austin,Ekeler,WAS,WAS,3800,ATL@WAS,1,FG_week17_exportin.csv
2024,17,week17,RB,Kareem,Hunt,KC,KC,3800,KC@PIT,1,FG_week17_exportin.csv
2024,17,week17,TE,Tucker,Kraft,GB,GB,3800,GB@MIN,1,FG_week17_exportin.csv
2024,17,week17,WR,Michael,Pittman Jr.,IND,IND,3800,IND@NYG,1,FG_week17_exportin.csv
2024,17,week17,WR,Cedric,Tillman,CLE,CLE,3800,MIA@CLE,1,FG_week17_exportin.csv
2024,17,week17,WR,Parker,Washington,JAX,JAC,3800,TEN@JAC,1,FG_week17_exportin.csv
2024,17,week17,WR,Nick,Westbrook-Ikhine,TEN,TEN,3800,TEN@JAC,1,FG_week17_exportin.csv
2024,17,week17,WR,Kayshon,Boutte,NE,NE,3600,LAC@NE,1,FG_week17_exportin.csv
2024,17,week17,WR,Keon,Coleman,BUF,BUF,3600,NYJ@BUF,1,FG_week17_exportin.csv
2024,17,week17,WR,DeMario,Douglas,NE,NE,3600,LAC@NE,1,FG_week17_exportin.csv
2024,17,week17,RB,Gus,Edwards,LAC,LAC,3600,LAC@NE,1,FG_week17_exportin.csv
2024,17,week17,RB,Travis,Etienne Jr.,JAX,JAC,3600,TEN@JAC,1,FG_week17_exportin.csv
2024,17,week17,TE,Hunter,Henry,NE,NE,3600,LAC@NE,1,FG_week17_exportin.csv
2024,17,week17,WR,Xavier,Legette,CAR,CAR,3600,CAR@TB,1,FG_week17_exportin.csv
2024,17,week17,WR,Tim,Patrick,DET,DET,3600,DET@SF,1,FG_week17_exportin.csv
2024,17,week17,RB,Javonte,Williams,DEN,DEN,3600,DEN@CIN,1,FG_week17_exportin.csv
2024,17,week17,WR,Calvin,Austin III,PIT,PIT,3400,KC@PIT,1,FG_week17_exportin.csv
2024,17,week17,DEF,Denver,Broncos,DEN,DEN,3400,CLE@DEN,1,FG_week17_exportin.csv
2024,17,week17,WR,Amari,Cooper,BUF,BUF,3400,NYJ@BUF,1,FG_week17_exportin.csv
2024,17,week17,TE,Zach,Ertz,WAS,WAS,3400,ATL@WAS,1,FG_week17_exportin.csv
2024,17,week17,TE,Pat,Freiermuth,PIT,PIT,3400,KC@PIT,1,FG_week17_exportin.csv
2024,17,week17,TE,Dallas,Goedert,PHI,PHI,3400,DAL@PHI,1,FG_week17_exportin.csv
2024,17,week17,WR,Ray-Ray,McCloud,ATL,ATL,3400,ATL@WAS,1,FG_week17_exportin.csv
2024,17,week17,RB,David,Montgomery,DET,DET,3400,DET@SF,1,FG_week17_exportin.csv
2024,17,week17,WR,Alec,Pierce,IND,IND,3400,IND@NYG,1,FG_week17_exportin.csv
2024,17,week17,WR,Christian,Watson,GB,GB,3400,GB@MIN,1,FG_week17_exportin.csv
2024,17,week17,WR,Brandin,Cooks,DAL,DAL,3200,DAL@PHI,1,FG_week17_exportin.csv
2024,17,week17,RB,Justice,Hill,BAL,BAL,3200,BAL@HOU,1,FG_week17_exportin.csv
2024,17,week17,TE,T.J.,Hockenson,MIN,MIN,3200,GB@MIN,1,FG_week17_exportin.csv
2024,17,week17,WR,Andrei,Iosivas,CIN,CIN,3200,DEN@CIN,1,FG_week17_exportin.csv
2024,17,week17,TE,Dalton,Kincaid,BUF,BUF,3200,NYJ@BUF,1,FG_week17_exportin.csv
2024,17,week17,RB,Jordan,Mason,SF,SF,3200,DET@SF,1,FG_week17_exportin.csv
2024,17,week17,TE,Cade,Otton,TB,TB,3200,CAR@TB,1,FG_week17_exportin.csv
2024,17,week17,WR,Joshua,Palmer,LAC,LAC,3200,LAC@NE,1,FG_week17_exportin.csv
2024,17,week17,WR,Wan'Dale,Robinson,NYG,NYG,3200,IND@NYG,1,FG_week17_exportin.csv
2024,17,week17,TE,Dalton,Schultz,HOU,HOU,3200,BAL@HOU,1,FG_week17_exportin.csv
2024,17,week17,WR,Michael,Wilson,ARI,ARI,3200,ARI@LA,1,FG_week17_exportin.csv
2024,17,week17,WR,Kendrick,Bourne,NE,NE,3000,LAC@NE,1,FG_week17_exportin.csv
2024,17,week17,TE,Juwan,Johnson,NO,NO,3000,LV@NO,1,FG_week17_exportin.csv
2024,17,week17,WR,Marvin,Mims Jr.,DEN,DEN,3000,DEN@CIN,1,FG_week17_exportin.csv
2024,17,week17,WR,David,Moore,CAR,CAR,3000,CAR@TB,1,FG_week17_exportin.csv
2024,17,week17,TE,Chig,Okonkwo,TEN,TEN,3000,TEN@JAC,1,FG_week17_exportin.csv
2024,17,week17,WR,Sterling,Shepard,TB,TB,3000,CAR@TB,1,FG_week17_exportin.csv
2024,17,week17,RB,Tyler,Allgeier,ATL,ATL,2800,ATL@WAS,1,FG_week17_exportin.csv
2024,17,week17,RB,Ray,Davis,BUF,BUF,2800,NYJ@BUF,1,FG_week17_exportin.csv
2024,17,week17,TE,Will,Dissly,LAC,LAC,2800,LAC@NE,1,FG_week17_exportin.csv
2024,17,week17,TE,Austin,Hooper,NE,NE,2800,LAC@NE,1,FG_week17_exportin.csv
2024,17,week17,RB,Ty,Johnson,BUF,BUF,2800,NYJ@BUF,1,FG_week17_exportin.csv
2024,17,week17,WR,Allen,Lazard,NYJ,NYJ,2800,NYJ@BUF,1,FG_week17_exportin.csv
2024,17,week17,TE,Isaiah,Likely,BAL,BAL,2800,BAL@HOU,1,FG_week17_exportin.csv
2024,17,week17,RB,Kendre,Miller,NO,NO,2800,LV@NO,1,FG_week17_exportin.csv
2024,17,week17,WR,Elijah,Moore,CLE,CLE,2800,MIA@CLE,1,FG_week17_exportin.csv
2024,17,week17,WR,Tre,Tucker,LV,LV,2800,LV@NO,1,FG_week17_exportin.csv
2024,17,week17,WR,Devaughn,Vele,DEN,DEN,2800,DEN@CIN,1,FG_week17_exportin.csv
2024,17,week17,WR,Olamide,Zaccheaus,WAS,WAS,2800,ATL@WAS,1,FG_week17_exportin.csv
2024,17,week17,WR,Dyami,Brown,WAS,WAS,2600,ATL@WAS,1,FG_week17_exportin.csv
2024,17,week17,DEF,Cleveland,Browns,CLE,CLE,2600,CLE@DEN,1,FG_week17_exportin.csv
2024,17,week17,TE,Noah,Gray,KC,KC,2600,KC@PIT,1,FG_week17_exportin.csv
2024,17,week17,WR,Mack,Hollins,BUF,BUF,2600,NYJ@BUF,1,FG_week17_exportin.csv
2024,17,week17,RB,Jaleel,McLaughlin,DEN,DEN,2600,DEN@CIN,1,FG_week17_exportin.csv
2024,17,week17,WR,Demarcus,Robinson,LAR,LA,2600,ARI@LA,1,FG_week17_exportin.csv
2024,17,week17,RB,Miles,Sanders,CAR,CAR,2600,CAR@TB,1,FG_week17_exportin.csv
2024,17,week17,TE,Brenton,Strange,JAX,JAC,2600,TEN@JAC,1,FG_week17_exportin.csv
2024,17,week17,WR,Jalen,Tolbert,DAL,DAL,2600,DAL@PHI,1,FG_week17_exportin.csv
2024,17,week17,RB,Michael,Carter,ARI,ARI,2400,ARI@LA,1,FG_week17_exportin.csv
2024,17,week17,WR,Tank,Dell,HOU,HOU,2400,BAL@HOU,1,FG_week17_exportin.csv
2024,17,week17,TE,Noah,Fant,SEA,SEA,2400,SEA@CHI,1,FG_week17_exportin.csv
2024,17,week17,TE,Jake,Ferguson,DAL,DAL,2400,DAL@PHI,1,FG_week17_exportin.csv
2024,17,week17,RB,Antonio,Gibson,NE,NE,2400,LAC@NE,1,FG_week17_exportin.csv
2024,17,week17,RB,Roschon,Johnson,CHI,CHI,2400,SEA@CHI,1,FG_week17_exportin.csv
2024,17,week17,WR,Tyler,Lockett,SEA,SEA,2400,SEA@CHI,1,FG_week17_exportin.csv
2024,17,week17,RB,Raheem,Mostert,MIA,MIA,2400,MIA@CLE,1,FG_week17_exportin.csv
2024,17,week17,WR,KaVontae,Turpin,DAL,DAL,2400,DAL@PHI,1,FG_week17_exportin.csv
2024,17,week17,RB,Kimani,Vidal,LAC,LAC,2400,LAC@NE,1,FG_week17_exportin.csv
2024,17,week17,WR,Dontayvion,Wicks,GB,GB,2400,GB@MIN,1,FG_week17_exportin.csv
2024,17,week17,RB,Israel,Abanikanda,SF,SF,2200,DET@SF,1,FG_week17_exportin.csv
2024,17,week17,TE,Nate,Adkins,DEN,DEN,2200,DEN@CIN,1,FG_week17_exportin.csv
2024,17,week17,TE,Nate,Adkins,DEN,DEN,2200,CLE@DEN,1,FG_week17_exportin.csv
2024,17,week17,WR,Nelson,Agholor,BAL,BAL,2200,BAL@HOU,1,FG_week17_exportin.csv
2024,17,week17,RB,Cam,Akers,MIN,MIN,2200,GB@MIN,1,FG_week17_exportin.csv
2024,17,week17,TE,Jordan,Akins,CLE,CLE,2200,MIA@CLE,1,FG_week17_exportin.csv
2024,17,week17,RB,Rasheen,Ali,BAL,BAL,2200,BAL@HOU,1,FG_week17_exportin.csv
2024,17,week17,TE,Mo,Alie-Cox,IND,IND,2200,IND@NYG,1,FG_week17_exportin.csv
2024,17,week17,RB,Braelon,Allen,NYJ,NYJ,2200,NYJ@BUF,1,FG_week17_exportin.csv
2024,17,week17,TE,Davis,Allen,LAR,LA,2200,ARI@LA,1,FG_week17_exportin.csv
2024,17,week17,WR,Tutu,Atwell,LAR,LA,2200,ARI@LA,1,FG_week17_exportin.csv
2024,17,week17,WR,Kevin,Austin Jr.,NO,NO,2200,LV@NO,1,FG_week17_exportin.csv
2024,17,week17,RB,Tyler,Badie,DEN,DEN,2200,DEN@CIN,1,FG_week17_exportin.csv
2024,17,week17,RB,Tyler,Badie,DEN,DEN,2200,CLE@DEN,1,FG_week17_exportin.csv
2024,17,week17,WR,Javon,Baker,NE,NE,2200,LAC@NE,1,FG_week17_exportin.csv
2024,17,week17,TE,AJ,Barner,SEA,SEA,2200,SEA@CHI,1,FG_week17_exportin.csv
2024,17,week17,TE,John,Bates,WAS,WAS,2200,ATL@WAS,1,FG_week17_exportin.csv
2024,17,week17,TE,Brenden,Bates,CLE,CLE,2200,MIA@CLE,1,FG_week17_exportin.csv
2024,17,week17,TE,Jaheim,Bell,NE,NE,2200,LAC@NE,1,FG_week17_exportin.csv
2024,17,week17,TE,Daniel,Bellinger,NYG,NYG,2200,IND@NYG,1,FG_week17_exportin.csv
2024,17,week17,RB,Trey,Benson,ARI,ARI,2200,ARI@LA,1,FG_week17_exportin.csv
2024,17,week17,RB,Raheem,Blackshear,CAR,CAR,2200,CAR@TB,1,FG_week17_exportin.csv
2024,17,week17,WR,Chris,Blair,ATL,ATL,2200,ATL@WAS,1,FG_week17_exportin.csv
2024,17,week17,WR,Chris,Blair,ATL,ATL,2200,ATL@LV,1,FG_week17_exportin.csv
2024,17,week17,RB,Khari,Blasingame,PHI,PHI,2200,DAL@PHI,1,FG_week17_exportin.csv
2024,17,week17,WR,Jake,Bobo,SEA,SEA,2200,SEA@CHI,1,FG_week17_exportin.csv
2024,17,week17,RB,Mike,Boone,CAR,CAR,2200,CAR@TB,1,FG_week17_exportin.csv
2024,17,week17,WR,Tyler,Boyd,TEN,TEN,2200,TEN@JAC,1,FG_week17_exportin.csv
2024,17,week17,RB,Chris,Brooks,GB,GB,2200,GB@MIN,1,FG_week17_exportin.csv
2024,17,week17,WR,Jalen,Brooks,DAL,DAL,2200,DAL@PHI,1,FG_week17_exportin.csv
2024,17,week17,TE,Pharaoh,Brown,SEA,SEA,2200,SEA@CHI,1,FG_week17_exportin.csv
2024,17,week17,TE,Harrison,Bryant,LV,LV,2200,LV@NO,1,FG_week17_exportin.csv
2024,17,week17,RB,Robert,Burns,ATL,ATL,2200,ATL@WAS,1,FG_week17_exportin.csv
2024,17,week17,RB,Michael,Burton,DEN,DEN,2200,DEN@CIN,1,FG_week17_exportin.csv
2024,17,week17,WR,Jermaine,Burton,CIN,CIN,2200,DEN@CIN,1,FG_week17_exportin.csv
2024,17,week17,RB,Michael,Burton,DEN,DEN,2200,CLE@DEN,1,FG_week17_exportin.csv
2024,17,week17,TE,Grant,Calcaterra,PHI,PHI,2200,DAL@PHI,1,FG_week17_exportin.csv
2024,17,week17,TE,Stephen,Carlson,CHI,CHI,2200,SEA@CHI,1,FG_week17_exportin.csv
2024,17,week17,RB,Ty,Chandler,MIN,MIN,2200,GB@MIN,1,FG_week17_exportin.csv
2024,17,week17,WR,DJ,Chark Jr.,LAC,LAC,2200,LAC@NE,1,FG_week17_exportin.csv
2024,17,week17,RB,Julius,Chestnut,TEN,TEN,2200,TEN@JAC,1,FG_week17_exportin.csv
2024,17,week17,WR,Dan,Chisena,CAR,CAR,2200,CAR@TB,1,FG_week17_exportin.csv
2024,17,week17,RB,Chris,Collier,LV,LV,2200,LV@NO,1,FG_week17_exportin.csv
2024,17,week17,TE,Tyler,Conklin,NYJ,NYJ,2200,NYJ@BUF,1,FG_week17_exportin.csv
2024,17,week17,WR,Chris,Conley,SF,SF,2200,DET@SF,1,FG_week17_exportin.csv
2024,17,week17,TE,Tanner,Conner,MIA,MIA,2200,MIA@CLE,1,FG_week17_exportin.csv
2024,17,week17,WR,Malachi,Corley,NYJ,NYJ,2200,NYJ@BUF,1,FG_week17_exportin.csv
2024,17,week17,RB,Blake,Corum,LAR,LA,2200,ARI@LA,1,FG_week17_exportin.csv
2024,17,week17,WR,Britain,Covey,PHI,PHI,2200,DAL@PHI,1,FG_week17_exportin.csv
2024,17,week17,WR,Jacob,Cowing,SF,SF,2200,DET@SF,1,FG_week17_exportin.csv
2024,17,week17,WR,River,Cracraft,MIA,MIA,2200,MIA@CLE,1,FG_week17_exportin.csv
2024,17,week17,WR,Jamison,Crowder,WAS,WAS,2200,ATL@WAS,1,FG_week17_exportin.csv
2024,17,week17,TE,Devin,Culp,TB,TB,2200,CAR@TB,1,FG_week17_exportin.csv
2024,17,week17,RB,DeeJay,Dallas,ARI,ARI,2200,ARI@LA,1,FG_week17_exportin.csv
2024,17,week17,WR,Jaelon,Darden,SEA,SEA,2200,SEA@CHI,1,FG_week17_exportin.csv
2024,17,week17,RB,Isaiah,Davis,NYJ,NYJ,2200,NYJ@BUF,1,FG_week17_exportin.csv
2024,17,week17,WR,Derius,Davis,LAC,LAC,2200,LAC@NE,1,FG_week17_exportin.csv
2024,17,week17,TE,Josiah,Deguara,JAX,JAC,2200,TEN@JAC,1,FG_week17_exportin.csv
2024,17,week17,WR,Greg,Dortch,ARI,ARI,2200,ARI@LA,1,FG_week17_exportin.csv
2024,17,week17,WR,Jahan,Dotson,PHI,PHI,2200,DAL@PHI,1,FG_week17_exportin.csv
2024,17,week17,WR,Colton,Dowell,TEN,TEN,2200,TEN@JAC,1,FG_week17_exportin.csv
2024,17,week17,WR,Dylan,Drummond,ATL,ATL,2200,ATL@WAS,1,FG_week17_exportin.csv
2024,17,week17,TE,Greg,Dulcich,NYG,NYG,2200,IND@NYG,1,FG_week17_exportin.csv
2024,17,week17,WR,Ashton,Dulin,IND,IND,2200,IND@NYG,1,FG_week17_exportin.csv
2024,17,week17,TE,Payne,Durham,TB,TB,2200,CAR@TB,1,FG_week17_exportin.csv
2024,17,week17,WR,Devin,Duvernay,JAX,JAC,2200,TEN@JAC,1,FG_week17_exportin.csv
2024,17,week17,TE,Ross,Dwelley,ATL,ATL,2200,ATL@WAS,1,FG_week17_exportin.csv
2024,17,week17,RB,Ezekiel,Elliott,DAL,DAL,2200,DAL@PHI,1,FG_week17_exportin.csv
2024,17,week17,WR,Alex,Erickson,NE,NE,2200,LAC@NE,1,FG_week17_exportin.csv
2024,17,week17,WR,Dee,Eskridge,MIA,MIA,2200,MIA@CLE,1,FG_week17_exportin.csv
2024,17,week17,RB,Audric,Estime,DEN,DEN,2200,DEN@CIN,1,FG_week17_exportin.csv
2024,17,week17,RB,Audric,Estime,DEN,DEN,2200,CLE@DEN,1,FG_week17_exportin.csv
2024,17,week17,RB,Darrynton,Evans,CHI,CHI,2200,SEA@CHI,1,FG_week17_exportin.csv
2024,17,week17,TE,Gerald,Everett,CHI,CHI,2200,SEA@CHI,1,FG_week17_exportin.csv
2024,17,week17,WR,Erik,Ezukanma,MIA,MIA,2200,MIA@CLE,1,FG_week17_exportin.csv
2024,17,week17,TE,Princeton,Fant,DAL,DAL,2200,DAL@PHI,1,FG_week17_exportin.csv
2024,17,week17,TE,Luke,Farrell,JAX,JAC,2200,TEN@JAC,1,FG_week17_exportin.csv
2024,17,week17,WR,Simi,Fehoko,LAC,LAC,2200,LAC@NE,1,FG_week17_exportin.csv
2024,17,week17,TE,Tucker,Fisk,LAC,LAC,2200,LAC@NE,1,FG_week17_exportin.csv
2024,17,week17,TE,John,FitzPatrick,GB,GB,2200,GB@MIN,1,FG_week17_exportin.csv
2024,17,week17,WR,Ryan,Flournoy,DAL,DAL,2200,DAL@PHI,1,FG_week17_exportin.csv
2024,17,week17,WR,Bryce,Ford-Wheaton,NYG,NYG,2200,IND@NYG,1,FG_week17_exportin.csv
2024,17,week17,RB,D'Onta,Foreman,CLE,CLE,2200,MIA@CLE,1,FG_week17_exportin.csv
2024,17,week17,WR,Troy,Franklin,DEN,DEN,2200,DEN@CIN,1,FG_week17_exportin.csv
2024,17,week17,WR,Troy,Franklin,DEN,DEN,2200,CLE@DEN,1,FG_week17_exportin.csv
2024,17,week17,TE,Feleipe,Franks,CAR,CAR,2200,CAR@TB,1,FG_week17_exportin.csv
2024,17,week17,RB,Kenneth,Gainwell,PHI,PHI,2200,DAL@PHI,1,FG_week17_exportin.csv
2024,17,week17,TE,Mike,Gesicki,CIN,CIN,2200,DEN@CIN,1,FG_week17_exportin.csv
2024,17,week17,RB,Reggie,Gilliam,BUF,BUF,2200,NYJ@BUF,1,FG_week17_exportin.csv
2024,17,week17,WR,Xavier,Gipson,NYJ,NYJ,2200,NYJ@BUF,1,FG_week17_exportin.csv
2024,17,week17,RB,Tyler,Goodson,IND,IND,2200,IND@NYG,1,FG_week17_exportin.csv
2024,17,week17,WR,Anthony,Gould,IND,IND,2200,IND@NYG,1,FG_week17_exportin.csv
2024,17,week17,TE,Cam,Grandy,CIN,CIN,2200,DEN@CIN,1,FG_week17_exportin.csv
2024,17,week17,TE,Kylen,Granson,IND,IND,2200,IND@NYG,1,FG_week17_exportin.csv
2024,17,week17,RB,Eric,Gray,NYG,NYG,2200,IND@NYG,1,FG_week17_exportin.csv
2024,17,week17,RB,C.J.,Ham,MIN,MIN,2200,GB@MIN,1,FG_week17_exportin.csv
2024,17,week17,WR,Deonte,Harty,BAL,BAL,2200,BAL@HOU,1,FG_week17_exportin.csv
2024,17,week17,RB,Hassan,Haskins,LAC,LAC,2200,LAC@NE,1,FG_week17_exportin.csv
2024,17,week17,RB,JaMycal,Hasty,NE,NE,2200,LAC@NE,1,FG_week17_exportin.csv
2024,17,week17,WR,Malik,Heath,GB,GB,2200,GB@MIN,1,FG_week17_exportin.csv
2024,17,week17,TE,Peyton,Hendershot,KC,KC,2200,KC@PIT,1,FG_week17_exportin.csv
2024,17,week17,RB,Khalil,Herbert,CIN,CIN,2200,DEN@CIN,1,FG_week17_exportin.csv
2024,17,week17,TE,Connor,Heyward,PIT,PIT,2200,KC@PIT,1,FG_week17_exportin.csv
2024,17,week17,TE,Tyler,Higbee,LAR,LA,2200,ARI@LA,1,FG_week17_exportin.csv
2024,17,week17,TE,Elijah,Higgins,ARI,ARI,2200,ARI@LA,1,FG_week17_exportin.csv
2024,17,week17,TE,Julian,Hill,MIA,MIA,2200,MIA@CLE,1,FG_week17_exportin.csv
2024,17,week17,RB,Nyheim,Hines,CLE,CLE,2200,CLE@DEN,1,FG_week17_exportin.csv
2024,17,week17,WR,KhaDarel,Hodge,ATL,ATL,2200,ATL@WAS,1,FG_week17_exportin.csv
2024,17,week17,TE,Dallin,Holker,NO,NO,2200,LV@NO,1,FG_week17_exportin.csv
2024,17,week17,RB,Travis,Homer,CHI,CHI,2200,SEA@CHI,1,FG_week17_exportin.csv
2024,17,week17,TE,Tanner,Hudson,CIN,CIN,2200,DEN@CIN,1,FG_week17_exportin.csv
2024,17,week17,WR,Lil'Jordan,Humphrey,DEN,DEN,2200,DEN@CIN,1,FG_week17_exportin.csv
2024,17,week17,TE,Hayden,Hurst,LAC,LAC,2200,LAC@NE,1,FG_week17_exportin.csv
2024,17,week17,WR,Xavier,Hutchinson,HOU,HOU,2200,BAL@HOU,1,FG_week17_exportin.csv
2024,17,week17,WR,Jalin,Hyatt,NYG,NYG,2200,IND@NYG,1,FG_week17_exportin.csv
2024,17,week17,RB,Alec,Ingold,MIA,MIA,2200,MIA@CLE,1,FG_week17_exportin.csv
2024,17,week17,WR,Jha'Quan,Jackson,TEN,TEN,2200,TEN@JAC,1,FG_week17_exportin.csv
2024,17,week17,WR,Rakim,Jarrett,TB,TB,2200,CAR@TB,1,FG_week17_exportin.csv
2024,17,week17,RB,Jermar,Jefferson,DET,DET,2200,DET@SF,1,FG_week17_exportin.csv
2024,17,week17,WR,Van,Jefferson,PIT,PIT,2200,KC@PIT,1,FG_week17_exportin.csv
2024,17,week17,TE,E.J.,Jenkins,PHI,PHI,2200,DAL@PHI,1,FG_week17_exportin.csv
2024,17,week17,RB,Terrell,Jennings,NE,NE,2200,LAC@NE,1,FG_week17_exportin.csv
2024,17,week17,RB,D'Ernest,Johnson,JAX,JAC,2200,TEN@JAC,1,FG_week17_exportin.csv
2024,17,week17,WR,Diontae,Johnson,HOU,HOU,2200,BAL@HOU,1,FG_week17_exportin.csv
2024,17,week17,WR,Collin,Johnson,CHI,CHI,2200,SEA@CHI,1,FG_week17_exportin.csv
2024,17,week17,WR,Kameron,Johnson,TB,TB,2200,CAR@TB,1,FG_week17_exportin.csv
2024,17,week17,WR,Tyler,Johnson,LAR,LA,2200,ARI@LA,1,FG_week17_exportin.csv
2024,17,week17,WR,Tim,Jones,JAX,JAC,2200,TEN@JAC,1,FG_week17_exportin.csv
2024,17,week17,WR,Zay,Jones,ARI,ARI,2200,ARI@LA,1,FG_week17_exportin.csv
2024,17,week17,WR,Charlie,Jones,CIN,CIN,2200,DEN@CIN,1,FG_week17_exportin.csv
2024,17,week17,WR,Velus,Jones Jr.,CAR,CAR,2200,CAR@TB,1,FG_week17_exportin.csv
2024,17,week17,RB,Kyle,Juszczyk,SF,SF,2200,DET@SF,1,FG_week17_exportin.csv
2024,17,week17,RB,Joshua,Kelley,TEN,TEN,2200,TEN@JAC,1,FG_week17_exportin.csv
2024,17,week17,WR,Tom,Kennedy,DET,DET,2200,DET@SF,1,FG_week17_exportin.csv
2024,17,week17,WR,Ramel,Keyton,LV,LV,2200,LV@NO,1,FG_week17_exportin.csv
2024,17,week17,TE,Ko,Kieft,TB,TB,2200,CAR@TB,1,FG_week17_exportin.csv
2024,17,week17,WR,Mason,Kinsey,TEN,TEN,2200,TEN@JAC,1,FG_week17_exportin.csv
2024,17,week17,TE,Cole,Kmet,CHI,CHI,2200,SEA@CHI,1,FG_week17_exportin.csv
2024,17,week17,TE,Dawson,Knox,BUF,BUF,2200,NYJ@BUF,1,FG_week17_exportin.csv
2024,17,week17,TE,Lucas,Krull,DEN,DEN,2200,DEN@CIN,1,FG_week17_exportin.csv
2024,17,week17,RB,Dylan,Laube,LV,LV,2200,LV@NO,1,FG_week17_exportin.csv
2024,17,week17,TE,Marcedes,Lewis,CHI,CHI,2200,SEA@CHI,1,FG_week17_exportin.csv
2024,17,week17,RB,MarShawn,Lloyd,GB,GB,2200,GB@MIN,1,FG_week17_exportin.csv
2024,17,week17,TE,Hunter,Long,LAR,LA,2200,ARI@LA,1,FG_week17_exportin.csv
2024,17,week17,RB,Hunter,Luepke,DAL,DAL,2200,DAL@PHI,1,FG_week17_exportin.csv
2024,17,week17,TE,Will,Mallory,IND,IND,2200,IND@NYG,1,FG_week17_exportin.csv
2024,17,week17,TE,Chris,Manhertz,NYG,NYG,2200,IND@NYG,1,FG_week17_exportin.csv
2024,17,week17,WR,Terrace,Marshall Jr.,LV,LV,2200,LV@NO,1,FG_week17_exportin.csv
2024,17,week17,WR,Terrace,Marshall Jr.,LV,LV,2200,ATL@LV,1,FG_week17_exportin.csv
2024,17,week17,TE,David,Martin-Robinson,TEN,TEN,2200,TEN@JAC,1,FG_week17_exportin.csv
2024,17,week17,RB,Scott,Matlock,LAC,LAC,2200,LAC@NE,1,FG_week17_exportin.csv
2024,17,week17,TE,Michael,Mayer,LV,LV,2200,LV@NO,1,FG_week17_exportin.csv
2024,17,week17,WR,Luke,McCaffrey,WAS,WAS,2200,ATL@WAS,1,FG_week17_exportin.csv
2024,17,week17,RB,Kenny,McIntosh,SEA,SEA,2200,SEA@CHI,1,FG_week17_exportin.csv
2024,17,week17,TE,Tanner,McLachlan,CIN,CIN,2200,DEN@CIN,1,FG_week17_exportin.csv
2024,17,week17,RB,Jaleel,McLaughlin,DEN,DEN,2200,CLE@DEN,1,FG_week17_exportin.csv
2024,17,week17,RB,Jeremy,McNichols,WAS,WAS,2200,ATL@WAS,1,FG_week17_exportin.csv
2024,17,week17,WR,Bub,Means,NO,NO,2200,LV@NO,1,FG_week17_exportin.csv
2024,17,week17,WR,Bo,Melton,GB,GB,2200,GB@MIN,1,FG_week17_exportin.csv
2024,17,week17,WR,John,Metchie III,HOU,HOU,2200,BAL@HOU,1,FG_week17_exportin.csv
2024,17,week17,WR,Scotty,Miller,PIT,PIT,2200,KC@PIT,1,FG_week17_exportin.csv
2024,17,week17,WR,Ryan,Miller,TB,TB,2200,CAR@TB,1,FG_week17_exportin.csv
2024,17,week17,RB,Jordan,Mims,NO,NO,2200,LV@NO,1,FG_week17_exportin.csv
2024,17,week17,WR,Jonathan,Mingo,DAL,DAL,2200,DAL@PHI,1,FG_week17_exportin.csv
2024,17,week17,RB,Keaton,Mitchell,BAL,BAL,2200,BAL@HOU,1,FG_week17_exportin.csv
2024,17,week17,WR,Adonai,Mitchell,IND,IND,2200,IND@NYG,1,FG_week17_exportin.csv
2024,17,week17,WR,Skyy,Moore,KC,KC,2200,KC@PIT,1,FG_week17_exportin.csv
2024,17,week17,TE,Foster,Moreau,NO,NO,2200,LV@NO,1,FG_week17_exportin.csv
2024,17,week17,TE,Quintin,Morris,BUF,BUF,2200,NYJ@BUF,1,FG_week17_exportin.csv
2024,17,week17,TE,Johnny,Mundt,MIN,MIN,2200,GB@MIN,1,FG_week17_exportin.csv
2024,17,week17,TE,Nick,Muse,MIN,MIN,2200,GB@MIN,1,FG_week17_exportin.csv
2024,17,week17,TE,Luke,Musgrave,GB,GB,2200,GB@MIN,1,FG_week17_exportin.csv
2024,17,week17,WR,Jalen,Nailor,MIN,MIN,2200,GB@MIN,1,FG_week17_exportin.csv
2024,17,week17,TE,Drew,Ogletree,IND,IND,2200,IND@NYG,1,FG_week17_exportin.csv
2024,17,week17,RB,Dare,Ogunbowale,HOU,HOU,2200,BAL@HOU,1,FG_week17_exportin.csv
2024,17,week17,TE,Josh,Oliver,MIN,MIN,2200,GB@MIN,1,FG_week17_exportin.csv
2024,17,week17,WR,Bryce,Oliver,TEN,TEN,2200,TEN@JAC,1,FG_week17_exportin.csv
2024,17,week17,WR,Gunner,Olszewski,NYG,NYG,2200,IND@NYG,1,FG_week17_exportin.csv
2024,17,week17,WR,K.J.,Osborn,WAS,WAS,2200,ATL@WAS,1,FG_week17_exportin.csv
2024,17,week17,WR,Trey,Palmer,TB,TB,2200,CAR@TB,1,FG_week17_exportin.csv
2024,17,week17,TE,Colby,Parkinson,LAR,LA,2200,ARI@LA,1,FG_week17_exportin.csv
2024,17,week17,WR,Zach,Pascal,ARI,ARI,2200,ARI@LA,1,FG_week17_exportin.csv
2024,17,week17,RB,Cordarrelle,Patterson,PIT,PIT,2200,KC@PIT,1,FG_week17_exportin.csv
2024,17,week17,WR,Ricky,Pearsall,SF,SF,2200,DET@SF,1,FG_week17_exportin.csv
2024,17,week17,RB,Samaje,Perine,KC,KC,2200,KC@PIT,1,FG_week17_exportin.csv
2024,17,week17,WR,Dante,Pettis,NO,NO,2200,LV@NO,1,FG_week17_exportin.csv
2024,17,week17,RB,Dameon,Pierce,HOU,HOU,2200,BAL@HOU,1,FG_week17_exportin.csv
2024,17,week17,TE,Kyle,Pitts,ATL,ATL,2200,ATL@WAS,1,FG_week17_exportin.csv
2024,17,week17,WR,Ja'Lynn,Polk,NE,NE,2200,LAC@NE,1,FG_week17_exportin.csv
2024,17,week17,WR,Brandon,Powell,MIN,MIN,2200,GB@MIN,1,FG_week17_exportin.csv
2024,17,week17,RB,Adam,Prentice,NO,NO,2200,LV@NO,1,FG_week17_exportin.csv
2024,17,week17,WR,James,Proche II,CLE,CLE,2200,MIA@CLE,1,FG_week17_exportin.csv
2024,17,week17,TE,MyCole,Pruitt,PIT,PIT,2200,KC@PIT,1,FG_week17_exportin.csv
2024,17,week17,WR,Kalif,Raymond,DET,DET,2200,DET@SF,1,FG_week17_exportin.csv
2024,17,week17,TE,Tip,Reiman,ARI,ARI,2200,ARI@LA,1,FG_week17_exportin.csv
2024,17,week17,WR,Nikko,Remigio,KC,KC,2200,KC@PIT,1,FG_week17_exportin.csv
2024,17,week17,RB,Craig,Reynolds,DET,DET,2200,DET@SF,1,FG_week17_exportin.csv
2024,17,week17,WR,Josh,Reynolds,JAX,JAC,2200,TEN@JAC,1,FG_week17_exportin.csv
2024,17,week17,WR,Josh,Reynolds,DEN,DEN,2200,CLE@DEN,1,FG_week17_exportin.csv
2024,17,week17,RB,Patrick,Ricard,BAL,BAL,2200,BAL@HOU,1,FG_week17_exportin.csv
2024,17,week17,WR,Brenden,Rice,LAC,LAC,2200,LAC@NE,1,FG_week17_exportin.csv
2024,17,week17,RB,Ronnie,Rivers,LAR,LA,2200,ARI@LA,1,FG_week17_exportin.csv
2024,17,week17,RB,Keilan,Robinson,JAX,JAC,2200,TEN@JAC,1,FG_week17_exportin.csv
2024,17,week17,WR,Allen,Robinson,DET,DET,2200,DET@SF,1,FG_week17_exportin.csv
2024,17,week17,RB,Chris,Rodriguez Jr.,WAS,WAS,2200,ATL@WAS,1,FG_week17_exportin.csv
2024,17,week17,TE,Jeremy,Ruckert,NYJ,NYJ,2200,NYJ@BUF,1,FG_week17_exportin.csv
2024,17,week17,TE,Brady,Russell,SEA,SEA,2200,SEA@CHI,1,FG_week17_exportin.csv
2024,17,week17,TE,Drew,Sample,CIN,CIN,2200,DEN@CIN,1,FG_week17_exportin.csv
2024,17,week17,WR,Curtis,Samuel,BUF,BUF,2200,NYJ@BUF,1,FG_week17_exportin.csv
2024,17,week17,TE,Ja'Tavion,Sanders,CAR,CAR,2200,CAR@TB,1,FG_week17_exportin.csv
2024,17,week17,TE,Eric,Saubert,SF,SF,2200,DET@SF,1,FG_week17_exportin.csv
2024,17,week17,TE,Luke,Schoonmaker,DAL,DAL,2200,DAL@PHI,1,FG_week17_exportin.csv
2024,17,week17,RB,Cody,Schrader,LAR,LA,2200,ARI@LA,1,FG_week17_exportin.csv
2024,17,week17,WR,Tyler,Scott,CHI,CHI,2200,SEA@CHI,1,FG_week17_exportin.csv
2024,17,week17,RB,Trey,Sermon,IND,IND,2200,IND@NYG,1,FG_week17_exportin.csv
2024,17,week17,TE,John Samuel,Shenker,LV,LV,2200,LV@NO,1,FG_week17_exportin.csv
2024,17,week17,WR,Trent,Sherfield Sr.,MIN,MIN,2200,GB@MIN,1,FG_week17_exportin.csv
2024,17,week17,RB,Will,Shipley,PHI,PHI,2200,DAL@PHI,1,FG_week17_exportin.csv
2024,17,week17,TE,Justin,Shorter,LV,LV,2200,LV@NO,1,FG_week17_exportin.csv
2024,17,week17,TE,Ben,Sims,GB,GB,2200,GB@MIN,1,FG_week17_exportin.csv
2024,17,week17,RB,Devin,Singletary,NYG,NYG,2200,IND@NYG,1,FG_week17_exportin.csv
2024,17,week17,TE,Ben,Sinnott,WAS,WAS,2200,ATL@WAS,1,FG_week17_exportin.csv
2024,17,week17,WR,Ben,Skowronek,PIT,PIT,2200,KC@PIT,1,FG_week17_exportin.csv
2024,17,week17,WR,Darius,Slayton,NYG,NYG,2200,IND@NYG,1,FG_week17_exportin.csv
2024,17,week17,TE,Stone,Smartt,LAC,LAC,2200,LAC@NE,1,FG_week17_exportin.csv
2024,17,week17,TE,Irv,Smith,HOU,HOU,2200,BAL@HOU,1,FG_week17_exportin.csv
2024,17,week17,WR,Xavier,Smith,LAR,LA,2200,ARI@LA,1,FG_week17_exportin.csv
2024,17,week17,WR,Ainias,Smith,PHI,PHI,2200,DAL@PHI,1,FG_week17_exportin.csv
2024,17,week17,WR,Ihmir,Smith-Marsette,NYG,NYG,2200,IND@NYG,1,FG_week17_exportin.csv
2024,17,week17,WR,JuJu,Smith-Schuster,KC,KC,2200,KC@PIT,1,FG_week17_exportin.csv
2024,17,week17,TE,Durham,Smythe,MIA,MIA,2200,MIA@CLE,1,FG_week17_exportin.csv
2024,17,week17,TE,Brevyn,Spann-Ford,DAL,DAL,2200,DAL@PHI,1,FG_week17_exportin.csv
2024,17,week17,RB,Carson,Steele,KC,KC,2200,KC@PIT,1,FG_week17_exportin.csv
2024,17,week17,TE,Jack,Stoll,MIA,MIA,2200,MIA@CLE,1,FG_week17_exportin.csv
2024,17,week17,TE,Cade,Stover,HOU,HOU,2200,BAL@HOU,1,FG_week17_exportin.csv
2024,17,week17,RB,Pierre,Strong Jr.,CLE,CLE,2200,MIA@CLE,1,FG_week17_exportin.csv
2024,17,week17,TE,Geoff,Swaim,CLE,CLE,2200,MIA@CLE,1,FG_week17_exportin.csv
2024,17,week17,RB,Patrick,Taylor Jr.,SF,SF,2200,DET@SF,1,FG_week17_exportin.csv
2024,17,week17,TE,Ian,Thomas,CAR,CAR,2200,CAR@TB,1,FG_week17_exportin.csv
2024,17,week17,WR,Deven,Thompkins,CAR,CAR,2200,CAR@TB,1,FG_week17_exportin.csv
2024,17,week17,WR,Jamari,Thrash,CLE,CLE,2200,MIA@CLE,1,FG_week17_exportin.csv
2024,17,week17,WR,Mason,Tipton,NO,NO,2200,LV@NO,1,FG_week17_exportin.csv
2024,17,week17,TE,Jake,Tonges,SF,SF,2200,DET@SF,1,FG_week17_exportin.csv
2024,17,week17,TE,Adam,Trautman,DEN,DEN,2200,DEN@CIN,1,FG_week17_exportin.csv
2024,17,week17,TE,Tommy,Tremble,CAR,CAR,2200,CAR@TB,1,FG_week17_exportin.csv
2024,17,week17,RB,Sean,Tucker,TB,TB,2200,CAR@TB,1,FG_week17_exportin.csv
2024,17,week17,TE,C.J.,Uzomah,PHI,PHI,2200,DAL@PHI,1,FG_week17_exportin.csv
2024,17,week17,RB,Sione,Vaki,DET,DET,2200,DET@SF,1,FG_week17_exportin.csv
2024,17,week17,TE,Nick,Vannett,TEN,TEN,2200,TEN@JAC,1,FG_week17_exportin.csv
2024,17,week17,RB,Deuce,Vaughn,DAL,DAL,2200,DAL@PHI,1,FG_week17_exportin.csv
2024,17,week17,RB,Ke'Shawn,Vaughn,SF,SF,2200,DET@SF,1,FG_week17_exportin.csv
2024,17,week17,WR,Jalen,Virgil,BUF,BUF,2200,NYJ@BUF,1,FG_week17_exportin.csv
2024,17,week17,TE,Travis,Vokolek,ARI,ARI,2200,ARI@LA,1,FG_week17_exportin.csv
2024,17,week17,WR,Devontez,Walker,BAL,BAL,2200,BAL@HOU,1,FG_week17_exportin.csv
2024,17,week17,WR,Tylan,Wallace,BAL,BAL,2200,BAL@HOU,1,FG_week17_exportin.csv
2024,17,week17,TE,Darnell,Washington,PIT,PIT,2200,KC@PIT,1,FG_week17_exportin.csv
2024,17,week17,WR,Casey,Washington,ATL,ATL,2200,ATL@WAS,1,FG_week17_exportin.csv
2024,17,week17,WR,Malik,Washington,MIA,MIA,2200,MIA@CLE,1,FG_week17_exportin.csv
2024,17,week17,RB,Carlos,Washington Jr.,ATL,ATL,2200,ATL@WAS,1,FG_week17_exportin.csv
2024,17,week17,RB,Blake,Watson,DEN,DEN,2200,DEN@CIN,1,FG_week17_exportin.csv
2024,17,week17,WR,Justin,Watson,KC,KC,2200,KC@PIT,1,FG_week17_exportin.csv
2024,17,week17,WR,Xavier,Weaver,ARI,ARI,2200,ARI@LA,1,FG_week17_exportin.csv
2024,17,week17,WR,Cody,White,SEA,SEA,2200,SEA@CHI,1,FG_week17_exportin.csv
2024,17,week17,TE,Blake,Whiteheart,CLE,CLE,2200,MIA@CLE,1,FG_week17_exportin.csv
2024,17,week17,TE,Blake,Whiteheart,CLE,CLE,2200,CLE@DEN,1,FG_week17_exportin.csv
2024,17,week17,WR,Jordan,Whittington,LAR,LA,2200,ARI@LA,1,FG_week17_exportin.csv
2024,17,week17,TE,Josh,Whyle,TEN,TEN,2200,TEN@JAC,1,FG_week17_exportin.csv
2024,17,week17,WR,Kristian,Wilkerson,LV,LV,2200,ATL@LV,1,FG_week17_exportin.csv
2024,17,week17,RB,Avery,Williams,ATL,ATL,2200,ATL@WAS,1,FG_week17_exportin.csv
2024,17,week17,RB,Jamaal,Williams,NO,NO,2200,LV@NO,1,FG_week17_exportin.csv
2024,17,week17,RB,Trayveon,Williams,CIN,CIN,2200,DEN@CIN,1,FG_week17_exportin.csv
2024,17,week17,WR,Mike,Williams,PIT,PIT,2200,KC@PIT,1,FG_week17_exportin.csv
2024,17,week17,WR,Isaiah,Williams,CIN,CIN,2200,DEN@CIN,1,FG_week17_exportin.csv
2024,17,week17,TE,Brayden,Willis,SF,SF,2200,DET@SF,1,FG_week17_exportin.csv
2024,17,week17,RB,Emanuel,Wilson,GB,GB,2200,GB@MIN,1,FG_week17_exportin.csv
2024,17,week17,WR,Roman,Wilson,PIT,PIT,2200,KC@PIT,1,FG_week17_exportin.csv
2024,17,week17,WR,Johnny,Wilson,PHI,PHI,2200,DAL@PHI,1,FG_week17_exportin.csv
2024,17,week17,RB,Jeff,Wilson Jr.,MIA,MIA,2200,MIA@CLE,1,FG_week17_exportin.csv
2024,17,week17,WR,Cedrick,Wilson Jr.,NO,NO,2200,LV@NO,1,FG_week17_exportin.csv
2024,17,week17,TE,Charlie,Woerner,ATL,ATL,2200,ATL@WAS,1,FG_week17_exportin.csv
2024,17,week17,WR,Robert,Woods,HOU,HOU,2200,BAL@HOU,1,FG_week17_exportin.csv
2024,17,week17,WR,Michael,Woods II,CLE,CLE,2200,MIA@CLE,1,FG_week17_exportin.csv
2024,17,week17,RB,Jaylen,Wright,MIA,MIA,2200,MIA@CLE,1,FG_week17_exportin.csv
2024,17,week17,TE,Brock,Wright,DET,DET,2200,DET@SF,1,FG_week17_exportin.csv
2024,17,week17,TE,Colson,Yankoff,WAS,WAS,2200,ATL@WAS,1,FG_week17_exportin.csv
2024,17,week17,TE,Kenny,Yeboah,NYJ,NYJ,2200,NYJ@BUF,1,FG_week17_exportin.csv
2024,17,week17,WR,Dareke,Young,SEA,SEA,2200,SEA@CHI,1,FG_week17_exportin.csv
2024,17,week17,TE,Shane,Zylstra,DET,DET,2200,DET@SF,1,FG_week17_exportin.csv
2024,18,week18,RB,Saquon,Barkley,PHI,PHI,8200,NYG@PHI,1,FG_week18_exportin.csv
2024,18,week18,WR,Ja'Marr,Chase,CIN,CIN,8200,CIN@PIT,1,FG_week18_exportin.csv
2024,18,week18,QB,Lamar,Jackson,BAL,BAL,8000,CLE@BAL,1,FG_week18_exportin.csv
2024,18,week18,WR,Justin,Jefferson,MIN,MIN,8000,MIN@DET,1,FG_week18_exportin.csv
2024,18,week18,RB,Bijan,Robinson,ATL,ATL,8000,CAR@ATL,1,FG_week18_exportin.csv
2024,18,week18,QB,Josh,Allen,BUF,BUF,7800,BUF@NE,1,FG_week18_exportin.csv
2024,18,week18,RB,Jahmyr,Gibbs,DET,DET,7800,MIN@DET,1,FG_week18_exportin.csv
2024,18,week18,QB,Joe,Burrow,CIN,CIN,7600,CIN@PIT,1,FG_week18_exportin.csv
2024,18,week18,QB,Jayden,Daniels,WAS,WAS,7600,WAS@DAL,1,FG_week18_exportin.csv
2024,18,week18,WR,Mike,Evans,TB,TB,7600,NO@TB,1,FG_week18_exportin.csv
2024,18,week18,RB,Derrick,Henry,BAL,BAL,7600,CLE@BAL,1,FG_week18_exportin.csv
2024,18,week18,QB,Baker,Mayfield,TB,TB,7600,NO@TB,1,FG_week18_exportin.csv
2024,18,week18,WR,Puka,Nacua,LAR,LA,7600,SEA@LA,1,FG_week18_exportin.csv
2024,18,week18,WR,Tee,Higgins,CIN,CIN,7200,CIN@PIT,1,FG_week18_exportin.csv
2024,18,week18,QB,Jalen,Hurts,PHI,PHI,7200,NYG@PHI,1,FG_week18_exportin.csv
2024,18,week18,RB,Jonathan,Taylor,IND,IND,7200,JAC@IND,1,FG_week18_exportin.csv
2024,18,week18,WR,Brian,Thomas Jr.,JAX,JAC,7200,JAC@IND,1,FG_week18_exportin.csv
2024,18,week18,RB,Kyren,Williams,LAR,LA,7200,SEA@LA,1,FG_week18_exportin.csv
2024,18,week18,RB,James,Cook,BUF,BUF,7000,BUF@NE,1,FG_week18_exportin.csv
2024,18,week18,WR,Amon-Ra,St. Brown,DET,DET,7000,MIN@DET,1,FG_week18_exportin.csv
2024,18,week18,WR,A.J.,Brown,PHI,PHI,6800,NYG@PHI,1,FG_week18_exportin.csv
2024,18,week18,RB,Bucky,Irving,TB,TB,6800,NO@TB,1,FG_week18_exportin.csv
2024,18,week18,RB,Josh,Jacobs,GB,GB,6800,CHI@GB,1,FG_week18_exportin.csv
2024,18,week18,RB,Joe,Mixon,HOU,HOU,6800,HOU@TEN,1,FG_week18_exportin.csv
2024,18,week18,WR,Malik,Nabers,NYG,NYG,6800,NYG@PHI,1,FG_week18_exportin.csv
2024,18,week18,RB,De'Von,Achane,MIA,MIA,6600,MIA@NYJ,1,FG_week18_exportin.csv
2024,18,week18,WR,Davante,Adams,NYJ,NYJ,6600,MIA@NYJ,1,FG_week18_exportin.csv
2024,18,week18,RB,Chase,Brown,CIN,CIN,6600,CIN@PIT,1,FG_week18_exportin.csv
2024,18,week18,QB,Sam,Darnold,MIN,MIN,6600,MIN@DET,1,FG_week18_exportin.csv
2024,18,week18,QB,Jared,Goff,DET,DET,6600,MIN@DET,1,FG_week18_exportin.csv
2024,18,week18,WR,Ladd,McConkey,LAC,LAC,6600,LAC@LV,1,FG_week18_exportin.csv
2024,18,week18,WR,Nico,Collins,HOU,HOU,6400,HOU@TEN,1,FG_week18_exportin.csv
2024,18,week18,RB,Aaron,Jones Sr.,MIN,MIN,6400,MIN@DET,1,FG_week18_exportin.csv
2024,18,week18,QB,Patrick,Mahomes,KC,KC,6400,KC@DEN,1,FG_week18_exportin.csv
2024,18,week18,WR,Terry,McLaurin,WAS,WAS,6400,WAS@DAL,1,FG_week18_exportin.csv
2024,18,week18,RB,James,Conner,ARI,ARI,6200,SF@ARI,1,FG_week18_exportin.csv
2024,18,week18,QB,Justin,Herbert,LAC,LAC,6200,LAC@LV,1,FG_week18_exportin.csv
2024,18,week18,QB,Bo,Nix,DEN,DEN,6200,KC@DEN,1,FG_week18_exportin.csv
2024,18,week18,WR,DeVonta,Smith,PHI,PHI,6200,NYG@PHI,1,FG_week18_exportin.csv
2024,18,week18,WR,Jaxon,Smith-Njigba,SEA,SEA,6200,SEA@LA,1,FG_week18_exportin.csv
2024,18,week18,WR,Courtland,Sutton,DEN,DEN,6200,KC@DEN,1,FG_week18_exportin.csv
2024,18,week18,WR,Jordan,Addison,MIN,MIN,6000,MIN@DET,1,FG_week18_exportin.csv
2024,18,week18,RB,J.K.,Dobbins,LAC,LAC,6000,LAC@LV,1,FG_week18_exportin.csv
2024,18,week18,RB,Alvin,Kamara,NO,NO,6000,NO@TB,1,FG_week18_exportin.csv
2024,18,week18,QB,Kyler,Murray,ARI,ARI,6000,SF@ARI,1,FG_week18_exportin.csv
2024,18,week18,RB,Rico,Dowdle,DAL,DAL,5800,WAS@DAL,1,FG_week18_exportin.csv
2024,18,week18,RB,Breece,Hall,NYJ,NYJ,5800,MIA@NYJ,1,FG_week18_exportin.csv
2024,18,week18,WR,Tyreek,Hill,MIA,MIA,5800,MIA@NYJ,1,FG_week18_exportin.csv
2024,18,week18,WR,Drake,London,ATL,ATL,5800,CAR@ATL,1,FG_week18_exportin.csv
2024,18,week18,QB,Anthony,Richardson,IND,IND,5800,JAC@IND,1,FG_week18_exportin.csv
2024,18,week18,WR,Adam,Thielen,CAR,CAR,5800,CAR@ATL,1,FG_week18_exportin.csv
2024,18,week18,WR,Jameson,Williams,DET,DET,5800,MIN@DET,1,FG_week18_exportin.csv
2024,18,week18,QB,Russell,Wilson,PIT,PIT,5800,CIN@PIT,1,FG_week18_exportin.csv
2024,18,week18,WR,Garrett,Wilson,NYJ,NYJ,5800,MIA@NYJ,1,FG_week18_exportin.csv
2024,18,week18,RB,Zach,Charbonnet,SEA,SEA,5600,SEA@LA,1,FG_week18_exportin.csv
2024,18,week18,QB,Jordan,Love,GB,GB,5600,CHI@GB,1,FG_week18_exportin.csv
2024,18,week18,WR,Jalen,McMillan,TB,TB,5600,NO@TB,1,FG_week18_exportin.csv
2024,18,week18,QB,Tua,Tagovailoa,MIA,MIA,5600,MIA@NYJ,1,FG_week18_exportin.csv
2024,18,week18,WR,Keenan,Allen,CHI,CHI,5400,CHI@GB,1,FG_week18_exportin.csv
2024,18,week18,WR,Jauan,Jennings,SF,SF,5400,SF@ARI,1,FG_week18_exportin.csv
2024,18,week18,WR,Jerry,Jeudy,CLE,CLE,5400,CLE@BAL,1,FG_week18_exportin.csv
2024,18,week18,QB,Drake,Maye,NE,NE,5400,BUF@NE,1,FG_week18_exportin.csv
2024,18,week18,WR,George,Pickens,PIT,PIT,5400,CIN@PIT,1,FG_week18_exportin.csv
2024,18,week18,QB,Brock,Purdy,SF,SF,5400,SF@ARI,1,FG_week18_exportin.csv
2024,18,week18,WR,Calvin,Ridley,TEN,TEN,5400,HOU@TEN,1,FG_week18_exportin.csv
2024,18,week18,RB,Tyrone,Tracy Jr.,NYG,NYG,5400,NYG@PHI,1,FG_week18_exportin.csv
2024,18,week18,WR,Xavier,Worthy,KC,KC,5400,KC@DEN,1,FG_week18_exportin.csv
2024,18,week18,QB,Mac,Jones,JAX,JAC,5200,JAC@IND,1,FG_week18_exportin.csv
2024,18,week18,TE,Trey,McBride,ARI,ARI,5200,SF@ARI,1,FG_week18_exportin.csv
2024,18,week18,WR,Jakobi,Meyers,LV,LV,5200,LAC@LV,1,FG_week18_exportin.csv
2024,18,week18,RB,Brian,Robinson Jr.,WAS,WAS,5200,WAS@DAL,1,FG_week18_exportin.csv
2024,18,week18,QB,Mason,Rudolph,TEN,TEN,5200,HOU@TEN,1,FG_week18_exportin.csv
2024,18,week18,QB,Bryce,Young,CAR,CAR,5200,CAR@ATL,1,FG_week18_exportin.csv
2024,18,week18,RB,Ameer,Abdullah,LV,LV,5000,LAC@LV,1,FG_week18_exportin.csv
2024,18,week18,TE,Brock,Bowers,LV,LV,5000,LAC@LV,1,FG_week18_exportin.csv
2024,18,week18,RB,Isaac,Guerendo,SF,SF,5000,SF@ARI,1,FG_week18_exportin.csv
2024,18,week18,TE,George,Kittle,SF,SF,5000,SF@ARI,1,FG_week18_exportin.csv
2024,18,week18,QB,Drew,Lock,NYG,NYG,5000,NYG@PHI,1,FG_week18_exportin.csv
2024,18,week18,WR,DJ,Moore,CHI,CHI,5000,CHI@GB,1,FG_week18_exportin.csv
2024,18,week18,QB,Aaron,Rodgers,NYJ,NYJ,5000,MIA@NYJ,1,FG_week18_exportin.csv
2024,18,week18,QB,Geno,Smith,SEA,SEA,5000,SEA@LA,1,FG_week18_exportin.csv
2024,18,week18,RB,Rachaad,White,TB,TB,5000,NO@TB,1,FG_week18_exportin.csv
2024,18,week18,QB,Caleb,Williams,CHI,CHI,5000,CHI@GB,1,FG_week18_exportin.csv
2024,18,week18,WR,Zay,Flowers,BAL,BAL,4800,CLE@BAL,1,FG_week18_exportin.csv
2024,18,week18,QB,Aidan,O'Connell,LV,LV,4800,LAC@LV,1,FG_week18_exportin.csv
2024,18,week18,RB,Tony,Pollard,TEN,TEN,4800,HOU@TEN,1,FG_week18_exportin.csv
2024,18,week18,QB,Cooper,Rush,DAL,DAL,4800,WAS@DAL,1,FG_week18_exportin.csv
2024,18,week18,WR,Khalil,Shakir,BUF,BUF,4800,BUF@NE,1,FG_week18_exportin.csv
2024,18,week18,RB,Tyjae,Spears,TEN,TEN,4800,HOU@TEN,1,FG_week18_exportin.csv
2024,18,week18,QB,Matthew,Stafford,LAR,LA,4800,SEA@LA,1,FG_week18_exportin.csv
2024,18,week18,TE,Mark,Andrews,BAL,BAL,4600,CLE@BAL,1,FG_week18_exportin.csv
2024,18,week18,RB,Jerome,Ford,CLE,CLE,4600,CLE@BAL,1,FG_week18_exportin.csv
2024,18,week18,RB,Kareem,Hunt,KC,KC,4600,KC@DEN,1,FG_week18_exportin.csv
2024,18,week18,QB,Tyler,Huntley,MIA,MIA,4600,MIA@NYJ,1,FG_week18_exportin.csv
2024,18,week18,WR,Darnell,Mooney,ATL,ATL,4600,CAR@ATL,1,FG_week18_exportin.csv
2024,18,week18,QB,Michael,Penix Jr.,ATL,ATL,4600,CAR@ATL,1,FG_week18_exportin.csv
2024,18,week18,WR,Michael,Pittman Jr.,IND,IND,4600,JAC@IND,1,FG_week18_exportin.csv
2024,18,week18,WR,Deebo,Samuel Sr.,SF,SF,4600,SF@ARI,1,FG_week18_exportin.csv
2024,18,week18,TE,Jonnu,Smith,MIA,MIA,4600,MIA@NYJ,1,FG_week18_exportin.csv
2024,18,week18,QB,C.J.,Stroud,HOU,HOU,4600,HOU@TEN,1,FG_week18_exportin.csv
2024,18,week18,QB,Mitchell,Trubisky,BUF,BUF,4600,BUF@NE,1,FG_week18_exportin.csv
2024,18,week18,RB,Jaylen,Warren,PIT,PIT,4600,CIN@PIT,1,FG_week18_exportin.csv
2024,18,week18,WR,Rashod,Bateman,BAL,BAL,4400,CLE@BAL,1,FG_week18_exportin.csv
2024,18,week18,WR,Romeo,Doubs,GB,GB,4400,CHI@GB,1,FG_week18_exportin.csv
2024,18,week18,RB,Najee,Harris,PIT,PIT,4400,CIN@PIT,1,FG_week18_exportin.csv
2024,18,week18,WR,Marvin,Harrison Jr.,ARI,ARI,4400,SF@ARI,1,FG_week18_exportin.csv
2024,18,week18,WR,Cooper,Kupp,LAR,LA,4400,SEA@LA,1,FG_week18_exportin.csv
2024,18,week18,TE,Sam,LaPorta,DET,DET,4400,MIN@DET,1,FG_week18_exportin.csv
2024,18,week18,WR,DK,Metcalf,SEA,SEA,4400,SEA@LA,1,FG_week18_exportin.csv
2024,18,week18,RB,D'Andre,Swift,CHI,CHI,4400,CHI@GB,1,FG_week18_exportin.csv
2024,18,week18,QB,Carson,Wentz,KC,KC,4400,KC@DEN,1,FG_week18_exportin.csv
2024,18,week18,QB,Brandon,Allen,SF,SF,4200,SF@ARI,1,FG_week18_exportin.csv
2024,18,week18,QB,Kyle,Allen,PIT,PIT,4200,CIN@PIT,1,FG_week18_exportin.csv
2024,18,week18,QB,Tyson,Bagent,CHI,CHI,4200,CHI@GB,1,FG_week18_exportin.csv
2024,18,week18,QB,C.J.,Beathard,JAX,JAC,4200,JAC@IND,1,FG_week18_exportin.csv
2024,18,week18,QB,Stetson,Bennett,LAR,LA,4200,SEA@LA,1,FG_week18_exportin.csv
2024,18,week18,QB,Ian,Book,PHI,PHI,4200,NYG@PHI,1,FG_week18_exportin.csv
2024,18,week18,QB,Tim,Boyle,NYG,NYG,4200,NYG@PHI,1,FG_week18_exportin.csv
2024,18,week18,QB,Carter,Bradley,LV,LV,4200,LAC@LV,1,FG_week18_exportin.csv
2024,18,week18,QB,Teddy,Bridgewater,DET,DET,4200,MIN@DET,1,FG_week18_exportin.csv
2024,18,week18,QB,Jacoby,Brissett,NE,NE,4200,BUF@NE,1,FG_week18_exportin.csv
2024,18,week18,QB,Jake,Browning,CIN,CIN,4200,CIN@PIT,1,FG_week18_exportin.csv
2024,18,week18,QB,Derek,Carr,NO,NO,4200,NO@TB,1,FG_week18_exportin.csv
2024,18,week18,RB,Michael,Carter,ARI,ARI,4200,SF@ARI,1,FG_week18_exportin.csv
2024,18,week18,QB,Kirk,Cousins,ATL,ATL,4200,CAR@ATL,1,FG_week18_exportin.csv
2024,18,week18,QB,Andy,Dalton,CAR,CAR,4200,CAR@ATL,1,FG_week18_exportin.csv
2024,18,week18,QB,Tommy,DeVito,NYG,NYG,4200,NYG@PHI,1,FG_week18_exportin.csv
2024,18,week18,QB,Joshua,Dobbs,SF,SF,4200,SF@ARI,1,FG_week18_exportin.csv
2024,18,week18,QB,Jeff,Driskel,WAS,WAS,4200,WAS@DAL,1,FG_week18_exportin.csv
2024,18,week18,QB,Sam,Ehlinger,IND,IND,4200,JAC@IND,1,FG_week18_exportin.csv
2024,18,week18,RB,Austin,Ekeler,WAS,WAS,4200,WAS@DAL,1,FG_week18_exportin.csv
2024,18,week18,QB,Justin,Fields,PIT,PIT,4200,CIN@PIT,1,FG_week18_exportin.csv
2024,18,week18,QB,Joe,Flacco,IND,IND,4200,JAC@IND,1,FG_week18_exportin.csv
2024,18,week18,QB,Jimmy,Garoppolo,LAR,LA,4200,SEA@LA,1,FG_week18_exportin.csv
2024,18,week18,QB,Jake,Haener,NO,NO,4200,NO@TB,1,FG_week18_exportin.csv
2024,18,week18,QB,Jaren,Hall,SEA,SEA,4200,SEA@LA,1,FG_week18_exportin.csv
2024,18,week18,QB,Taylor,Heinicke,LAC,LAC,4200,LAC@LV,1,FG_week18_exportin.csv
2024,18,week18,QB,Hendon,Hooker,DET,DET,4200,MIN@DET,1,FG_week18_exportin.csv
2024,18,week18,QB,Sam,Howell,SEA,SEA,4200,SEA@LA,1,FG_week18_exportin.csv
2024,18,week18,QB,Josh,Johnson,BAL,BAL,4200,CLE@BAL,1,FG_week18_exportin.csv
2024,18,week18,WR,Quentin,Johnston,LAC,LAC,4200,LAC@LV,1,FG_week18_exportin.csv
2024,18,week18,TE,Travis,Kelce,KC,KC,4200,KC@DEN,1,FG_week18_exportin.csv
2024,18,week18,QB,Trey,Lance,DAL,DAL,4200,WAS@DAL,1,FG_week18_exportin.csv
2024,18,week18,QB,Will,Levis,TEN,TEN,4200,HOU@TEN,1,FG_week18_exportin.csv
2024,18,week18,QB,Marcus,Mariota,WAS,WAS,4200,WAS@DAL,1,FG_week18_exportin.csv
2024,18,week18,RB,Jordan,Mason,SF,SF,4200,SF@ARI,1,FG_week18_exportin.csv
2024,18,week18,QB,Tanner,McKee,PHI,PHI,4200,NYG@PHI,1,FG_week18_exportin.csv
2024,18,week18,QB,Davis,Mills,HOU,HOU,4200,HOU@TEN,1,FG_week18_exportin.csv
2024,18,week18,QB,Joe,Milton III,NE,NE,4200,BUF@NE,1,FG_week18_exportin.csv
2024,18,week18,QB,Nick,Mullens,MIN,MIN,4200,MIN@DET,1,FG_week18_exportin.csv
2024,18,week18,TE,David,Njoku,CLE,CLE,4200,CLE@BAL,1,FG_week18_exportin.csv
2024,18,week18,WR,Chris,Olave,NO,NO,4200,NO@TB,1,FG_week18_exportin.csv
2024,18,week18,QB,Kenny,Pickett,PHI,PHI,4200,NYG@PHI,1,FG_week18_exportin.csv
2024,18,week18,QB,Jack,Plummer,CAR,CAR,4200,CAR@ATL,1,FG_week18_exportin.csv
2024,18,week18,QB,Michael,Pratt,TB,TB,4200,NO@TB,1,FG_week18_exportin.csv
2024,18,week18,QB,Spencer,Rattler,NO,NO,4200,NO@TB,1,FG_week18_exportin.csv
2024,18,week18,QB,Desmond,Ridder,LV,LV,4200,LAC@LV,1,FG_week18_exportin.csv
2024,18,week18,QB,Brett,Rypien,MIN,MIN,4200,MIN@DET,1,FG_week18_exportin.csv
2024,18,week18,RB,Rhamondre,Stevenson,NE,NE,4200,BUF@NE,1,FG_week18_exportin.csv
2024,18,week18,QB,Easton,Stick,LAC,LAC,4200,LAC@LV,1,FG_week18_exportin.csv
2024,18,week18,QB,Jarrett,Stidham,DEN,DEN,4200,KC@DEN,1,FG_week18_exportin.csv
2024,18,week18,QB,Tyrod,Taylor,NYJ,NYJ,4200,MIA@NYJ,1,FG_week18_exportin.csv
2024,18,week18,QB,Skylar,Thompson,MIA,MIA,4200,MIA@NYJ,1,FG_week18_exportin.csv
2024,18,week18,QB,Dorian,Thompson-Robinson,CLE,CLE,4200,CLE@BAL,1,FG_week18_exportin.csv
2024,18,week18,QB,Kyle,Trask,TB,TB,4200,NO@TB,1,FG_week18_exportin.csv
2024,18,week18,QB,Clayton,Tune,ARI,ARI,4200,SF@ARI,1,FG_week18_exportin.csv
2024,18,week18,QB,Malik,Willis,GB,GB,4200,CHI@GB,1,FG_week18_exportin.csv
2024,18,week18,QB,Zach,Wilson,DEN,DEN,4200,KC@DEN,1,FG_week18_exportin.csv
2024,18,week18,QB,Jameis,Winston,CLE,CLE,4200,CLE@BAL,1,FG_week18_exportin.csv
2024,18,week18,QB,Bailey,Zappe,CLE,CLE,4200,CLE@BAL,1,FG_week18_exportin.csv
2024,18,week18,RB,Tank,Bigsby,JAX,JAC,4000,JAC@IND,1,FG_week18_exportin.csv
2024,18,week18,WR,Brandin,Cooks,DAL,DAL,4000,WAS@DAL,1,FG_week18_exportin.csv
2024,18,week18,TE,Dallas,Goedert,PHI,PHI,4000,NYG@PHI,1,FG_week18_exportin.csv
2024,18,week18,WR,Marvin,Mims Jr.,DEN,DEN,4000,KC@DEN,1,FG_week18_exportin.csv
2024,18,week18,WR,Rome,Odunze,CHI,CHI,4000,CHI@GB,1,FG_week18_exportin.csv
2024,18,week18,WR,Wan'Dale,Robinson,NYG,NYG,4000,NYG@PHI,1,FG_week18_exportin.csv
2024,18,week18,WR,Devaughn,Vele,DEN,DEN,4000,CLE@DEN,1,FG_week18_exportin.csv
2024,18,week18,WR,Jaylen,Waddle,MIA,MIA,4000,MIA@NYJ,1,FG_week18_exportin.csv
2024,18,week18,WR,DeMario,Douglas,NE,NE,3800,BUF@NE,1,FG_week18_exportin.csv
2024,18,week18,WR,Josh,Downs,IND,IND,3800,JAC@IND,1,FG_week18_exportin.csv
2024,18,week18,TE,Zach,Ertz,WAS,WAS,3800,WAS@DAL,1,FG_week18_exportin.csv
2024,18,week18,WR,CeeDee,Lamb,DAL,DAL,3800,WAS@DAL,1,FG_week18_exportin.csv
2024,18,week18,WR,Alec,Pierce,IND,IND,3800,JAC@IND,1,FG_week18_exportin.csv
2024,18,week18,RB,Miles,Sanders,CAR,CAR,3800,CAR@ATL,1,FG_week18_exportin.csv
2024,18,week18,WR,Calvin,Austin III,PIT,PIT,3600,CIN@PIT,1,FG_week18_exportin.csv
2024,18,week18,WR,Kayshon,Boutte,NE,NE,3600,BUF@NE,1,FG_week18_exportin.csv
2024,18,week18,WR,Hollywood,Brown,KC,KC,3600,KC@DEN,1,FG_week18_exportin.csv
2024,18,week18,WR,Jalen,Coker,CAR,CAR,3600,CAR@ATL,1,FG_week18_exportin.csv
2024,18,week18,RB,Gus,Edwards,LAC,LAC,3600,LAC@LV,1,FG_week18_exportin.csv
2024,18,week18,RB,Travis,Etienne Jr.,JAX,JAC,3600,JAC@IND,1,FG_week18_exportin.csv
2024,18,week18,WR,DeAndre,Hopkins,KC,KC,3600,KC@DEN,1,FG_week18_exportin.csv
2024,18,week18,RB,Chuba,Hubbard,CAR,CAR,3600,CAR@ATL,1,FG_week18_exportin.csv
2024,18,week18,RB,Alexander,Mattison,LV,LV,3600,LAC@LV,1,FG_week18_exportin.csv
2024,18,week18,WR,Jayden,Reed,GB,GB,3600,CHI@GB,1,FG_week18_exportin.csv
2024,18,week18,WR,Cedric,Tillman,CLE,CLE,3600,CLE@BAL,1,FG_week18_exportin.csv
2024,18,week18,WR,Christian,Watson,GB,GB,3600,CHI@GB,1,FG_week18_exportin.csv
2024,18,week18,WR,Nick,Westbrook-Ikhine,TEN,TEN,3600,HOU@TEN,1,FG_week18_exportin.csv
2024,18,week18,DEF,Denver,Broncos,DEN,DEN,3400,CLE@DEN,1,FG_week18_exportin.csv
2024,18,week18,WR,Keon,Coleman,BUF,BUF,3400,BUF@NE,1,FG_week18_exportin.csv
2024,18,week18,WR,Amari,Cooper,BUF,BUF,3400,BUF@NE,1,FG_week18_exportin.csv
2024,18,week18,TE,Pat,Freiermuth,PIT,PIT,3400,CIN@PIT,1,FG_week18_exportin.csv
2024,18,week18,TE,Hunter,Henry,NE,NE,3400,BUF@NE,1,FG_week18_exportin.csv
2024,18,week18,RB,Justice,Hill,BAL,BAL,3400,CLE@BAL,1,FG_week18_exportin.csv
2024,18,week18,TE,T.J.,Hockenson,MIN,MIN,3400,MIN@DET,1,FG_week18_exportin.csv
2024,18,week18,TE,Tucker,Kraft,GB,GB,3400,CHI@GB,1,FG_week18_exportin.csv
2024,18,week18,WR,Xavier,Legette,CAR,CAR,3400,CAR@ATL,1,FG_week18_exportin.csv
2024,18,week18,RB,David,Montgomery,DET,DET,3400,MIN@DET,1,FG_week18_exportin.csv
2024,18,week18,WR,Tim,Patrick,DET,DET,3400,MIN@DET,1,FG_week18_exportin.csv
2024,18,week18,WR,Tyrell,Shavers,BUF,BUF,3400,BUF@NE,1,FG_week18_exportin.csv
2024,18,week18,WR,Marquez,Valdes-Scantling,NO,NO,3400,NO@TB,1,FG_week18_exportin.csv
2024,18,week18,WR,Parker,Washington,JAX,JAC,3400,JAC@IND,1,FG_week18_exportin.csv
2024,18,week18,WR,Olamide,Zaccheaus,WAS,WAS,3400,WAS@DAL,1,FG_week18_exportin.csv
2024,18,week18,TE,Tyler,Conklin,NYJ,NYJ,3200,MIA@NYJ,1,FG_week18_exportin.csv
2024,18,week18,RB,Antonio,Gibson,NE,NE,3200,BUF@NE,1,FG_week18_exportin.csv
2024,18,week18,WR,Andrei,Iosivas,CIN,CIN,3200,CIN@PIT,1,FG_week18_exportin.csv
2024,18,week18,WR,Ray-Ray,McCloud,ATL,ATL,3200,CAR@ATL,1,FG_week18_exportin.csv
2024,18,week18,TE,Chig,Okonkwo,TEN,TEN,3200,HOU@TEN,1,FG_week18_exportin.csv
2024,18,week18,TE,Cade,Otton,TB,TB,3200,NO@TB,1,FG_week18_exportin.csv
2024,18,week18,RB,Isiah,Pacheco,KC,KC,3200,KC@DEN,1,FG_week18_exportin.csv
2024,18,week18,WR,Joshua,Palmer,LAC,LAC,3200,LAC@LV,1,FG_week18_exportin.csv
2024,18,week18,TE,Dalton,Schultz,HOU,HOU,3200,HOU@TEN,1,FG_week18_exportin.csv
2024,18,week18,WR,Jalen,Tolbert,DAL,DAL,3200,WAS@DAL,1,FG_week18_exportin.csv
2024,18,week18,WR,Kendrick,Bourne,NE,NE,3000,BUF@NE,1,FG_week18_exportin.csv
2024,18,week18,TE,Mike,Gesicki,CIN,CIN,3000,CIN@PIT,1,FG_week18_exportin.csv
2024,18,week18,TE,Juwan,Johnson,NO,NO,3000,NO@TB,1,FG_week18_exportin.csv
2024,18,week18,TE,Isaiah,Likely,BAL,BAL,3000,CLE@BAL,1,FG_week18_exportin.csv
2024,18,week18,RB,Jaleel,McLaughlin,DEN,DEN,3000,KC@DEN,1,FG_week18_exportin.csv
2024,18,week18,WR,John,Metchie III,HOU,HOU,3000,HOU@TEN,1,FG_week18_exportin.csv
2024,18,week18,WR,Sterling,Shepard,TB,TB,3000,NO@TB,1,FG_week18_exportin.csv
2024,18,week18,WR,Michael,Wilson,ARI,ARI,3000,SF@ARI,1,FG_week18_exportin.csv
2024,18,week18,RB,Tyler,Allgeier,ATL,ATL,2800,CAR@ATL,1,FG_week18_exportin.csv
2024,18,week18,TE,Noah,Fant,SEA,SEA,2800,SEA@LA,1,FG_week18_exportin.csv
2024,18,week18,RB,Kendre,Miller,NO,NO,2800,NO@TB,1,FG_week18_exportin.csv
2024,18,week18,WR,David,Moore,CAR,CAR,2800,CAR@ATL,1,FG_week18_exportin.csv
2024,18,week18,TE,Kyle,Pitts,ATL,ATL,2800,CAR@ATL,1,FG_week18_exportin.csv
2024,18,week18,WR,Tre,Tucker,LV,LV,2800,LAC@LV,1,FG_week18_exportin.csv
2024,18,week18,WR,Dontayvion,Wicks,GB,GB,2800,CHI@GB,1,FG_week18_exportin.csv
2024,18,week18,RB,Javonte,Williams,DEN,DEN,2800,KC@DEN,1,FG_week18_exportin.csv
2024,18,week18,DEF,Cleveland,Browns,CLE,CLE,2600,CLE@DEN,1,FG_week18_exportin.csv
2024,18,week18,TE,Will,Dissly,LAC,LAC,2600,LAC@LV,1,FG_week18_exportin.csv
2024,18,week18,TE,Austin,Hooper,NE,NE,2600,BUF@NE,1,FG_week18_exportin.csv
2024,18,week18,RB,Ty,Johnson,BUF,BUF,2600,BUF@NE,1,FG_week18_exportin.csv
2024,18,week18,TE,Dalton,Kincaid,BUF,BUF,2600,BUF@NE,1,FG_week18_exportin.csv
2024,18,week18,TE,Foster,Moreau,NO,NO,2600,NO@TB,1,FG_week18_exportin.csv
2024,18,week18,RB,Raheem,Mostert,MIA,MIA,2600,MIA@NYJ,1,FG_week18_exportin.csv
2024,18,week18,WR,KaVontae,Turpin,DAL,DAL,2600,WAS@DAL,1,FG_week18_exportin.csv
2024,18,week18,WR,Devaughn,Vele,DEN,DEN,2600,KC@DEN,1,FG_week18_exportin.csv
2024,18,week18,RB,Cam,Akers,MIN,MIN,2400,MIN@DET,1,FG_week18_exportin.csv
2024,18,week18,WR,Dyami,Brown,WAS,WAS,2400,WAS@DAL,1,FG_week18_exportin.csv
2024,18,week18,TE,Jake,Ferguson,DAL,DAL,2400,WAS@DAL,1,FG_week18_exportin.csv
2024,18,week18,TE,Noah,Gray,KC,KC,2400,KC@DEN,1,FG_week18_exportin.csv
2024,18,week18,WR,Mack,Hollins,BUF,BUF,2400,BUF@NE,1,FG_week18_exportin.csv
2024,18,week18,WR,Allen,Lazard,NYJ,NYJ,2400,MIA@NYJ,1,FG_week18_exportin.csv
2024,18,week18,WR,Darius,Slayton,NYG,NYG,2400,NYG@PHI,1,FG_week18_exportin.csv
2024,18,week18,RB,Israel,Abanikanda,SF,SF,2200,SF@ARI,1,FG_week18_exportin.csv
2024,18,week18,TE,Nate,Adkins,DEN,DEN,2200,KC@DEN,1,FG_week18_exportin.csv
2024,18,week18,WR,Nelson,Agholor,BAL,BAL,2200,CLE@BAL,1,FG_week18_exportin.csv
2024,18,week18,TE,Jordan,Akins,CLE,CLE,2200,CLE@BAL,1,FG_week18_exportin.csv
2024,18,week18,RB,Rasheen,Ali,BAL,BAL,2200,CLE@BAL,1,FG_week18_exportin.csv
2024,18,week18,TE,Mo,Alie-Cox,IND,IND,2200,JAC@IND,1,FG_week18_exportin.csv
2024,18,week18,RB,Braelon,Allen,NYJ,NYJ,2200,MIA@NYJ,1,FG_week18_exportin.csv
2024,18,week18,TE,Davis,Allen,LAR,LA,2200,SEA@LA,1,FG_week18_exportin.csv
2024,18,week18,WR,Tutu,Atwell,LAR,LA,2200,SEA@LA,1,FG_week18_exportin.csv
2024,18,week18,WR,Kevin,Austin Jr.,NO,NO,2200,NO@TB,1,FG_week18_exportin.csv
2024,18,week18,RB,Tyler,Badie,DEN,DEN,2200,KC@DEN,1,FG_week18_exportin.csv
2024,18,week18,RB,Tyler,Badie,DEN,DEN,2200,CLE@DEN,1,FG_week18_exportin.csv
2024,18,week18,WR,Javon,Baker,NE,NE,2200,BUF@NE,1,FG_week18_exportin.csv
2024,18,week18,TE,AJ,Barner,SEA,SEA,2200,SEA@LA,1,FG_week18_exportin.csv
2024,18,week18,TE,Brenden,Bates,CLE,CLE,2200,CLE@BAL,1,FG_week18_exportin.csv
2024,18,week18,TE,John,Bates,WAS,WAS,2200,WAS@DAL,1,FG_week18_exportin.csv
2024,18,week18,TE,Jaheim,Bell,NE,NE,2200,BUF@NE,1,FG_week18_exportin.csv
2024,18,week18,TE,Daniel,Bellinger,NYG,NYG,2200,NYG@PHI,1,FG_week18_exportin.csv
2024,18,week18,RB,Trey,Benson,ARI,ARI,2200,SF@ARI,1,FG_week18_exportin.csv
2024,18,week18,RB,Raheem,Blackshear,CAR,CAR,2200,CAR@ATL,1,FG_week18_exportin.csv
2024,18,week18,WR,Chris,Blair,ATL,ATL,2200,CAR@ATL,1,FG_week18_exportin.csv
2024,18,week18,WR,Jake,Bobo,SEA,SEA,2200,SEA@LA,1,FG_week18_exportin.csv
2024,18,week18,RB,Mike,Boone,CAR,CAR,2200,CAR@ATL,1,FG_week18_exportin.csv
2024,18,week18,WR,Tyler,Boyd,TEN,TEN,2200,HOU@TEN,1,FG_week18_exportin.csv
2024,18,week18,RB,Chris,Brooks,GB,GB,2200,CHI@GB,1,FG_week18_exportin.csv
2024,18,week18,WR,Jalen,Brooks,DAL,DAL,2200,WAS@DAL,1,FG_week18_exportin.csv
2024,18,week18,TE,Pharaoh,Brown,SEA,SEA,2200,SEA@LA,1,FG_week18_exportin.csv
2024,18,week18,TE,Harrison,Bryant,LV,LV,2200,LAC@LV,1,FG_week18_exportin.csv
2024,18,week18,RB,Robert,Burns,ATL,ATL,2200,CAR@ATL,1,FG_week18_exportin.csv
2024,18,week18,RB,Michael,Burton,DEN,DEN,2200,KC@DEN,1,FG_week18_exportin.csv
2024,18,week18,WR,Jermaine,Burton,CIN,CIN,2200,CIN@PIT,1,FG_week18_exportin.csv
2024,18,week18,RB,Michael,Burton,DEN,DEN,2200,CLE@DEN,1,FG_week18_exportin.csv
2024,18,week18,TE,Grant,Calcaterra,PHI,PHI,2200,NYG@PHI,1,FG_week18_exportin.csv
2024,18,week18,TE,Stephen,Carlson,CHI,CHI,2200,CHI@GB,1,FG_week18_exportin.csv
2024,18,week18,RB,Ty,Chandler,MIN,MIN,2200,MIN@DET,1,FG_week18_exportin.csv
2024,18,week18,WR,DJ,Chark Jr.,LAC,LAC,2200,LAC@LV,1,FG_week18_exportin.csv
2024,18,week18,RB,Julius,Chestnut,TEN,TEN,2200,HOU@TEN,1,FG_week18_exportin.csv
2024,18,week18,WR,Dan,Chisena,CAR,CAR,2200,CAR@ATL,1,FG_week18_exportin.csv
2024,18,week18,RB,Chris,Collier,LV,LV,2200,LAC@LV,1,FG_week18_exportin.csv
2024,18,week18,WR,Chris,Conley,SF,SF,2200,SF@ARI,1,FG_week18_exportin.csv
2024,18,week18,TE,Tanner,Conner,MIA,MIA,2200,MIA@NYJ,1,FG_week18_exportin.csv
2024,18,week18,WR,Malachi,Corley,NYJ,NYJ,2200,MIA@NYJ,1,FG_week18_exportin.csv
2024,18,week18,RB,Blake,Corum,LAR,LA,2200,SEA@LA,1,FG_week18_exportin.csv
2024,18,week18,WR,Britain,Covey,PHI,PHI,2200,NYG@PHI,1,FG_week18_exportin.csv
2024,18,week18,WR,Jacob,Cowing,SF,SF,2200,SF@ARI,1,FG_week18_exportin.csv
2024,18,week18,WR,River,Cracraft,MIA,MIA,2200,MIA@NYJ,1,FG_week18_exportin.csv
2024,18,week18,WR,Jamison,Crowder,WAS,WAS,2200,WAS@DAL,1,FG_week18_exportin.csv
2024,18,week18,TE,Devin,Culp,TB,TB,2200,NO@TB,1,FG_week18_exportin.csv
2024,18,week18,RB,DeeJay,Dallas,ARI,ARI,2200,SF@ARI,1,FG_week18_exportin.csv
2024,18,week18,WR,Jaelon,Darden,SEA,SEA,2200,SEA@LA,1,FG_week18_exportin.csv
2024,18,week18,RB,Isaiah,Davis,NYJ,NYJ,2200,MIA@NYJ,1,FG_week18_exportin.csv
2024,18,week18,RB,Ray,Davis,BUF,BUF,2200,BUF@NE,1,FG_week18_exportin.csv
2024,18,week18,WR,Derius,Davis,LAC,LAC,2200,LAC@LV,1,FG_week18_exportin.csv
2024,18,week18,RB,Tyrion,Davis-Price,PHI,PHI,2200,NYG@PHI,1,FG_week18_exportin.csv
2024,18,week18,TE,Josiah,Deguara,JAX,JAC,2200,JAC@IND,1,FG_week18_exportin.csv
2024,18,week18,WR,Greg,Dortch,ARI,ARI,2200,SF@ARI,1,FG_week18_exportin.csv
2024,18,week18,WR,Jahan,Dotson,PHI,PHI,2200,NYG@PHI,1,FG_week18_exportin.csv
2024,18,week18,WR,Colton,Dowell,TEN,TEN,2200,HOU@TEN,1,FG_week18_exportin.csv
2024,18,week18,TE,Greg,Dulcich,NYG,NYG,2200,NYG@PHI,1,FG_week18_exportin.csv
2024,18,week18,WR,Ashton,Dulin,IND,IND,2200,JAC@IND,1,FG_week18_exportin.csv
2024,18,week18,TE,Payne,Durham,TB,TB,2200,NO@TB,1,FG_week18_exportin.csv
2024,18,week18,WR,Devin,Duvernay,JAX,JAC,2200,JAC@IND,1,FG_week18_exportin.csv
2024,18,week18,TE,Ross,Dwelley,ATL,ATL,2200,CAR@ATL,1,FG_week18_exportin.csv
2024,18,week18,RB,Clyde,Edwards-Helaire,NO,NO,2200,NO@TB,1,FG_week18_exportin.csv
2024,18,week18,RB,Ezekiel,Elliott,DAL,DAL,2200,WAS@DAL,1,FG_week18_exportin.csv
2024,18,week18,WR,Dee,Eskridge,MIA,MIA,2200,MIA@NYJ,1,FG_week18_exportin.csv
2024,18,week18,RB,Audric,Estime,DEN,DEN,2200,KC@DEN,1,FG_week18_exportin.csv
2024,18,week18,RB,Audric,Estime,DEN,DEN,2200,CLE@DEN,1,FG_week18_exportin.csv
2024,18,week18,RB,Darrynton,Evans,CHI,CHI,2200,CHI@GB,1,FG_week18_exportin.csv
2024,18,week18,TE,Gerald,Everett,CHI,CHI,2200,CHI@GB,1,FG_week18_exportin.csv
2024,18,week18,WR,Erik,Ezukanma,MIA,MIA,2200,MIA@NYJ,1,FG_week18_exportin.csv
2024,18,week18,TE,Princeton,Fant,DAL,DAL,2200,WAS@DAL,1,FG_week18_exportin.csv
2024,18,week18,TE,Luke,Farrell,JAX,JAC,2200,JAC@IND,1,FG_week18_exportin.csv
2024,18,week18,WR,Simi,Fehoko,LAC,LAC,2200,LAC@LV,1,FG_week18_exportin.csv
2024,18,week18,TE,Tucker,Fisk,LAC,LAC,2200,LAC@LV,1,FG_week18_exportin.csv
2024,18,week18,TE,John,FitzPatrick,GB,GB,2200,CHI@GB,1,FG_week18_exportin.csv
2024,18,week18,WR,Ryan,Flournoy,DAL,DAL,2200,WAS@DAL,1,FG_week18_exportin.csv
2024,18,week18,WR,Bryce,Ford-Wheaton,NYG,NYG,2200,NYG@PHI,1,FG_week18_exportin.csv
2024,18,week18,RB,D'Onta,Foreman,CLE,CLE,2200,CLE@BAL,1,FG_week18_exportin.csv
2024,18,week18,WR,Troy,Franklin,DEN,DEN,2200,KC@DEN,1,FG_week18_exportin.csv
2024,18,week18,WR,Troy,Franklin,DEN,DEN,2200,CLE@DEN,1,FG_week18_exportin.csv
2024,18,week18,TE,Feleipe,Franks,CAR,CAR,2200,CAR@ATL,1,FG_week18_exportin.csv
2024,18,week18,RB,Kenneth,Gainwell,PHI,PHI,2200,NYG@PHI,1,FG_week18_exportin.csv
2024,18,week18,RB,Reggie,Gilliam,BUF,BUF,2200,BUF@NE,1,FG_week18_exportin.csv
2024,18,week18,WR,Xavier,Gipson,NYJ,NYJ,2200,MIA@NYJ,1,FG_week18_exportin.csv
2024,18,week18,RB,Tyler,Goodson,IND,IND,2200,JAC@IND,1,FG_week18_exportin.csv
2024,18,week18,WR,Anthony,Gould,IND,IND,2200,JAC@IND,1,FG_week18_exportin.csv
2024,18,week18,TE,Cam,Grandy,CIN,CIN,2200,CIN@PIT,1,FG_week18_exportin.csv
2024,18,week18,TE,Kylen,Granson,IND,IND,2200,JAC@IND,1,FG_week18_exportin.csv
2024,18,week18,RB,Eric,Gray,NYG,NYG,2200,NYG@PHI,1,FG_week18_exportin.csv
2024,18,week18,RB,C.J.,Ham,MIN,MIN,2200,MIN@DET,1,FG_week18_exportin.csv
2024,18,week18,WR,Mecole,Hardman,KC,KC,2200,KC@DEN,1,FG_week18_exportin.csv
2024,18,week18,WR,Deonte,Harty,BAL,BAL,2200,CLE@BAL,1,FG_week18_exportin.csv
2024,18,week18,RB,Hassan,Haskins,LAC,LAC,2200,LAC@LV,1,FG_week18_exportin.csv
2024,18,week18,RB,JaMycal,Hasty,NE,NE,2200,BUF@NE,1,FG_week18_exportin.csv
2024,18,week18,WR,Malik,Heath,GB,GB,2200,CHI@GB,1,FG_week18_exportin.csv
2024,18,week18,TE,Peyton,Hendershot,KC,KC,2200,KC@DEN,1,FG_week18_exportin.csv
2024,18,week18,RB,Khalil,Herbert,CIN,CIN,2200,CIN@PIT,1,FG_week18_exportin.csv
2024,18,week18,TE,Connor,Heyward,PIT,PIT,2200,CIN@PIT,1,FG_week18_exportin.csv
2024,18,week18,TE,Tyler,Higbee,LAR,LA,2200,SEA@LA,1,FG_week18_exportin.csv
2024,18,week18,TE,Elijah,Higgins,ARI,ARI,2200,SF@ARI,1,FG_week18_exportin.csv
2024,18,week18,TE,Julian,Hill,MIA,MIA,2200,MIA@NYJ,1,FG_week18_exportin.csv
2024,18,week18,RB,Nyheim,Hines,CLE,CLE,2200,CLE@DEN,1,FG_week18_exportin.csv
2024,18,week18,WR,KhaDarel,Hodge,ATL,ATL,2200,CAR@ATL,1,FG_week18_exportin.csv
2024,18,week18,RB,George,Holani,SEA,SEA,2200,SEA@LA,1,FG_week18_exportin.csv
2024,18,week18,TE,Dallin,Holker,NO,NO,2200,NO@TB,1,FG_week18_exportin.csv
2024,18,week18,RB,Travis,Homer,CHI,CHI,2200,CHI@GB,1,FG_week18_exportin.csv
2024,18,week18,TE,Tanner,Hudson,CIN,CIN,2200,CIN@PIT,1,FG_week18_exportin.csv
2024,18,week18,WR,Lil'Jordan,Humphrey,DEN,DEN,2200,KC@DEN,1,FG_week18_exportin.csv
2024,18,week18,TE,Hayden,Hurst,LAC,LAC,2200,LAC@LV,1,FG_week18_exportin.csv
2024,18,week18,WR,Xavier,Hutchinson,HOU,HOU,2200,HOU@TEN,1,FG_week18_exportin.csv
2024,18,week18,WR,Jalin,Hyatt,NYG,NYG,2200,NYG@PHI,1,FG_week18_exportin.csv
2024,18,week18,RB,Alec,Ingold,MIA,MIA,2200,MIA@NYJ,1,FG_week18_exportin.csv
2024,18,week18,WR,Jha'Quan,Jackson,TEN,TEN,2200,HOU@TEN,1,FG_week18_exportin.csv
2024,18,week18,WR,Rakim,Jarrett,TB,TB,2200,NO@TB,1,FG_week18_exportin.csv
2024,18,week18,WR,Van,Jefferson,PIT,PIT,2200,CIN@PIT,1,FG_week18_exportin.csv
2024,18,week18,TE,E.J.,Jenkins,PHI,PHI,2200,NYG@PHI,1,FG_week18_exportin.csv
2024,18,week18,RB,Terrell,Jennings,NE,NE,2200,BUF@NE,1,FG_week18_exportin.csv
2024,18,week18,RB,Roschon,Johnson,CHI,CHI,2200,CHI@GB,1,FG_week18_exportin.csv
2024,18,week18,RB,D'Ernest,Johnson,JAX,JAC,2200,JAC@IND,1,FG_week18_exportin.csv
2024,18,week18,WR,Collin,Johnson,CHI,CHI,2200,CHI@GB,1,FG_week18_exportin.csv
2024,18,week18,WR,Kameron,Johnson,TB,TB,2200,NO@TB,1,FG_week18_exportin.csv
2024,18,week18,WR,Diontae,Johnson,HOU,HOU,2200,HOU@TEN,1,FG_week18_exportin.csv
2024,18,week18,WR,Tyler,Johnson,LAR,LA,2200,SEA@LA,1,FG_week18_exportin.csv
2024,18,week18,WR,Tim,Jones,JAX,JAC,2200,JAC@IND,1,FG_week18_exportin.csv
2024,18,week18,WR,Zay,Jones,ARI,ARI,2200,SF@ARI,1,FG_week18_exportin.csv
2024,18,week18,WR,Charlie,Jones,CIN,CIN,2200,CIN@PIT,1,FG_week18_exportin.csv
2024,18,week18,WR,Velus,Jones Jr.,CAR,CAR,2200,CAR@ATL,1,FG_week18_exportin.csv
2024,18,week18,RB,Kyle,Juszczyk,SF,SF,2200,SF@ARI,1,FG_week18_exportin.csv
2024,18,week18,RB,Joshua,Kelley,TEN,TEN,2200,HOU@TEN,1,FG_week18_exportin.csv
2024,18,week18,WR,Tom,Kennedy,DET,DET,2200,MIN@DET,1,FG_week18_exportin.csv
2024,18,week18,WR,Ramel,Keyton,LV,LV,2200,LAC@LV,1,FG_week18_exportin.csv
2024,18,week18,TE,Ko,Kieft,TB,TB,2200,NO@TB,1,FG_week18_exportin.csv
2024,18,week18,WR,Mason,Kinsey,TEN,TEN,2200,HOU@TEN,1,FG_week18_exportin.csv
2024,18,week18,TE,Cole,Kmet,CHI,CHI,2200,CHI@GB,1,FG_week18_exportin.csv
2024,18,week18,TE,Dawson,Knox,BUF,BUF,2200,BUF@NE,1,FG_week18_exportin.csv
2024,18,week18,TE,Charlie,Kolar,BAL,BAL,2200,CLE@BAL,1,FG_week18_exportin.csv
2024,18,week18,TE,Lucas,Krull,DEN,DEN,2200,KC@DEN,1,FG_week18_exportin.csv
2024,18,week18,RB,Dylan,Laube,LV,LV,2200,LAC@LV,1,FG_week18_exportin.csv
2024,18,week18,TE,Marcedes,Lewis,CHI,CHI,2200,CHI@GB,1,FG_week18_exportin.csv
2024,18,week18,RB,MarShawn,Lloyd,GB,GB,2200,CHI@GB,1,FG_week18_exportin.csv
2024,18,week18,WR,Tyler,Lockett,SEA,SEA,2200,SEA@LA,1,FG_week18_exportin.csv
2024,18,week18,TE,Hunter,Long,LAR,LA,2200,SEA@LA,1,FG_week18_exportin.csv
2024,18,week18,RB,Hunter,Luepke,DAL,DAL,2200,WAS@DAL,1,FG_week18_exportin.csv
2024,18,week18,TE,Will,Mallory,IND,IND,2200,JAC@IND,1,FG_week18_exportin.csv
2024,18,week18,TE,Chris,Manhertz,NYG,NYG,2200,NYG@PHI,1,FG_week18_exportin.csv
2024,18,week18,WR,Terrace,Marshall Jr.,LV,LV,2200,LAC@LV,1,FG_week18_exportin.csv
2024,18,week18,TE,David,Martin-Robinson,TEN,TEN,2200,HOU@TEN,1,FG_week18_exportin.csv
2024,18,week18,RB,Scott,Matlock,LAC,LAC,2200,LAC@LV,1,FG_week18_exportin.csv
2024,18,week18,TE,Michael,Mayer,LV,LV,2200,LAC@LV,1,FG_week18_exportin.csv
2024,18,week18,WR,Luke,McCaffrey,WAS,WAS,2200,WAS@DAL,1,FG_week18_exportin.csv
2024,18,week18,RB,Kenny,McIntosh,SEA,SEA,2200,SEA@LA,1,FG_week18_exportin.csv
2024,18,week18,TE,Tanner,McLachlan,CIN,CIN,2200,CIN@PIT,1,FG_week18_exportin.csv
2024,18,week18,RB,Jeremy,McNichols,WAS,WAS,2200,WAS@DAL,1,FG_week18_exportin.csv
2024,18,week18,WR,Bo,Melton,GB,GB,2200,CHI@GB,1,FG_week18_exportin.csv
2024,18,week18,WR,Ryan,Miller,TB,TB,2200,NO@TB,1,FG_week18_exportin.csv
2024,18,week18,WR,Scotty,Miller,PIT,PIT,2200,CIN@PIT,1,FG_week18_exportin.csv
2024,18,week18,RB,Jordan,Mims,NO,NO,2200,NO@TB,1,FG_week18_exportin.csv
2024,18,week18,WR,Jonathan,Mingo,DAL,DAL,2200,WAS@DAL,1,FG_week18_exportin.csv
2024,18,week18,RB,Keaton,Mitchell,BAL,BAL,2200,CLE@BAL,1,FG_week18_exportin.csv
2024,18,week18,WR,Adonai,Mitchell,IND,IND,2200,JAC@IND,1,FG_week18_exportin.csv
2024,18,week18,WR,Elijah,Moore,CLE,CLE,2200,CLE@BAL,1,FG_week18_exportin.csv
2024,18,week18,WR,Skyy,Moore,KC,KC,2200,KC@DEN,1,FG_week18_exportin.csv
2024,18,week18,WR,Jaylon,Moore,JAX,JAC,2200,JAC@IND,1,FG_week18_exportin.csv
2024,18,week18,TE,Quintin,Morris,BUF,BUF,2200,BUF@NE,1,FG_week18_exportin.csv
2024,18,week18,TE,Johnny,Mundt,MIN,MIN,2200,MIN@DET,1,FG_week18_exportin.csv
2024,18,week18,TE,Luke,Musgrave,GB,GB,2200,CHI@GB,1,FG_week18_exportin.csv
2024,18,week18,WR,Jalen,Nailor,MIN,MIN,2200,MIN@DET,1,FG_week18_exportin.csv
2024,18,week18,TE,Drew,Ogletree,IND,IND,2200,JAC@IND,1,FG_week18_exportin.csv
2024,18,week18,RB,Dare,Ogunbowale,HOU,HOU,2200,HOU@TEN,1,FG_week18_exportin.csv
2024,18,week18,TE,Josh,Oliver,MIN,MIN,2200,MIN@DET,1,FG_week18_exportin.csv
2024,18,week18,WR,Bryce,Oliver,TEN,TEN,2200,HOU@TEN,1,FG_week18_exportin.csv
2024,18,week18,WR,Gunner,Olszewski,NYG,NYG,2200,NYG@PHI,1,FG_week18_exportin.csv
2024,18,week18,WR,K.J.,Osborn,WAS,WAS,2200,WAS@DAL,1,FG_week18_exportin.csv
2024,18,week18,WR,Trey,Palmer,TB,TB,2200,NO@TB,1,FG_week18_exportin.csv
2024,18,week18,TE,Colby,Parkinson,LAR,LA,2200,SEA@LA,1,FG_week18_exportin.csv
2024,18,week18,WR,Zach,Pascal,ARI,ARI,2200,SF@ARI,1,FG_week18_exportin.csv
2024,18,week18,RB,Cordarrelle,Patterson,PIT,PIT,2200,CIN@PIT,1,FG_week18_exportin.csv
2024,18,week18,WR,Ricky,Pearsall,SF,SF,2200,SF@ARI,1,FG_week18_exportin.csv
2024,18,week18,RB,Samaje,Perine,KC,KC,2200,KC@DEN,1,FG_week18_exportin.csv
2024,18,week18,WR,Dante,Pettis,NO,NO,2200,NO@TB,1,FG_week18_exportin.csv
2024,18,week18,RB,Dameon,Pierce,HOU,HOU,2200,HOU@TEN,1,FG_week18_exportin.csv
2024,18,week18,WR,Ja'Lynn,Polk,NE,NE,2200,BUF@NE,1,FG_week18_exportin.csv
2024,18,week18,WR,Brandon,Powell,MIN,MIN,2200,MIN@DET,1,FG_week18_exportin.csv
2024,18,week18,RB,Adam,Prentice,NO,NO,2200,NO@TB,1,FG_week18_exportin.csv
2024,18,week18,WR,James,Proche II,CLE,CLE,2200,CLE@BAL,1,FG_week18_exportin.csv
2024,18,week18,TE,MyCole,Pruitt,PIT,PIT,2200,CIN@PIT,1,FG_week18_exportin.csv
2024,18,week18,TE,Teagan,Quitoriano,HOU,HOU,2200,HOU@TEN,1,FG_week18_exportin.csv
2024,18,week18,WR,Kalif,Raymond,DET,DET,2200,MIN@DET,1,FG_week18_exportin.csv
2024,18,week18,TE,Tip,Reiman,ARI,ARI,2200,SF@ARI,1,FG_week18_exportin.csv
2024,18,week18,WR,Nikko,Remigio,KC,KC,2200,KC@DEN,1,FG_week18_exportin.csv
2024,18,week18,RB,Craig,Reynolds,DET,DET,2200,MIN@DET,1,FG_week18_exportin.csv
2024,18,week18,WR,Josh,Reynolds,JAX,JAC,2200,JAC@IND,1,FG_week18_exportin.csv
2024,18,week18,WR,Josh,Reynolds,DEN,DEN,2200,CLE@DEN,1,FG_week18_exportin.csv
2024,18,week18,RB,Patrick,Ricard,BAL,BAL,2200,CLE@BAL,1,FG_week18_exportin.csv
2024,18,week18,WR,Brenden,Rice,LAC,LAC,2200,LAC@LV,1,FG_week18_exportin.csv
2024,18,week18,RB,Ronnie,Rivers,LAR,LA,2200,SEA@LA,1,FG_week18_exportin.csv
2024,18,week18,RB,Keilan,Robinson,JAX,JAC,2200,JAC@IND,1,FG_week18_exportin.csv
2024,18,week18,WR,Allen,Robinson,DET,DET,2200,MIN@DET,1,FG_week18_exportin.csv
2024,18,week18,WR,Demarcus,Robinson,LAR,LA,2200,SEA@LA,1,FG_week18_exportin.csv
2024,18,week18,RB,Chris,Rodriguez Jr.,WAS,WAS,2200,WAS@DAL,1,FG_week18_exportin.csv
2024,18,week18,TE,Jeremy,Ruckert,NYJ,NYJ,2200,MIA@NYJ,1,FG_week18_exportin.csv
2024,18,week18,TE,Brady,Russell,SEA,SEA,2200,SEA@LA,1,FG_week18_exportin.csv
2024,18,week18,TE,Drew,Sample,CIN,CIN,2200,CIN@PIT,1,FG_week18_exportin.csv
2024,18,week18,WR,Curtis,Samuel,BUF,BUF,2200,BUF@NE,1,FG_week18_exportin.csv
2024,18,week18,TE,Ja'Tavion,Sanders,CAR,CAR,2200,CAR@ATL,1,FG_week18_exportin.csv
2024,18,week18,TE,Eric,Saubert,SF,SF,2200,SF@ARI,1,FG_week18_exportin.csv
2024,18,week18,TE,Luke,Schoonmaker,DAL,DAL,2200,WAS@DAL,1,FG_week18_exportin.csv
2024,18,week18,RB,Cody,Schrader,LAR,LA,2200,SEA@LA,1,FG_week18_exportin.csv
2024,18,week18,WR,Tyler,Scott,CHI,CHI,2200,CHI@GB,1,FG_week18_exportin.csv
2024,18,week18,RB,Trey,Sermon,IND,IND,2200,JAC@IND,1,FG_week18_exportin.csv
2024,18,week18,TE,John Samuel,Shenker,LV,LV,2200,LAC@LV,1,FG_week18_exportin.csv
2024,18,week18,WR,Trent,Sherfield Sr.,MIN,MIN,2200,MIN@DET,1,FG_week18_exportin.csv
2024,18,week18,RB,Will,Shipley,PHI,PHI,2200,NYG@PHI,1,FG_week18_exportin.csv
2024,18,week18,TE,Justin,Shorter,LV,LV,2200,LAC@LV,1,FG_week18_exportin.csv
2024,18,week18,WR,David,Sills V,DEN,DEN,2200,KC@DEN,1,FG_week18_exportin.csv
2024,18,week18,TE,Ben,Sims,GB,GB,2200,CHI@GB,1,FG_week18_exportin.csv
2024,18,week18,WR,Steven,Sims,BAL,BAL,2200,CLE@BAL,1,FG_week18_exportin.csv
2024,18,week18,RB,Devin,Singletary,NYG,NYG,2200,NYG@PHI,1,FG_week18_exportin.csv
2024,18,week18,TE,Ben,Sinnott,WAS,WAS,2200,WAS@DAL,1,FG_week18_exportin.csv
2024,18,week18,WR,Ben,Skowronek,PIT,PIT,2200,CIN@PIT,1,FG_week18_exportin.csv
2024,18,week18,TE,Stone,Smartt,LAC,LAC,2200,LAC@LV,1,FG_week18_exportin.csv
2024,18,week18,TE,Irv,Smith,HOU,HOU,2200,HOU@TEN,1,FG_week18_exportin.csv
2024,18,week18,WR,Ainias,Smith,PHI,PHI,2200,NYG@PHI,1,FG_week18_exportin.csv
2024,18,week18,WR,Xavier,Smith,LAR,LA,2200,SEA@LA,1,FG_week18_exportin.csv
2024,18,week18,WR,Ihmir,Smith-Marsette,NYG,NYG,2200,NYG@PHI,1,FG_week18_exportin.csv
2024,18,week18,WR,JuJu,Smith-Schuster,KC,KC,2200,KC@DEN,1,FG_week18_exportin.csv
2024,18,week18,TE,Durham,Smythe,MIA,MIA,2200,MIA@NYJ,1,FG_week18_exportin.csv
2024,18,week18,TE,Brevyn,Spann-Ford,DAL,DAL,2200,WAS@DAL,1,FG_week18_exportin.csv
2024,18,week18,RB,Carson,Steele,KC,KC,2200,KC@DEN,1,FG_week18_exportin.csv
2024,18,week18,TE,Jack,Stoll,MIA,MIA,2200,MIA@NYJ,1,FG_week18_exportin.csv
2024,18,week18,TE,Cade,Stover,HOU,HOU,2200,HOU@TEN,1,FG_week18_exportin.csv
2024,18,week18,TE,Brenton,Strange,JAX,JAC,2200,JAC@IND,1,FG_week18_exportin.csv
2024,18,week18,RB,Pierre,Strong Jr.,CLE,CLE,2200,CLE@BAL,1,FG_week18_exportin.csv
2024,18,week18,TE,Geoff,Swaim,CLE,CLE,2200,CLE@BAL,1,FG_week18_exportin.csv
2024,18,week18,RB,Patrick,Taylor Jr.,SF,SF,2200,SF@ARI,1,FG_week18_exportin.csv
2024,18,week18,TE,Ian,Thomas,CAR,CAR,2200,CAR@ATL,1,FG_week18_exportin.csv
2024,18,week18,WR,Deven,Thompkins,CAR,CAR,2200,CAR@ATL,1,FG_week18_exportin.csv
2024,18,week18,WR,Jamari,Thrash,CLE,CLE,2200,CLE@BAL,1,FG_week18_exportin.csv
2024,18,week18,WR,Mason,Tipton,NO,NO,2200,NO@TB,1,FG_week18_exportin.csv
2024,18,week18,TE,Jake,Tonges,SF,SF,2200,SF@ARI,1,FG_week18_exportin.csv
2024,18,week18,TE,Adam,Trautman,DEN,DEN,2200,KC@DEN,1,FG_week18_exportin.csv
2024,18,week18,WR,Brycen,Tremayne,WAS,WAS,2200,WAS@DAL,1,FG_week18_exportin.csv
2024,18,week18,TE,Tommy,Tremble,CAR,CAR,2200,CAR@ATL,1,FG_week18_exportin.csv
2024,18,week18,RB,Sean,Tucker,TB,TB,2200,NO@TB,1,FG_week18_exportin.csv
2024,18,week18,WR,DJ,Turner,LV,LV,2200,LAC@LV,1,FG_week18_exportin.csv
2024,18,week18,TE,C.J.,Uzomah,PHI,PHI,2200,NYG@PHI,1,FG_week18_exportin.csv
2024,18,week18,RB,Sione,Vaki,DET,DET,2200,MIN@DET,1,FG_week18_exportin.csv
2024,18,week18,TE,Nick,Vannett,TEN,TEN,2200,HOU@TEN,1,FG_week18_exportin.csv
2024,18,week18,RB,Deuce,Vaughn,DAL,DAL,2200,WAS@DAL,1,FG_week18_exportin.csv
2024,18,week18,RB,Kimani,Vidal,LAC,LAC,2200,LAC@LV,1,FG_week18_exportin.csv
2024,18,week18,TE,Travis,Vokolek,ARI,ARI,2200,SF@ARI,1,FG_week18_exportin.csv
2024,18,week18,WR,Devontez,Walker,BAL,BAL,2200,CLE@BAL,1,FG_week18_exportin.csv
2024,18,week18,RB,Kenneth,Walker III,SEA,SEA,2200,SEA@LA,1,FG_week18_exportin.csv
2024,18,week18,WR,Tylan,Wallace,BAL,BAL,2200,CLE@BAL,1,FG_week18_exportin.csv
2024,18,week18,TE,Darnell,Washington,PIT,PIT,2200,CIN@PIT,1,FG_week18_exportin.csv
2024,18,week18,WR,Casey,Washington,ATL,ATL,2200,CAR@ATL,1,FG_week18_exportin.csv
2024,18,week18,WR,Malik,Washington,MIA,MIA,2200,MIA@NYJ,1,FG_week18_exportin.csv
2024,18,week18,RB,Carlos,Washington Jr.,ATL,ATL,2200,CAR@ATL,1,FG_week18_exportin.csv
2024,18,week18,RB,Blake,Watson,DEN,DEN,2200,KC@DEN,1,FG_week18_exportin.csv
2024,18,week18,WR,Justin,Watson,KC,KC,2200,KC@DEN,1,FG_week18_exportin.csv
2024,18,week18,WR,Xavier,Weaver,ARI,ARI,2200,SF@ARI,1,FG_week18_exportin.csv
2024,18,week18,WR,Cody,White,SEA,SEA,2200,SEA@LA,1,FG_week18_exportin.csv
2024,18,week18,TE,Blake,Whiteheart,CLE,CLE,2200,CLE@BAL,1,FG_week18_exportin.csv
2024,18,week18,TE,Blake,Whiteheart,CLE,CLE,2200,CLE@DEN,1,FG_week18_exportin.csv
2024,18,week18,WR,Jordan,Whittington,LAR,LA,2200,SEA@LA,1,FG_week18_exportin.csv
2024,18,week18,TE,Josh,Whyle,TEN,TEN,2200,HOU@TEN,1,FG_week18_exportin.csv
2024,18,week18,RB,Avery,Williams,ATL,ATL,2200,CAR@ATL,1,FG_week18_exportin.csv
2024,18,week18,RB,Jamaal,Williams,NO,NO,2200,NO@TB,1,FG_week18_exportin.csv
2024,18,week18,RB,Trayveon,Williams,CIN,CIN,2200,CIN@PIT,1,FG_week18_exportin.csv
2024,18,week18,WR,Isaiah,Williams,CIN,CIN,2200,CIN@PIT,1,FG_week18_exportin.csv
2024,18,week18,WR,Mike,Williams,PIT,PIT,2200,CIN@PIT,1,FG_week18_exportin.csv
2024,18,week18,TE,Brayden,Willis,SF,SF,2200,SF@ARI,1,FG_week18_exportin.csv
2024,18,week18,RB,Emanuel,Wilson,GB,GB,2200,CHI@GB,1,FG_week18_exportin.csv
2024,18,week18,WR,Johnny,Wilson,PHI,PHI,2200,NYG@PHI,1,FG_week18_exportin.csv
2024,18,week18,WR,Roman,Wilson,PIT,PIT,2200,CIN@PIT,1,FG_week18_exportin.csv
2024,18,week18,RB,Jeff,Wilson Jr.,MIA,MIA,2200,MIA@NYJ,1,FG_week18_exportin.csv
2024,18,week18,WR,Cedrick,Wilson Jr.,NO,NO,2200,NO@TB,1,FG_week18_exportin.csv
2024,18,week18,TE,Charlie,Woerner,ATL,ATL,2200,CAR@ATL,1,FG_week18_exportin.csv
2024,18,week18,WR,Robert,Woods,HOU,HOU,2200,HOU@TEN,1,FG_week18_exportin.csv
2024,18,week18,WR,Michael,Woods II,CLE,CLE,2200,CLE@BAL,1,FG_week18_exportin.csv
2024,18,week18,RB,Jaylen,Wright,MIA,MIA,2200,MIA@NYJ,1,FG_week18_exportin.csv
2024,18,week18,TE,Brock,Wright,DET,DET,2200,MIN@DET,1,FG_week18_exportin.csv
2024,18,week18,TE,Colson,Yankoff,WAS,WAS,2200,WAS@DAL,1,FG_week18_exportin.csv
2024,18,week18,TE,Kenny,Yeboah,NYJ,NYJ,2200,MIA@NYJ,1,FG_week18_exportin.csv
2024,18,week18,WR,Dareke,Young,SEA,SEA,2200,SEA@LA,1,FG_week18_exportin.csv
2024,18,week18,TE,Shane,Zylstra,DET,DET,2200,MIN@DET,1,FG_week18_exportin.csv
2024,19,wildcard,RB,Saquon,Barkley,PHI,PHI,8200,GB@PHI,1,FG_wildcard_exportin.csv
2024,19,wildcard,WR,Ja'Marr,Chase,CIN,CIN,8200,CIN@PIT,0,FG_wildcard_exportin.csv
2024,19,wildcard,QB,Lamar,Jackson,BAL,BAL,8000,PIT@BAL,1,FG_wildcard_exportin.csv
2024,19,wildcard,WR,Justin,Jefferson,MIN,MIN,8000,MIN@DET,0,FG_wildcard_exportin.csv
2024,19,wildcard,QB,Josh,Allen,BUF,BUF,7800,DEN@BUF,1,FG_wildcard_exportin.csv
2024,19,wildcard,WR,Puka,Nacua,LAR,LA,7800,MIN@LA,1,FG_wildcard_exportin.csv
2024,19,wildcard,WR,Mike,Evans,TB,TB,7600,WAS@TB,1,FG_wildcard_exportin.csv
2024,19,wildcard,WR,Mike,Evans,TB,TB,7600,NO@TB,0,FG_wildcard_exportin.csv
2024,19,wildcard,WR,Justin,Jefferson,MIN,MIN,7600,MIN@LA,1,FG_wildcard_exportin.csv
2024,19,wildcard,WR,Puka,Nacua,LAR,LA,7600,SEA@LA,0,FG_wildcard_exportin.csv
2024,19,wildcard,RB,Derrick,Henry,BAL,BAL,7400,PIT@BAL,1,FG_wildcard_exportin.csv
2024,19,wildcard,WR,A.J.,Brown,PHI,PHI,7200,GB@PHI,1,FG_wildcard_exportin.csv
2024,19,wildcard,QB,Jayden,Daniels,WAS,WAS,7200,WAS@TB,1,FG_wildcard_exportin.csv
2024,19,wildcard,WR,Tee,Higgins,CIN,CIN,7200,CIN@PIT,0,FG_wildcard_exportin.csv
2024,19,wildcard,WR,Brian,Thomas Jr.,JAX,JAC,7200,JAC@IND,0,FG_wildcard_exportin.csv
2024,19,wildcard,RB,Kyren,Williams,LAR,LA,7200,MIN@LA,1,FG_wildcard_exportin.csv
2024,19,wildcard,QB,Jalen,Hurts,PHI,PHI,7000,GB@PHI,1,FG_wildcard_exportin.csv
2024,19,wildcard,WR,Amon-Ra,St. Brown,DET,DET,7000,MIN@DET,0,FG_wildcard_exportin.csv
2024,19,wildcard,WR,A.J.,Brown,PHI,PHI,6800,NYG@PHI,0,FG_wildcard_exportin.csv
2024,19,wildcard,WR,Terry,McLaurin,WAS,WAS,6800,WAS@TB,1,FG_wildcard_exportin.csv
2024,19,wildcard,WR,Malik,Nabers,NYG,NYG,6800,NYG@PHI,0,FG_wildcard_exportin.csv
2024,19,wildcard,WR,Davante,Adams,NYJ,NYJ,6600,MIA@NYJ,0,FG_wildcard_exportin.csv
2024,19,wildcard,WR,Nico,Collins,HOU,HOU,6600,LAC@HOU,1,FG_wildcard_exportin.csv
2024,19,wildcard,QB,Justin,Herbert,LAC,LAC,6600,LAC@HOU,1,FG_wildcard_exportin.csv
2024,19,wildcard,RB,Bucky,Irving,TB,TB,6600,WAS@TB,1,FG_wildcard_exportin.csv
2024,19,wildcard,QB,Baker,Mayfield,TB,TB,6600,WAS@TB,1,FG_wildcard_exportin.csv
2024,19,wildcard,WR,Ladd,McConkey,LAC,LAC,6600,LAC@HOU,1,FG_wildcard_exportin.csv
2024,19,wildcard,WR,Ladd,McConkey,LAC,LAC,6600,LAC@LV,0,FG_wildcard_exportin.csv
2024,19,wildcard,WR,Nico,Collins,HOU,HOU,6400,HOU@TEN,0,FG_wildcard_exportin.csv
2024,19,wildcard,WR,Terry,McLaurin,WAS,WAS,6400,WAS@DAL,0,FG_wildcard_exportin.csv
2024,19,wildcard,RB,James,Cook,BUF,BUF,6200,DEN@BUF,1,FG_wildcard_exportin.csv
2024,19,wildcard,WR,DeVonta,Smith,PHI,PHI,6200,NYG@PHI,0,FG_wildcard_exportin.csv
2024,19,wildcard,WR,Jaxon,Smith-Njigba,SEA,SEA,6200,SEA@LA,0,FG_wildcard_exportin.csv
2024,19,wildcard,WR,Courtland,Sutton,DEN,DEN,6200,DEN@BUF,1,FG_wildcard_exportin.csv
2024,19,wildcard,WR,Courtland,Sutton,DEN,DEN,6200,KC@DEN,0,FG_wildcard_exportin.csv
2024,19,wildcard,WR,Jordan,Addison,MIN,MIN,6000,MIN@DET,0,FG_wildcard_exportin.csv
2024,19,wildcard,QB,Sam,Darnold,MIN,MIN,6000,MIN@LA,1,FG_wildcard_exportin.csv
2024,19,wildcard,WR,Tyreek,Hill,MIA,MIA,5800,MIA@NYJ,0,FG_wildcard_exportin.csv
2024,19,wildcard,RB,Josh,Jacobs,GB,GB,5800,GB@PHI,1,FG_wildcard_exportin.csv
2024,19,wildcard,WR,Drake,London,ATL,ATL,5800,CAR@ATL,0,FG_wildcard_exportin.csv
2024,19,wildcard,RB,Joe,Mixon,HOU,HOU,5800,LAC@HOU,1,FG_wildcard_exportin.csv
2024,19,wildcard,WR,DeVonta,Smith,PHI,PHI,5800,GB@PHI,1,FG_wildcard_exportin.csv
2024,19,wildcard,WR,Adam,Thielen,CAR,CAR,5800,CAR@ATL,0,FG_wildcard_exportin.csv
2024,19,wildcard,WR,Jameson,Williams,DET,DET,5800,MIN@DET,0,FG_wildcard_exportin.csv
2024,19,wildcard,WR,Garrett,Wilson,NYJ,NYJ,5800,MIA@NYJ,0,FG_wildcard_exportin.csv
2024,19,wildcard,RB,J.K.,Dobbins,LAC,LAC,5600,LAC@HOU,1,FG_wildcard_exportin.csv
2024,19,wildcard,RB,Aaron,Jones Sr.,MIN,MIN,5600,MIN@LA,1,FG_wildcard_exportin.csv
2024,19,wildcard,WR,Jalen,McMillan,TB,TB,5600,WAS@TB,1,FG_wildcard_exportin.csv
2024,19,wildcard,WR,Jalen,McMillan,TB,TB,5600,NO@TB,0,FG_wildcard_exportin.csv
2024,19,wildcard,WR,Jordan,Addison,MIN,MIN,5400,MIN@LA,1,FG_wildcard_exportin.csv
2024,19,wildcard,WR,Keenan,Allen,CHI,CHI,5400,CHI@GB,0,FG_wildcard_exportin.csv
2024,19,wildcard,WR,Jauan,Jennings,SF,SF,5400,SF@ARI,0,FG_wildcard_exportin.csv
2024,19,wildcard,WR,Jerry,Jeudy,CLE,CLE,5400,CLE@BAL,0,FG_wildcard_exportin.csv
2024,19,wildcard,WR,George,Pickens,PIT,PIT,5400,CIN@PIT,0,FG_wildcard_exportin.csv
2024,19,wildcard,WR,Calvin,Ridley,TEN,TEN,5400,HOU@TEN,0,FG_wildcard_exportin.csv
2024,19,wildcard,WR,Xavier,Worthy,KC,KC,5400,KC@DEN,0,FG_wildcard_exportin.csv
2024,19,wildcard,WR,Jakobi,Meyers,LV,LV,5200,LAC@LV,0,FG_wildcard_exportin.csv
2024,19,wildcard,QB,Bo,Nix,DEN,DEN,5200,DEN@BUF,1,FG_wildcard_exportin.csv
2024,19,wildcard,WR,Khalil,Shakir,BUF,BUF,5200,DEN@BUF,1,FG_wildcard_exportin.csv
2024,19,wildcard,TE,Brock,Bowers,LV,LV,5000,LAC@LV,0,FG_wildcard_exportin.csv
2024,19,wildcard,WR,Zay,Flowers,BAL,BAL,5000,PIT@BAL,1,FG_wildcard_exportin.csv
2024,19,wildcard,WR,DJ,Moore,CHI,CHI,5000,CHI@GB,0,FG_wildcard_exportin.csv
2024,19,wildcard,QB,Russell,Wilson,PIT,PIT,5000,PIT@BAL,1,FG_wildcard_exportin.csv
2024,19,wildcard,TE,Mark,Andrews,BAL,BAL,4800,PIT@BAL,1,FG_wildcard_exportin.csv
2024,19,wildcard,WR,Zay,Flowers,BAL,BAL,4800,CLE@BAL,0,FG_wildcard_exportin.csv
2024,19,wildcard,WR,Marvin,Mims Jr.,DEN,DEN,4800,DEN@BUF,1,FG_wildcard_exportin.csv
2024,19,wildcard,WR,Khalil,Shakir,BUF,BUF,4800,BUF@NE,0,FG_wildcard_exportin.csv
2024,19,wildcard,WR,Quentin,Johnston,LAC,LAC,4600,LAC@HOU,1,FG_wildcard_exportin.csv
2024,19,wildcard,WR,Darnell,Mooney,ATL,ATL,4600,CAR@ATL,0,FG_wildcard_exportin.csv
2024,19,wildcard,WR,Michael,Pittman Jr.,IND,IND,4600,JAC@IND,0,FG_wildcard_exportin.csv
2024,19,wildcard,WR,Deebo,Samuel Sr.,SF,SF,4600,SF@ARI,0,FG_wildcard_exportin.csv
2024,19,wildcard,TE,Jonnu,Smith,MIA,MIA,4600,MIA@NYJ,0,FG_wildcard_exportin.csv
2024,19,wildcard,QB,Matthew,Stafford,LAR,LA,4600,MIN@LA,1,FG_wildcard_exportin.csv
2024,19,wildcard,WR,Rashod,Bateman,BAL,BAL,4400,PIT@BAL,1,FG_wildcard_exportin.csv
2024,19,wildcard,WR,Rashod,Bateman,BAL,BAL,4400,CLE@BAL,0,FG_wildcard_exportin.csv
2024,19,wildcard,WR,Romeo,Doubs,GB,GB,4400,CHI@GB,0,FG_wildcard_exportin.csv
2024,19,wildcard,RB,Najee,Harris,PIT,PIT,4400,PIT@BAL,1,FG_wildcard_exportin.csv
2024,19,wildcard,WR,Marvin,Harrison Jr.,ARI,ARI,4400,SF@ARI,0,FG_wildcard_exportin.csv
2024,19,wildcard,WR,Cooper,Kupp,LAR,LA,4400,SEA@LA,0,FG_wildcard_exportin.csv
2024,19,wildcard,QB,Jordan,Love,GB,GB,4400,GB@PHI,1,FG_wildcard_exportin.csv
2024,19,wildcard,WR,DK,Metcalf,SEA,SEA,4400,SEA@LA,0,FG_wildcard_exportin.csv
2024,19,wildcard,QB,C.J.,Stroud,HOU,HOU,4400,LAC@HOU,1,FG_wildcard_exportin.csv
2024,19,wildcard,QB,Kyle,Allen,PIT,PIT,4200,PIT@BAL,1,FG_wildcard_exportin.csv
2024,19,wildcard,QB,Zack,Annexstad,TB,TB,4200,WAS@TB,1,FG_wildcard_exportin.csv
2024,19,wildcard,QB,Casey,Bauman,LAC,LAC,4200,LAC@HOU,1,FG_wildcard_exportin.csv
2024,19,wildcard,QB,Stetson,Bennett,LAR,LA,4200,MIN@LA,1,FG_wildcard_exportin.csv
2024,19,wildcard,QB,Ian,Book,PHI,PHI,4200,GB@PHI,1,FG_wildcard_exportin.csv
2024,19,wildcard,QB,Matt,Corral,MIN,MIN,4200,MIN@LA,1,FG_wildcard_exportin.csv
2024,19,wildcard,QB,Aeneas,Dennis,PIT,PIT,4200,PIT@BAL,1,FG_wildcard_exportin.csv
2024,19,wildcard,WR,Romeo,Doubs,GB,GB,4200,GB@PHI,1,FG_wildcard_exportin.csv
2024,19,wildcard,QB,Jeff,Driskel,WAS,WAS,4200,WAS@TB,1,FG_wildcard_exportin.csv
2024,19,wildcard,QB,Max,Duggan,LAC,LAC,4200,LAC@HOU,1,FG_wildcard_exportin.csv
2024,19,wildcard,TE,Zach,Ertz,WAS,WAS,4200,WAS@TB,1,FG_wildcard_exportin.csv
2024,19,wildcard,QB,Justin,Fields,PIT,PIT,4200,PIT@BAL,1,FG_wildcard_exportin.csv
2024,19,wildcard,QB,Jimmy,Garoppolo,LAR,LA,4200,MIN@LA,1,FG_wildcard_exportin.csv
2024,19,wildcard,QB,Taylor,Heinicke,LAC,LAC,4200,LAC@HOU,1,FG_wildcard_exportin.csv
2024,19,wildcard,QB,Michael,Hiers,TB,TB,4200,WAS@TB,1,FG_wildcard_exportin.csv
2024,19,wildcard,QB,Josh,Johnson,BAL,BAL,4200,PIT@BAL,1,FG_wildcard_exportin.csv
2024,19,wildcard,WR,Quentin,Johnston,LAC,LAC,4200,LAC@LV,0,FG_wildcard_exportin.csv
2024,19,wildcard,WR,Cooper,Kupp,LAR,LA,4200,MIN@LA,1,FG_wildcard_exportin.csv
2024,19,wildcard,QB,Marcus,Mariota,WAS,WAS,4200,WAS@TB,1,FG_wildcard_exportin.csv
2024,19,wildcard,QB,John,Matocha,DEN,DEN,4200,DEN@BUF,1,FG_wildcard_exportin.csv
2024,19,wildcard,QB,Tanner,McKee,PHI,PHI,4200,GB@PHI,1,FG_wildcard_exportin.csv
2024,19,wildcard,QB,Trace,McSorley,WAS,WAS,4200,WAS@TB,1,FG_wildcard_exportin.csv
2024,19,wildcard,QB,Davis,Mills,HOU,HOU,4200,LAC@HOU,1,FG_wildcard_exportin.csv
2024,19,wildcard,QB,Jeremy,Moussa,TB,TB,4200,WAS@TB,1,FG_wildcard_exportin.csv
2024,19,wildcard,QB,Nick,Mullens,MIN,MIN,4200,MIN@LA,1,FG_wildcard_exportin.csv
2024,19,wildcard,WR,Chris,Olave,NO,NO,4200,NO@TB,0,FG_wildcard_exportin.csv
2024,19,wildcard,QB,Luis,Perez,LAC,LAC,4200,LAC@HOU,1,FG_wildcard_exportin.csv
2024,19,wildcard,WR,George,Pickens,PIT,PIT,4200,PIT@BAL,1,FG_wildcard_exportin.csv
2024,19,wildcard,QB,Kenny,Pickett,PHI,PHI,4200,GB@PHI,1,FG_wildcard_exportin.csv
2024,19,wildcard,RB,Brian,Robinson Jr.,WAS,WAS,4200,WAS@TB,1,FG_wildcard_exportin.csv
2024,19,wildcard,QB,Brett,Rypien,MIN,MIN,4200,MIN@LA,1,FG_wildcard_exportin.csv
2024,19,wildcard,QB,Easton,Stick,LAC,LAC,4200,LAC@HOU,1,FG_wildcard_exportin.csv
2024,19,wildcard,QB,Jarrett,Stidham,DEN,DEN,4200,DEN@BUF,1,FG_wildcard_exportin.csv
2024,19,wildcard,QB,Kyle,Trask,TB,TB,4200,WAS@TB,1,FG_wildcard_exportin.csv
2024,19,wildcard,QB,Mitchell,Trubisky,BUF,BUF,4200,DEN@BUF,1,FG_wildcard_exportin.csv
2024,19,wildcard,RB,Jaylen,Warren,PIT,PIT,4200,PIT@BAL,1,FG_wildcard_exportin.csv
2024,19,wildcard,QB,Gunnar,Watson,BUF,BUF,4200,DEN@BUF,1,FG_wildcard_exportin.csv
2024,19,wildcard,QB,Mike,White,BUF,BUF,4200,DEN@BUF,1,FG_wildcard_exportin.csv
2024,19,wildcard,QB,Malik,Willis,GB,GB,4200,GB@PHI,1,FG_wildcard_exportin.csv
2024,19,wildcard,QB,Zach,Wilson,DEN,DEN,4200,DEN@BUF,1,FG_wildcard_exportin.csv
2024,19,wildcard,QB,Dresser,Winn,LAR,LA,4200,MIN@LA,1,FG_wildcard_exportin.csv
2024,19,wildcard,WR,Brandin,Cooks,DAL,DAL,4000,WAS@DAL,0,FG_wildcard_exportin.csv
2024,19,wildcard,RB,Austin,Ekeler,WAS,WAS,4000,WAS@TB,1,FG_wildcard_exportin.csv
2024,19,wildcard,WR,Marvin,Mims Jr.,DEN,DEN,4000,KC@DEN,0,FG_wildcard_exportin.csv
2024,19,wildcard,WR,Rome,Odunze,CHI,CHI,4000,CHI@GB,0,FG_wildcard_exportin.csv
2024,19,wildcard,WR,Wan'Dale,Robinson,NYG,NYG,4000,NYG@PHI,0,FG_wildcard_exportin.csv
2024,19,wildcard,WR,Devaughn,Vele,DEN,DEN,4000,CLE@DEN,0,FG_wildcard_exportin.csv
2024,19,wildcard,WR,Jaylen,Waddle,MIA,MIA,4000,MIA@NYJ,0,FG_wildcard_exportin.csv
2024,19,wildcard,WR,DeMario,Douglas,NE,NE,3800,BUF@NE,0,FG_wildcard_exportin.csv
2024,19,wildcard,WR,Josh,Downs,IND,IND,3800,JAC@IND,0,FG_wildcard_exportin.csv
2024,19,wildcard,TE,Pat,Freiermuth,PIT,PIT,3800,PIT@BAL,1,FG_wildcard_exportin.csv
2024,19,wildcard,WR,CeeDee,Lamb,DAL,DAL,3800,WAS@DAL,0,FG_wildcard_exportin.csv
2024,19,wildcard,WR,Alec,Pierce,IND,IND,3800,JAC@IND,0,FG_wildcard_exportin.csv
2024,19,wildcard,WR,Calvin,Austin III,PIT,PIT,3600,CIN@PIT,0,FG_wildcard_exportin.csv
2024,19,wildcard,WR,Kayshon,Boutte,NE,NE,3600,BUF@NE,0,FG_wildcard_exportin.csv
2024,19,wildcard,WR,Hollywood,Brown,KC,KC,3600,KC@DEN,0,FG_wildcard_exportin.csv
2024,19,wildcard,WR,Jalen,Coker,CAR,CAR,3600,CAR@ATL,0,FG_wildcard_exportin.csv
2024,19,wildcard,WR,Amari,Cooper,BUF,BUF,3600,DEN@BUF,1,FG_wildcard_exportin.csv
2024,19,wildcard,WR,DeAndre,Hopkins,KC,KC,3600,KC@DEN,0,FG_wildcard_exportin.csv
2024,19,wildcard,RB,Jaleel,McLaughlin,DEN,DEN,3600,DEN@BUF,1,FG_wildcard_exportin.csv
2024,19,wildcard,WR,Jayden,Reed,GB,GB,3600,CHI@GB,0,FG_wildcard_exportin.csv
2024,19,wildcard,WR,Cedric,Tillman,CLE,CLE,3600,CLE@BAL,0,FG_wildcard_exportin.csv
2024,19,wildcard,WR,Christian,Watson,GB,GB,3600,CHI@GB,0,FG_wildcard_exportin.csv
2024,19,wildcard,WR,Nick,Westbrook-Ikhine,TEN,TEN,3600,HOU@TEN,0,FG_wildcard_exportin.csv
2024,19,wildcard,RB,Rachaad,White,TB,TB,3600,WAS@TB,1,FG_wildcard_exportin.csv
2024,19,wildcard,DEF,Denver,Broncos,DEN,DEN,3400,CLE@DEN,0,FG_wildcard_exportin.csv
2024,19,wildcard,WR,Keon,Coleman,BUF,BUF,3400,BUF@NE,0,FG_wildcard_exportin.csv
2024,19,wildcard,WR,Amari,Cooper,BUF,BUF,3400,BUF@NE,0,FG_wildcard_exportin.csv
2024,19,wildcard,TE,Pat,Freiermuth,PIT,PIT,3400,CIN@PIT,0,FG_wildcard_exportin.csv
2024,19,wildcard,TE,Hunter,Henry,NE,NE,3400,BUF@NE,0,FG_wildcard_exportin.csv
2024,19,wildcard,TE,T.J.,Hockenson,MIN,MIN,3400,MIN@LA,1,FG_wildcard_exportin.csv
2024,19,wildcard,TE,Tucker,Kraft,GB,GB,3400,GB@PHI,1,FG_wildcard_exportin.csv
2024,19,wildcard,WR,Xavier,Legette,CAR,CAR,3400,CAR@ATL,0,FG_wildcard_exportin.csv
2024,19,wildcard,WR,Tim,Patrick,DET,DET,3400,MIN@DET,0,FG_wildcard_exportin.csv
2024,19,wildcard,WR,Tyrell,Shavers,BUF,BUF,3400,BUF@NE,0,FG_wildcard_exportin.csv
2024,19,wildcard,WR,Marquez,Valdes-Scantling,NO,NO,3400,NO@TB,0,FG_wildcard_exportin.csv
2024,19,wildcard,WR,Parker,Washington,JAX,JAC,3400,JAC@IND,0,FG_wildcard_exportin.csv
2024,19,wildcard,WR,Olamide,Zaccheaus,WAS,WAS,3400,WAS@TB,1,FG_wildcard_exportin.csv
2024,19,wildcard,WR,Olamide,Zaccheaus,WAS,WAS,3400,WAS@DAL,0,FG_wildcard_exportin.csv
2024,19,wildcard,WR,Keon,Coleman,BUF,BUF,3200,DEN@BUF,1,FG_wildcard_exportin.csv
2024,19,wildcard,TE,Tyler,Conklin,NYJ,NYJ,3200,MIA@NYJ,0,FG_wildcard_exportin.csv
2024,19,wildcard,RB,Justice,Hill,BAL,BAL,3200,PIT@BAL,1,FG_wildcard_exportin.csv
2024,19,wildcard,WR,Andrei,Iosivas,CIN,CIN,3200,CIN@PIT,0,FG_wildcard_exportin.csv
2024,19,wildcard,WR,Ray-Ray,McCloud,ATL,ATL,3200,CAR@ATL,0,FG_wildcard_exportin.csv
2024,19,wildcard,WR,Joshua,Palmer,LAC,LAC,3200,LAC@LV,0,FG_wildcard_exportin.csv
2024,19,wildcard,WR,Jayden,Reed,GB,GB,3200,GB@PHI,1,FG_wildcard_exportin.csv
2024,19,wildcard,WR,Jalen,Tolbert,DAL,DAL,3200,WAS@DAL,0,FG_wildcard_exportin.csv
2024,19,wildcard,WR,Calvin,Austin III,PIT,PIT,3000,PIT@BAL,1,FG_wildcard_exportin.csv
2024,19,wildcard,WR,Kendrick,Bourne,NE,NE,3000,BUF@NE,0,FG_wildcard_exportin.csv
2024,19,wildcard,RB,Gus,Edwards,LAC,LAC,3000,LAC@HOU,1,FG_wildcard_exportin.csv
2024,19,wildcard,TE,Mike,Gesicki,CIN,CIN,3000,CIN@PIT,0,FG_wildcard_exportin.csv
2024,19,wildcard,TE,Dallas,Goedert,PHI,PHI,3000,GB@PHI,1,FG_wildcard_exportin.csv
2024,19,wildcard,WR,John,Metchie III,HOU,HOU,3000,HOU@TEN,0,FG_wildcard_exportin.csv
2024,19,wildcard,WR,Joshua,Palmer,LAC,LAC,3000,LAC@HOU,1,FG_wildcard_exportin.csv
2024,19,wildcard,WR,Sterling,Shepard,TB,TB,3000,NO@TB,0,FG_wildcard_exportin.csv
2024,19,wildcard,WR,Devaughn,Vele,DEN,DEN,3000,DEN@BUF,1,FG_wildcard_exportin.csv
2024,19,wildcard,WR,Christian,Watson,GB,GB,3000,GB@PHI,1,FG_wildcard_exportin.csv
2024,19,wildcard,RB,Javonte,Williams,DEN,DEN,3000,DEN@BUF,1,FG_wildcard_exportin.csv
2024,19,wildcard,WR,Michael,Wilson,ARI,ARI,3000,SF@ARI,0,FG_wildcard_exportin.csv
2024,19,wildcard,RB,Cam,Akers,MIN,MIN,2800,MIN@LA,1,FG_wildcard_exportin.csv
2024,19,wildcard,WR,Noah,Brown,WAS,WAS,2800,WAS@TB,1,FG_wildcard_exportin.csv
2024,19,wildcard,TE,Noah,Fant,SEA,SEA,2800,SEA@LA,0,FG_wildcard_exportin.csv
2024,19,wildcard,TE,Dalton,Kincaid,BUF,BUF,2800,DEN@BUF,1,FG_wildcard_exportin.csv
2024,19,wildcard,WR,David,Moore,CAR,CAR,2800,CAR@ATL,0,FG_wildcard_exportin.csv
2024,19,wildcard,TE,Dalton,Schultz,HOU,HOU,2800,LAC@HOU,1,FG_wildcard_exportin.csv
2024,19,wildcard,WR,Tre,Tucker,LV,LV,2800,LAC@LV,0,FG_wildcard_exportin.csv
2024,19,wildcard,WR,Dontayvion,Wicks,GB,GB,2800,GB@PHI,1,FG_wildcard_exportin.csv
2024,19,wildcard,WR,Dontayvion,Wicks,GB,GB,2800,CHI@GB,0,FG_wildcard_exportin.csv
2024,19,wildcard,DEF,Cleveland,Browns,CLE,CLE,2600,CLE@DEN,0,FG_wildcard_exportin.csv
2024,19,wildcard,RB,Ray,Davis,BUF,BUF,2600,DEN@BUF,1,FG_wildcard_exportin.csv
2024,19,wildcard,TE,Will,Dissly,LAC,LAC,2600,LAC@LV,0,FG_wildcard_exportin.csv
2024,19,wildcard,TE,Austin,Hooper,NE,NE,2600,BUF@NE,0,FG_wildcard_exportin.csv
2024,19,wildcard,TE,Dalton,Kincaid,BUF,BUF,2600,BUF@NE,0,FG_wildcard_exportin.csv
2024,19,wildcard,TE,Cade,Otton,TB,TB,2600,WAS@TB,1,FG_wildcard_exportin.csv
2024,19,wildcard,WR,Sterling,Shepard,TB,TB,2600,WAS@TB,1,FG_wildcard_exportin.csv
2024,19,wildcard,WR,KaVontae,Turpin,DAL,DAL,2600,WAS@DAL,0,FG_wildcard_exportin.csv
2024,19,wildcard,WR,Devaughn,Vele,DEN,DEN,2600,KC@DEN,0,FG_wildcard_exportin.csv
2024,19,wildcard,WR,Dyami,Brown,WAS,WAS,2400,WAS@DAL,0,FG_wildcard_exportin.csv
2024,19,wildcard,TE,Will,Dissly,LAC,LAC,2400,LAC@HOU,1,FG_wildcard_exportin.csv
2024,19,wildcard,RB,Audric,Estime,DEN,DEN,2400,DEN@BUF,1,FG_wildcard_exportin.csv
2024,19,wildcard,WR,Mack,Hollins,BUF,BUF,2400,BUF@NE,0,FG_wildcard_exportin.csv
2024,19,wildcard,WR,Allen,Lazard,NYJ,NYJ,2400,MIA@NYJ,0,FG_wildcard_exportin.csv
2024,19,wildcard,TE,Isaiah,Likely,BAL,BAL,2400,PIT@BAL,1,FG_wildcard_exportin.csv
2024,19,wildcard,WR,Darius,Slayton,NYG,NYG,2400,NYG@PHI,0,FG_wildcard_exportin.csv
2024,19,wildcard,RB,Emanuel,Wilson,GB,GB,2400,GB@PHI,1,FG_wildcard_exportin.csv
2024,19,wildcard,TE,Nate,Adkins,DEN,DEN,2200,DEN@BUF,1,FG_wildcard_exportin.csv
2024,19,wildcard,WR,Nelson,Agholor,BAL,BAL,2200,PIT@BAL,1,FG_wildcard_exportin.csv
2024,19,wildcard,WR,Nelson,Agholor,BAL,BAL,2200,CLE@BAL,0,FG_wildcard_exportin.csv
2024,19,wildcard,WR,Jamal,Agnew,PIT,PIT,2200,PIT@BAL,1,FG_wildcard_exportin.csv
2024,19,wildcard,RB,Rasheen,Ali,BAL,BAL,2200,PIT@BAL,1,FG_wildcard_exportin.csv
2024,19,wildcard,TE,Davis,Allen,LAR,LA,2200,MIN@LA,1,FG_wildcard_exportin.csv
2024,19,wildcard,TE,Davis,Allen,LAR,LA,2200,SEA@LA,0,FG_wildcard_exportin.csv
2024,19,wildcard,WR,Tutu,Atwell,LAR,LA,2200,MIN@LA,1,FG_wildcard_exportin.csv
2024,19,wildcard,WR,Tutu,Atwell,LAR,LA,2200,SEA@LA,0,FG_wildcard_exportin.csv
2024,19,wildcard,WR,Kevin,Austin Jr.,NO,NO,2200,NO@TB,0,FG_wildcard_exportin.csv
2024,19,wildcard,RB,Tyler,Badie,DEN,DEN,2200,DEN@BUF,1,FG_wildcard_exportin.csv
2024,19,wildcard,RB,Tyler,Badie,DEN,DEN,2200,CLE@DEN,0,FG_wildcard_exportin.csv
2024,19,wildcard,WR,Jelani,Baker,BAL,BAL,2200,PIT@BAL,1,FG_wildcard_exportin.csv
2024,19,wildcard,WR,Javon,Baker,NE,NE,2200,BUF@NE,0,FG_wildcard_exportin.csv
2024,19,wildcard,TE,AJ,Barner,SEA,SEA,2200,SEA@LA,0,FG_wildcard_exportin.csv
2024,19,wildcard,TE,John,Bates,WAS,WAS,2200,WAS@TB,1,FG_wildcard_exportin.csv
2024,19,wildcard,RB,Nick,Bawden,HOU,HOU,2200,LAC@HOU,1,FG_wildcard_exportin.csv
2024,19,wildcard,TE,Jaheim,Bell,NE,NE,2200,BUF@NE,0,FG_wildcard_exportin.csv
2024,19,wildcard,TE,Luke,Benson,LAC,LAC,2200,LAC@HOU,1,FG_wildcard_exportin.csv
2024,19,wildcard,WR,Chris,Blair,ATL,ATL,2200,CAR@ATL,0,FG_wildcard_exportin.csv
2024,19,wildcard,WR,Jake,Bobo,SEA,SEA,2200,SEA@LA,0,FG_wildcard_exportin.csv
2024,19,wildcard,WR,Tyler,Boyd,TEN,TEN,2200,HOU@TEN,0,FG_wildcard_exportin.csv
2024,19,wildcard,RB,Chris,Brooks,GB,GB,2200,GB@PHI,1,FG_wildcard_exportin.csv
2024,19,wildcard,WR,Jalen,Brooks,DAL,DAL,2200,WAS@DAL,0,FG_wildcard_exportin.csv
2024,19,wildcard,WR,Ahmarean,Brown,BUF,BUF,2200,DEN@BUF,1,FG_wildcard_exportin.csv
2024,19,wildcard,WR,Dyami,Brown,WAS,WAS,2200,WAS@TB,1,FG_wildcard_exportin.csv
2024,19,wildcard,TE,Pharaoh,Brown,SEA,SEA,2200,SEA@LA,0,FG_wildcard_exportin.csv
2024,19,wildcard,WR,Martavis,Bryant,WAS,WAS,2200,WAS@TB,1,FG_wildcard_exportin.csv
2024,19,wildcard,TE,Harrison,Bryant,LV,LV,2200,LAC@LV,0,FG_wildcard_exportin.csv
2024,19,wildcard,RB,Michael,Burton,DEN,DEN,2200,DEN@BUF,1,FG_wildcard_exportin.csv
2024,19,wildcard,WR,Jermaine,Burton,CIN,CIN,2200,CIN@PIT,0,FG_wildcard_exportin.csv
2024,19,wildcard,RB,Michael,Burton,DEN,DEN,2200,CLE@DEN,0,FG_wildcard_exportin.csv
2024,19,wildcard,WR,Damiere,Byrd,BUF,BUF,2200,DEN@BUF,1,FG_wildcard_exportin.csv
2024,19,wildcard,TE,Grant,Calcaterra,PHI,PHI,2200,GB@PHI,1,FG_wildcard_exportin.csv
2024,19,wildcard,TE,Sal,Cannella,TB,TB,2200,WAS@TB,1,FG_wildcard_exportin.csv
2024,19,wildcard,RB,Ty,Chandler,MIN,MIN,2200,MIN@LA,1,FG_wildcard_exportin.csv
2024,19,wildcard,WR,Caleb,Chapman,TB,TB,2200,WAS@TB,1,FG_wildcard_exportin.csv
2024,19,wildcard,WR,DJ,Chark Jr.,LAC,LAC,2200,LAC@HOU,1,FG_wildcard_exportin.csv
2024,19,wildcard,WR,DJ,Chark Jr.,LAC,LAC,2200,LAC@LV,0,FG_wildcard_exportin.csv
2024,19,wildcard,WR,Dan,Chisena,CAR,CAR,2200,CAR@ATL,0,FG_wildcard_exportin.csv
2024,19,wildcard,WR,Chase,Claypool,BUF,BUF,2200,DEN@BUF,1,FG_wildcard_exportin.csv
2024,19,wildcard,RB,Jack,Colletto,PIT,PIT,2200,PIT@BAL,1,FG_wildcard_exportin.csv
2024,19,wildcard,WR,Chris,Conley,SF,SF,2200,SF@ARI,0,FG_wildcard_exportin.csv
2024,19,wildcard,TE,Tanner,Conner,MIA,MIA,2200,MIA@NYJ,0,FG_wildcard_exportin.csv
2024,19,wildcard,WR,Jacob,Copeland,PIT,PIT,2200,PIT@BAL,1,FG_wildcard_exportin.csv
2024,19,wildcard,WR,Malachi,Corley,NYJ,NYJ,2200,MIA@NYJ,0,FG_wildcard_exportin.csv
2024,19,wildcard,RB,Blake,Corum,LAR,LA,2200,MIN@LA,1,FG_wildcard_exportin.csv
2024,19,wildcard,WR,Britain,Covey,PHI,PHI,2200,NYG@PHI,0,FG_wildcard_exportin.csv
2024,19,wildcard,WR,Jacob,Cowing,SF,SF,2200,SF@ARI,0,FG_wildcard_exportin.csv
2024,19,wildcard,WR,River,Cracraft,MIA,MIA,2200,MIA@NYJ,0,FG_wildcard_exportin.csv
2024,19,wildcard,WR,Jamison,Crowder,WAS,WAS,2200,WAS@TB,1,FG_wildcard_exportin.csv
2024,19,wildcard,WR,Jamison,Crowder,WAS,WAS,2200,WAS@DAL,0,FG_wildcard_exportin.csv
2024,19,wildcard,TE,Devin,Culp,TB,TB,2200,WAS@TB,1,FG_wildcard_exportin.csv
2024,19,wildcard,WR,Jaelon,Darden,SEA,SEA,2200,SEA@LA,0,FG_wildcard_exportin.csv
2024,19,wildcard,WR,Derius,Davis,LAC,LAC,2200,LAC@HOU,1,FG_wildcard_exportin.csv
2024,19,wildcard,WR,Shaquan,Davis,PIT,PIT,2200,PIT@BAL,1,FG_wildcard_exportin.csv
2024,19,wildcard,WR,Davion,Davis,WAS,WAS,2200,WAS@TB,1,FG_wildcard_exportin.csv
2024,19,wildcard,WR,Derius,Davis,LAC,LAC,2200,LAC@LV,0,FG_wildcard_exportin.csv
2024,19,wildcard,WR,Greg,Dortch,ARI,ARI,2200,SF@ARI,0,FG_wildcard_exportin.csv
2024,19,wildcard,WR,Jahan,Dotson,PHI,PHI,2200,GB@PHI,1,FG_wildcard_exportin.csv
2024,19,wildcard,WR,Jahan,Dotson,PHI,PHI,2200,NYG@PHI,0,FG_wildcard_exportin.csv
2024,19,wildcard,WR,Colton,Dowell,TEN,TEN,2200,HOU@TEN,0,FG_wildcard_exportin.csv
2024,19,wildcard,WR,Ashton,Dulin,IND,IND,2200,JAC@IND,0,FG_wildcard_exportin.csv
2024,19,wildcard,TE,Payne,Durham,TB,TB,2200,WAS@TB,1,FG_wildcard_exportin.csv
2024,19,wildcard,WR,Devin,Duvernay,JAX,JAC,2200,JAC@IND,0,FG_wildcard_exportin.csv
2024,19,wildcard,RB,Daijun,Edwards,PIT,PIT,2200,PIT@BAL,1,FG_wildcard_exportin.csv
2024,19,wildcard,WR,Dee,Eskridge,MIA,MIA,2200,MIA@NYJ,0,FG_wildcard_exportin.csv
2024,19,wildcard,RB,Audric,Estime,DEN,DEN,2200,CLE@DEN,0,FG_wildcard_exportin.csv
2024,19,wildcard,WR,Erik,Ezukanma,MIA,MIA,2200,MIA@NYJ,0,FG_wildcard_exportin.csv
2024,19,wildcard,WR,Simi,Fehoko,LAC,LAC,2200,LAC@HOU,1,FG_wildcard_exportin.csv
2024,19,wildcard,WR,Simi,Fehoko,LAC,LAC,2200,LAC@LV,0,FG_wildcard_exportin.csv
2024,19,wildcard,TE,Tucker,Fisk,LAC,LAC,2200,LAC@HOU,1,FG_wildcard_exportin.csv
2024,19,wildcard,TE,Tucker,Fisk,LAC,LAC,2200,LAC@LV,0,FG_wildcard_exportin.csv
2024,19,wildcard,TE,John,FitzPatrick,GB,GB,2200,GB@PHI,1,FG_wildcard_exportin.csv
2024,19,wildcard,WR,Dez,Fitzpatrick,LAC,LAC,2200,LAC@HOU,1,FG_wildcard_exportin.csv
2024,19,wildcard,WR,Ryan,Flournoy,DAL,DAL,2200,WAS@DAL,0,FG_wildcard_exportin.csv
2024,19,wildcard,TE,Kevin,Foelsch,PHI,PHI,2200,GB@PHI,1,FG_wildcard_exportin.csv
2024,19,wildcard,WR,Bryce,Ford-Wheaton,NYG,NYG,2200,NYG@PHI,0,FG_wildcard_exportin.csv
2024,19,wildcard,TE,Miller,Forristall,LAR,LA,2200,MIN@LA,1,FG_wildcard_exportin.csv
2024,19,wildcard,WR,Troy,Franklin,DEN,DEN,2200,DEN@BUF,1,FG_wildcard_exportin.csv
2024,19,wildcard,WR,Troy,Franklin,DEN,DEN,2200,KC@DEN,0,FG_wildcard_exportin.csv
2024,19,wildcard,WR,Troy,Franklin,DEN,DEN,2200,CLE@DEN,0,FG_wildcard_exportin.csv
2024,19,wildcard,RB,Kenneth,Gainwell,PHI,PHI,2200,GB@PHI,1,FG_wildcard_exportin.csv
2024,19,wildcard,RB,Reggie,Gilliam,BUF,BUF,2200,DEN@BUF,1,FG_wildcard_exportin.csv
2024,19,wildcard,WR,Xavier,Gipson,NYJ,NYJ,2200,MIA@NYJ,0,FG_wildcard_exportin.csv
2024,19,wildcard,WR,Anthony,Gould,IND,IND,2200,JAC@IND,0,FG_wildcard_exportin.csv
2024,19,wildcard,TE,Cam,Grandy,CIN,CIN,2200,CIN@PIT,0,FG_wildcard_exportin.csv
2024,19,wildcard,RB,Anthony,Grant,TB,TB,2200,WAS@TB,1,FG_wildcard_exportin.csv
2024,19,wildcard,WR,Justin,Hall,MIN,MIN,2200,MIN@LA,1,FG_wildcard_exportin.csv
2024,19,wildcard,RB,C.J.,Ham,MIN,MIN,2200,MIN@LA,1,FG_wildcard_exportin.csv
2024,19,wildcard,WR,Mecole,Hardman,KC,KC,2200,KC@DEN,0,FG_wildcard_exportin.csv
2024,19,wildcard,WR,DeAngelo,Hardy,BAL,BAL,2200,PIT@BAL,1,FG_wildcard_exportin.csv
2024,19,wildcard,WR,Devron,Harper,MIN,MIN,2200,MIN@LA,1,FG_wildcard_exportin.csv
2024,19,wildcard,WR,Jacob,Harris,PHI,PHI,2200,GB@PHI,1,FG_wildcard_exportin.csv
2024,19,wildcard,WR,Deonte,Harty,BAL,BAL,2200,PIT@BAL,1,FG_wildcard_exportin.csv
2024,19,wildcard,WR,Deonte,Harty,BAL,BAL,2200,CLE@BAL,0,FG_wildcard_exportin.csv
2024,19,wildcard,RB,Hassan,Haskins,LAC,LAC,2200,LAC@HOU,1,FG_wildcard_exportin.csv
2024,19,wildcard,WR,Malik,Heath,GB,GB,2200,GB@PHI,1,FG_wildcard_exportin.csv
2024,19,wildcard,WR,Malik,Heath,GB,GB,2200,CHI@GB,0,FG_wildcard_exportin.csv
2024,19,wildcard,WR,Griffin,Hebert,PHI,PHI,2200,GB@PHI,1,FG_wildcard_exportin.csv
2024,19,wildcard,TE,Zach,Heins,LAC,LAC,2200,LAC@HOU,1,FG_wildcard_exportin.csv
2024,19,wildcard,TE,Connor,Heyward,PIT,PIT,2200,PIT@BAL,1,FG_wildcard_exportin.csv
2024,19,wildcard,TE,Connor,Heyward,PIT,PIT,2200,CIN@PIT,0,FG_wildcard_exportin.csv
2024,19,wildcard,TE,Tyler,Higbee,LAR,LA,2200,MIN@LA,1,FG_wildcard_exportin.csv
2024,19,wildcard,TE,Tyler,Higbee,LAR,LA,2200,SEA@LA,0,FG_wildcard_exportin.csv
2024,19,wildcard,TE,Julian,Hill,MIA,MIA,2200,MIA@NYJ,0,FG_wildcard_exportin.csv
2024,19,wildcard,RB,Nyheim,Hines,CLE,CLE,2200,CLE@DEN,0,FG_wildcard_exportin.csv
2024,19,wildcard,WR,KhaDarel,Hodge,ATL,ATL,2200,CAR@ATL,0,FG_wildcard_exportin.csv
2024,19,wildcard,WR,Mack,Hollins,BUF,BUF,2200,DEN@BUF,1,FG_wildcard_exportin.csv
2024,19,wildcard,RB,Jarveon,Howard,GB,GB,2200,GB@PHI,1,FG_wildcard_exportin.csv
2024,19,wildcard,TE,Tanner,Hudson,CIN,CIN,2200,CIN@PIT,0,FG_wildcard_exportin.csv
2024,19,wildcard,WR,Lil'Jordan,Humphrey,DEN,DEN,2200,DEN@BUF,1,FG_wildcard_exportin.csv
2024,19,wildcard,WR,Lil'Jordan,Humphrey,DEN,DEN,2200,KC@DEN,0,FG_wildcard_exportin.csv
2024,19,wildcard,TE,Hayden,Hurst,LAC,LAC,2200,LAC@HOU,1,FG_wildcard_exportin.csv
2024,19,wildcard,TE,Hayden,Hurst,LAC,LAC,2200,LAC@LV,0,FG_wildcard_exportin.csv
2024,19,wildcard,WR,Xavier,Hutchinson,HOU,HOU,2200,LAC@HOU,1,FG_wildcard_exportin.csv
2024,19,wildcard,WR,Xavier,Hutchinson,HOU,HOU,2200,HOU@TEN,0,FG_wildcard_exportin.csv
2024,19,wildcard,WR,Jalin,Hyatt,NYG,NYG,2200,NYG@PHI,0,FG_wildcard_exportin.csv
2024,19,wildcard,RB,Mohamed,Ibrahim,MIN,MIN,2200,MIN@LA,1,FG_wildcard_exportin.csv
2024,19,wildcard,WR,Andy,Isabella,PIT,PIT,2200,PIT@BAL,1,FG_wildcard_exportin.csv
2024,19,wildcard,WR,Jha'Quan,Jackson,TEN,TEN,2200,HOU@TEN,0,FG_wildcard_exportin.csv
2024,19,wildcard,WR,Ty,James,MIN,MIN,2200,MIN@LA,1,FG_wildcard_exportin.csv
2024,19,wildcard,WR,Jadon,Janke,HOU,HOU,2200,LAC@HOU,1,FG_wildcard_exportin.csv
2024,19,wildcard,WR,Rakim,Jarrett,TB,TB,2200,WAS@TB,1,FG_wildcard_exportin.csv
2024,19,wildcard,WR,Rakim,Jarrett,TB,TB,2200,NO@TB,0,FG_wildcard_exportin.csv
2024,19,wildcard,RB,Ramon,Jefferson,TB,TB,2200,WAS@TB,1,FG_wildcard_exportin.csv
2024,19,wildcard,WR,Van,Jefferson,PIT,PIT,2200,PIT@BAL,1,FG_wildcard_exportin.csv
2024,19,wildcard,WR,Van,Jefferson,PIT,PIT,2200,CIN@PIT,0,FG_wildcard_exportin.csv
2024,19,wildcard,TE,E.J.,Jenkins,PHI,PHI,2200,GB@PHI,1,FG_wildcard_exportin.csv
2024,19,wildcard,WR,Jaray,Jenkins,PIT,PIT,2200,PIT@BAL,1,FG_wildcard_exportin.csv
2024,19,wildcard,RB,Ty,Johnson,BUF,BUF,2200,DEN@BUF,1,FG_wildcard_exportin.csv
2024,19,wildcard,WR,Leon,Johnson,LAC,LAC,2200,LAC@HOU,1,FG_wildcard_exportin.csv
2024,19,wildcard,WR,Diontae,Johnson,HOU,HOU,2200,LAC@HOU,1,FG_wildcard_exportin.csv
2024,19,wildcard,WR,Brandon,Johnson,PIT,PIT,2200,PIT@BAL,1,FG_wildcard_exportin.csv
2024,19,wildcard,WR,Kameron,Johnson,TB,TB,2200,WAS@TB,1,FG_wildcard_exportin.csv
2024,19,wildcard,WR,Tyler,Johnson,LAR,LA,2200,MIN@LA,1,FG_wildcard_exportin.csv
2024,19,wildcard,WR,Collin,Johnson,CHI,CHI,2200,CHI@GB,0,FG_wildcard_exportin.csv
2024,19,wildcard,WR,Kameron,Johnson,TB,TB,2200,NO@TB,0,FG_wildcard_exportin.csv
2024,19,wildcard,WR,Diontae,Johnson,HOU,HOU,2200,HOU@TEN,0,FG_wildcard_exportin.csv
2024,19,wildcard,WR,Tyler,Johnson,LAR,LA,2200,SEA@LA,0,FG_wildcard_exportin.csv
2024,19,wildcard,WR,Cephus,Johnson III,TB,TB,2200,WAS@TB,1,FG_wildcard_exportin.csv
2024,19,wildcard,RB,Austin,Jones,WAS,WAS,2200,WAS@TB,1,FG_wildcard_exportin.csv
2024,19,wildcard,WR,Latreal,Jones,TB,TB,2200,WAS@TB,1,FG_wildcard_exportin.csv
2024,19,wildcard,WR,Tim,Jones,JAX,JAC,2200,JAC@IND,0,FG_wildcard_exportin.csv
2024,19,wildcard,WR,Zay,Jones,ARI,ARI,2200,SF@ARI,0,FG_wildcard_exportin.csv
2024,19,wildcard,WR,Charlie,Jones,CIN,CIN,2200,CIN@PIT,0,FG_wildcard_exportin.csv
2024,19,wildcard,WR,Velus,Jones Jr.,CAR,CAR,2200,CAR@ATL,0,FG_wildcard_exportin.csv
2024,19,wildcard,TE,Hunter,Kampmoyer,DEN,DEN,2200,DEN@BUF,1,FG_wildcard_exportin.csv
2024,19,wildcard,WR,Talik,Keaton,PHI,PHI,2200,GB@PHI,1,FG_wildcard_exportin.csv
2024,19,wildcard,WR,Tom,Kennedy,DET,DET,2200,MIN@DET,0,FG_wildcard_exportin.csv
2024,19,wildcard,WR,Lawrence,Keys III,BUF,BUF,2200,DEN@BUF,1,FG_wildcard_exportin.csv
2024,19,wildcard,WR,Ramel,Keyton,LV,LV,2200,LAC@LV,0,FG_wildcard_exportin.csv
2024,19,wildcard,TE,Ko,Kieft,TB,TB,2200,WAS@TB,1,FG_wildcard_exportin.csv
2024,19,wildcard,WR,Mason,Kinsey,TEN,TEN,2200,HOU@TEN,0,FG_wildcard_exportin.csv
2024,19,wildcard,WR,Malik,Knowles,GB,GB,2200,GB@PHI,1,FG_wildcard_exportin.csv
2024,19,wildcard,TE,Dawson,Knox,BUF,BUF,2200,DEN@BUF,1,FG_wildcard_exportin.csv
2024,19,wildcard,TE,Trey,Knox,MIN,MIN,2200,MIN@LA,1,FG_wildcard_exportin.csv
2024,19,wildcard,TE,Dawson,Knox,BUF,BUF,2200,BUF@NE,0,FG_wildcard_exportin.csv
2024,19,wildcard,TE,Charlie,Kolar,BAL,BAL,2200,PIT@BAL,1,FG_wildcard_exportin.csv
2024,19,wildcard,TE,Lucas,Krull,DEN,DEN,2200,DEN@BUF,1,FG_wildcard_exportin.csv
2024,19,wildcard,WR,JJ,Laap,LAR,LA,2200,MIN@LA,1,FG_wildcard_exportin.csv
2024,19,wildcard,TE,Dylan,Leonard,DEN,DEN,2200,DEN@BUF,1,FG_wildcard_exportin.csv
2024,19,wildcard,WR,Tyler,Lockett,SEA,SEA,2200,SEA@LA,0,FG_wildcard_exportin.csv
2024,19,wildcard,TE,Hunter,Long,LAR,LA,2200,MIN@LA,1,FG_wildcard_exportin.csv
2024,19,wildcard,TE,Hunter,Long,LAR,LA,2200,SEA@LA,0,FG_wildcard_exportin.csv
2024,19,wildcard,TE,Johnny,Lumpkin,GB,GB,2200,GB@PHI,1,FG_wildcard_exportin.csv
2024,19,wildcard,WR,Terrace,Marshall Jr.,LV,LV,2200,LAC@LV,0,FG_wildcard_exportin.csv
2024,19,wildcard,RB,Ben,Mason,LAC,LAC,2200,LAC@HOU,1,FG_wildcard_exportin.csv
2024,19,wildcard,RB,Scott,Matlock,LAC,LAC,2200,LAC@HOU,1,FG_wildcard_exportin.csv
2024,19,wildcard,TE,Michael,Mayer,LV,LV,2200,LAC@LV,0,FG_wildcard_exportin.csv
2024,19,wildcard,RB,DeWayne,McBride,MIN,MIN,2200,MIN@LA,1,FG_wildcard_exportin.csv
2024,19,wildcard,WR,Luke,McCaffrey,WAS,WAS,2200,WAS@TB,1,FG_wildcard_exportin.csv
2024,19,wildcard,WR,Luke,McCaffrey,WAS,WAS,2200,WAS@DAL,0,FG_wildcard_exportin.csv
2024,19,wildcard,RB,Nate,McCrary,GB,GB,2200,GB@PHI,1,FG_wildcard_exportin.csv
2024,19,wildcard,WR,Lance,McCutcheon,PIT,PIT,2200,PIT@BAL,1,FG_wildcard_exportin.csv
2024,19,wildcard,RB,Dylan,McDuffie,GB,GB,2200,GB@PHI,1,FG_wildcard_exportin.csv
2024,19,wildcard,TE,Tanner,McLachlan,CIN,CIN,2200,CIN@PIT,0,FG_wildcard_exportin.csv
2024,19,wildcard,RB,Jeremy,McNichols,WAS,WAS,2200,WAS@TB,1,FG_wildcard_exportin.csv
2024,19,wildcard,WR,Bo,Melton,GB,GB,2200,GB@PHI,1,FG_wildcard_exportin.csv
2024,19,wildcard,WR,Bo,Melton,GB,GB,2200,CHI@GB,0,FG_wildcard_exportin.csv
2024,19,wildcard,WR,John,Metchie III,HOU,HOU,2200,LAC@HOU,1,FG_wildcard_exportin.csv
2024,19,wildcard,WR,Scotty,Miller,PIT,PIT,2200,PIT@BAL,1,FG_wildcard_exportin.csv
2024,19,wildcard,WR,Ryan,Miller,TB,TB,2200,WAS@TB,1,FG_wildcard_exportin.csv
2024,19,wildcard,WR,Ryan,Miller,TB,TB,2200,NO@TB,0,FG_wildcard_exportin.csv
2024,19,wildcard,WR,Scotty,Miller,PIT,PIT,2200,CIN@PIT,0,FG_wildcard_exportin.csv
2024,19,wildcard,WR,Jonathan,Mingo,DAL,DAL,2200,WAS@DAL,0,FG_wildcard_exportin.csv
2024,19,wildcard,RB,Keaton,Mitchell,BAL,BAL,2200,PIT@BAL,1,FG_wildcard_exportin.csv
2024,19,wildcard,WR,Adonai,Mitchell,IND,IND,2200,JAC@IND,0,FG_wildcard_exportin.csv
2024,19,wildcard,WR,Elijah,Moore,CLE,CLE,2200,CLE@BAL,0,FG_wildcard_exportin.csv
2024,19,wildcard,WR,Skyy,Moore,KC,KC,2200,KC@DEN,0,FG_wildcard_exportin.csv
2024,19,wildcard,WR,Jaylon,Moore,JAX,JAC,2200,JAC@IND,0,FG_wildcard_exportin.csv
2024,19,wildcard,TE,Quintin,Morris,BUF,BUF,2200,DEN@BUF,1,FG_wildcard_exportin.csv
2024,19,wildcard,TE,Quintin,Morris,BUF,BUF,2200,BUF@NE,0,FG_wildcard_exportin.csv
2024,19,wildcard,TE,Johnny,Mundt,MIN,MIN,2200,MIN@LA,1,FG_wildcard_exportin.csv
2024,19,wildcard,TE,Luke,Musgrave,GB,GB,2200,GB@PHI,1,FG_wildcard_exportin.csv
2024,19,wildcard,TE,Chris,Myarick,HOU,HOU,2200,LAC@HOU,1,FG_wildcard_exportin.csv
2024,19,wildcard,WR,Jalen,Nailor,MIN,MIN,2200,MIN@LA,1,FG_wildcard_exportin.csv
2024,19,wildcard,WR,Jalen,Nailor,MIN,MIN,2200,MIN@DET,0,FG_wildcard_exportin.csv
2024,19,wildcard,WR,Joseph,Ngata,PHI,PHI,2200,GB@PHI,1,FG_wildcard_exportin.csv
2024,19,wildcard,RB,Lew,Nichols,PHI,PHI,2200,GB@PHI,1,FG_wildcard_exportin.csv
2024,19,wildcard,RB,Dare,Ogunbowale,HOU,HOU,2200,LAC@HOU,1,FG_wildcard_exportin.csv
2024,19,wildcard,TE,Josh,Oliver,MIN,MIN,2200,MIN@LA,1,FG_wildcard_exportin.csv
2024,19,wildcard,WR,Bryce,Oliver,TEN,TEN,2200,HOU@TEN,0,FG_wildcard_exportin.csv
2024,19,wildcard,WR,Gunner,Olszewski,NYG,NYG,2200,NYG@PHI,0,FG_wildcard_exportin.csv
2024,19,wildcard,WR,K.J.,Osborn,WAS,WAS,2200,WAS@TB,1,FG_wildcard_exportin.csv
2024,19,wildcard,WR,K.J.,Osborn,WAS,WAS,2200,WAS@DAL,0,FG_wildcard_exportin.csv
2024,19,wildcard,WR,Trey,Palmer,TB,TB,2200,WAS@TB,1,FG_wildcard_exportin.csv
2024,19,wildcard,WR,Trey,Palmer,TB,TB,2200,NO@TB,0,FG_wildcard_exportin.csv
2024,19,wildcard,TE,Colby,Parkinson,LAR,LA,2200,MIN@LA,1,FG_wildcard_exportin.csv
2024,19,wildcard,TE,Colby,Parkinson,LAR,LA,2200,SEA@LA,0,FG_wildcard_exportin.csv
2024,19,wildcard,WR,Zach,Pascal,ARI,ARI,2200,SF@ARI,0,FG_wildcard_exportin.csv
2024,19,wildcard,RB,Cordarrelle,Patterson,PIT,PIT,2200,PIT@BAL,1,FG_wildcard_exportin.csv
2024,19,wildcard,WR,Ricky,Pearsall,SF,SF,2200,SF@ARI,0,FG_wildcard_exportin.csv
2024,19,wildcard,TE,Henry,Pearson,GB,GB,2200,GB@PHI,1,FG_wildcard_exportin.csv
2024,19,wildcard,RB,La'Mical,Perine,PIT,PIT,2200,PIT@BAL,1,FG_wildcard_exportin.csv
2024,19,wildcard,WR,Dante,Pettis,NO,NO,2200,NO@TB,0,FG_wildcard_exportin.csv
2024,19,wildcard,RB,Dameon,Pierce,HOU,HOU,2200,LAC@HOU,1,FG_wildcard_exportin.csv
2024,19,wildcard,WR,Ja'Lynn,Polk,NE,NE,2200,BUF@NE,0,FG_wildcard_exportin.csv
2024,19,wildcard,WR,Brandon,Powell,MIN,MIN,2200,MIN@LA,1,FG_wildcard_exportin.csv
2024,19,wildcard,WR,Brandon,Powell,MIN,MIN,2200,MIN@DET,0,FG_wildcard_exportin.csv
2024,19,wildcard,WR,Byron,Pringle,WAS,WAS,2200,WAS@TB,1,FG_wildcard_exportin.csv
2024,19,wildcard,WR,James,Proche II,CLE,CLE,2200,CLE@BAL,0,FG_wildcard_exportin.csv
2024,19,wildcard,TE,MyCole,Pruitt,PIT,PIT,2200,PIT@BAL,1,FG_wildcard_exportin.csv
2024,19,wildcard,TE,MyCole,Pruitt,PIT,PIT,2200,CIN@PIT,0,FG_wildcard_exportin.csv
2024,19,wildcard,TE,Teagan,Quitoriano,HOU,HOU,2200,LAC@HOU,1,FG_wildcard_exportin.csv
2024,19,wildcard,WR,Kalif,Raymond,DET,DET,2200,MIN@DET,0,FG_wildcard_exportin.csv
2024,19,wildcard,WR,Jalen,Reagor,LAC,LAC,2200,LAC@HOU,1,FG_wildcard_exportin.csv
2024,19,wildcard,WR,Nikko,Remigio,KC,KC,2200,KC@DEN,0,FG_wildcard_exportin.csv
2024,19,wildcard,TE,Isaac,Rex,LAC,LAC,2200,LAC@HOU,1,FG_wildcard_exportin.csv
2024,19,wildcard,WR,Josh,Reynolds,JAX,JAC,2200,JAC@IND,0,FG_wildcard_exportin.csv
2024,19,wildcard,WR,Josh,Reynolds,DEN,DEN,2200,CLE@DEN,0,FG_wildcard_exportin.csv
2024,19,wildcard,RB,Patrick,Ricard,BAL,BAL,2200,PIT@BAL,1,FG_wildcard_exportin.csv
2024,19,wildcard,WR,Brenden,Rice,LAC,LAC,2200,LAC@HOU,1,FG_wildcard_exportin.csv
2024,19,wildcard,WR,Brenden,Rice,LAC,LAC,2200,LAC@LV,0,FG_wildcard_exportin.csv
2024,19,wildcard,TE,Mike,Rigerman,BAL,BAL,2200,PIT@BAL,1,FG_wildcard_exportin.csv
2024,19,wildcard,RB,Ronnie,Rivers,LAR,LA,2200,MIN@LA,1,FG_wildcard_exportin.csv
2024,19,wildcard,WR,Demarcus,Robinson,LAR,LA,2200,MIN@LA,1,FG_wildcard_exportin.csv
2024,19,wildcard,WR,Allen,Robinson,DET,DET,2200,MIN@DET,0,FG_wildcard_exportin.csv
2024,19,wildcard,WR,Demarcus,Robinson,LAR,LA,2200,SEA@LA,0,FG_wildcard_exportin.csv
2024,19,wildcard,RB,Chris,Rodriguez Jr.,WAS,WAS,2200,WAS@TB,1,FG_wildcard_exportin.csv
2024,19,wildcard,WR,Marcus,Rosemy-Jacksaint,PHI,PHI,2200,GB@PHI,1,FG_wildcard_exportin.csv
2024,19,wildcard,WR,John,Ross,PHI,PHI,2200,GB@PHI,1,FG_wildcard_exportin.csv
2024,19,wildcard,TE,Jeremy,Ruckert,NYJ,NYJ,2200,MIA@NYJ,0,FG_wildcard_exportin.csv
2024,19,wildcard,TE,Brady,Russell,SEA,SEA,2200,SEA@LA,0,FG_wildcard_exportin.csv
2024,19,wildcard,WR,Sean,Ryan,BAL,BAL,2200,PIT@BAL,1,FG_wildcard_exportin.csv
2024,19,wildcard,TE,Drew,Sample,CIN,CIN,2200,CIN@PIT,0,FG_wildcard_exportin.csv
2024,19,wildcard,WR,Curtis,Samuel,BUF,BUF,2200,DEN@BUF,1,FG_wildcard_exportin.csv
2024,19,wildcard,WR,Curtis,Samuel,BUF,BUF,2200,BUF@NE,0,FG_wildcard_exportin.csv
2024,19,wildcard,RB,Cody,Schrader,LAR,LA,2200,MIN@LA,1,FG_wildcard_exportin.csv
2024,19,wildcard,RB,Boston,Scott,PIT,PIT,2200,PIT@BAL,1,FG_wildcard_exportin.csv
2024,19,wildcard,WR,Tyler,Scott,CHI,CHI,2200,CHI@GB,0,FG_wildcard_exportin.csv
2024,19,wildcard,RB,Aaron,Shampklin,PIT,PIT,2200,PIT@BAL,1,FG_wildcard_exportin.csv
2024,19,wildcard,TE,Riley,Sharp,BAL,BAL,2200,PIT@BAL,1,FG_wildcard_exportin.csv
2024,19,wildcard,TE,John Samuel,Shenker,LV,LV,2200,LAC@LV,0,FG_wildcard_exportin.csv
2024,19,wildcard,WR,Trent,Sherfield Sr.,MIN,MIN,2200,MIN@LA,1,FG_wildcard_exportin.csv
2024,19,wildcard,WR,Trent,Sherfield Sr.,MIN,MIN,2200,MIN@DET,0,FG_wildcard_exportin.csv
2024,19,wildcard,RB,Will,Shipley,PHI,PHI,2200,GB@PHI,1,FG_wildcard_exportin.csv
2024,19,wildcard,TE,Justin,Shorter,LV,LV,2200,LAC@LV,0,FG_wildcard_exportin.csv
2024,19,wildcard,WR,David,Sills V,DEN,DEN,2200,KC@DEN,0,FG_wildcard_exportin.csv
2024,19,wildcard,TE,Ben,Sims,GB,GB,2200,GB@PHI,1,FG_wildcard_exportin.csv
2024,19,wildcard,WR,Steven,Sims,BAL,BAL,2200,PIT@BAL,1,FG_wildcard_exportin.csv
2024,19,wildcard,WR,Steven,Sims,BAL,BAL,2200,CLE@BAL,0,FG_wildcard_exportin.csv
2024,19,wildcard,TE,Ben,Sinnott,WAS,WAS,2200,WAS@TB,1,FG_wildcard_exportin.csv
2024,19,wildcard,WR,Ben,Skowronek,PIT,PIT,2200,PIT@BAL,1,FG_wildcard_exportin.csv
2024,19,wildcard,WR,Ben,Skowronek,PIT,PIT,2200,CIN@PIT,0,FG_wildcard_exportin.csv
2024,19,wildcard,TE,Stone,Smartt,LAC,LAC,2200,LAC@HOU,1,FG_wildcard_exportin.csv
2024,19,wildcard,TE,Stone,Smartt,LAC,LAC,2200,LAC@LV,0,FG_wildcard_exportin.csv
2024,19,wildcard,TE,Irv,Smith,HOU,HOU,2200,LAC@HOU,1,FG_wildcard_exportin.csv
2024,19,wildcard,WR,Ainias,Smith,PHI,PHI,2200,GB@PHI,1,FG_wildcard_exportin.csv
2024,19,wildcard,WR,Xavier,Smith,LAR,LA,2200,MIN@LA,1,FG_wildcard_exportin.csv
2024,19,wildcard,WR,Ainias,Smith,PHI,PHI,2200,NYG@PHI,0,FG_wildcard_exportin.csv
2024,19,wildcard,WR,Xavier,Smith,LAR,LA,2200,SEA@LA,0,FG_wildcard_exportin.csv
2024,19,wildcard,WR,Ihmir,Smith-Marsette,NYG,NYG,2200,NYG@PHI,0,FG_wildcard_exportin.csv
2024,19,wildcard,WR,JuJu,Smith-Schuster,KC,KC,2200,KC@DEN,0,FG_wildcard_exportin.csv
2024,19,wildcard,TE,Durham,Smythe,MIA,MIA,2200,MIA@NYJ,0,FG_wildcard_exportin.csv
2024,19,wildcard,TE,Matt,Sokol,PIT,PIT,2200,PIT@BAL,1,FG_wildcard_exportin.csv
2024,19,wildcard,WR,Dimitri,Stanley,GB,GB,2200,GB@PHI,1,FG_wildcard_exportin.csv
2024,19,wildcard,WR,Rory,Starkey,GB,GB,2200,GB@PHI,1,FG_wildcard_exportin.csv
2024,19,wildcard,TE,Jack,Stoll,MIA,MIA,2200,MIA@NYJ,0,FG_wildcard_exportin.csv
2024,19,wildcard,TE,Cade,Stover,HOU,HOU,2200,LAC@HOU,1,FG_wildcard_exportin.csv
2024,19,wildcard,WR,Michael,Strachan,WAS,WAS,2200,WAS@TB,1,FG_wildcard_exportin.csv
2024,19,wildcard,WR,Deven,Thompkins,CAR,CAR,2200,CAR@ATL,0,FG_wildcard_exportin.csv
2024,19,wildcard,WR,Bryan,Thompson,BUF,BUF,2200,DEN@BUF,1,FG_wildcard_exportin.csv
2024,19,wildcard,RB,SaRodorick,Thompson Jr.,LAR,LA,2200,MIN@LA,1,FG_wildcard_exportin.csv
2024,19,wildcard,WR,Jamari,Thrash,CLE,CLE,2200,CLE@BAL,0,FG_wildcard_exportin.csv
2024,19,wildcard,WR,Mason,Tipton,NO,NO,2200,NO@TB,0,FG_wildcard_exportin.csv
2024,19,wildcard,TE,Adam,Trautman,DEN,DEN,2200,DEN@BUF,1,FG_wildcard_exportin.csv
2024,19,wildcard,WR,Brycen,Tremayne,WAS,WAS,2200,WAS@DAL,0,FG_wildcard_exportin.csv
2024,19,wildcard,RB,Sean,Tucker,TB,TB,2200,WAS@TB,1,FG_wildcard_exportin.csv
2024,19,wildcard,WR,DJ,Turner,LV,LV,2200,LAC@LV,0,FG_wildcard_exportin.csv
2024,19,wildcard,WR,Lincoln,Victor,DEN,DEN,2200,DEN@BUF,1,FG_wildcard_exportin.csv
2024,19,wildcard,RB,Kimani,Vidal,LAC,LAC,2200,LAC@HOU,1,FG_wildcard_exportin.csv
2024,19,wildcard,WR,Xavier,Wade,PIT,PIT,2200,PIT@BAL,1,FG_wildcard_exportin.csv
2024,19,wildcard,WR,Devontez,Walker,BAL,BAL,2200,PIT@BAL,1,FG_wildcard_exportin.csv
2024,19,wildcard,WR,Devontez,Walker,BAL,BAL,2200,CLE@BAL,0,FG_wildcard_exportin.csv
2024,19,wildcard,WR,Tylan,Wallace,BAL,BAL,2200,PIT@BAL,1,FG_wildcard_exportin.csv
2024,19,wildcard,WR,Tylan,Wallace,BAL,BAL,2200,CLE@BAL,0,FG_wildcard_exportin.csv
2024,19,wildcard,RB,Jonathan,Ward,PIT,PIT,2200,PIT@BAL,1,FG_wildcard_exportin.csv
2024,19,wildcard,RB,Dwayne,Washington,DEN,DEN,2200,DEN@BUF,1,FG_wildcard_exportin.csv
2024,19,wildcard,TE,Darnell,Washington,PIT,PIT,2200,PIT@BAL,1,FG_wildcard_exportin.csv
2024,19,wildcard,WR,Isaiah,Washington,BAL,BAL,2200,PIT@BAL,1,FG_wildcard_exportin.csv
2024,19,wildcard,TE,Darnell,Washington,PIT,PIT,2200,CIN@PIT,0,FG_wildcard_exportin.csv
2024,19,wildcard,WR,Casey,Washington,ATL,ATL,2200,CAR@ATL,0,FG_wildcard_exportin.csv
2024,19,wildcard,WR,Malik,Washington,MIA,MIA,2200,MIA@NYJ,0,FG_wildcard_exportin.csv
2024,19,wildcard,WR,Quez,Watkins,PIT,PIT,2200,PIT@BAL,1,FG_wildcard_exportin.csv
2024,19,wildcard,WR,Austin,Watkins Jr.,PHI,PHI,2200,GB@PHI,1,FG_wildcard_exportin.csv
2024,19,wildcard,RB,Blake,Watson,DEN,DEN,2200,DEN@BUF,1,FG_wildcard_exportin.csv
2024,19,wildcard,WR,Justin,Watson,KC,KC,2200,KC@DEN,0,FG_wildcard_exportin.csv
2024,19,wildcard,WR,Duece,Watts,PIT,PIT,2200,PIT@BAL,1,FG_wildcard_exportin.csv
2024,19,wildcard,WR,Jalen,Wayne,GB,GB,2200,GB@PHI,1,FG_wildcard_exportin.csv
2024,19,wildcard,WR,Xavier,Weaver,ARI,ARI,2200,SF@ARI,0,FG_wildcard_exportin.csv
2024,19,wildcard,WR,Raleigh,Webb,TB,TB,2200,WAS@TB,1,FG_wildcard_exportin.csv
2024,19,wildcard,TE,David,Wells,TB,TB,2200,WAS@TB,1,FG_wildcard_exportin.csv
2024,19,wildcard,WR,Cody,White,SEA,SEA,2200,SEA@LA,0,FG_wildcard_exportin.csv
2024,19,wildcard,TE,Blake,Whiteheart,CLE,CLE,2200,CLE@DEN,0,FG_wildcard_exportin.csv
2024,19,wildcard,WR,Jordan,Whittington,LAR,LA,2200,MIN@LA,1,FG_wildcard_exportin.csv
2024,19,wildcard,WR,Jordan,Whittington,LAR,LA,2200,SEA@LA,0,FG_wildcard_exportin.csv
2024,19,wildcard,WR,Sam,Wiglusz,LAR,LA,2200,MIN@LA,1,FG_wildcard_exportin.csv
2024,19,wildcard,TE,Rodney,Williams,PIT,PIT,2200,PIT@BAL,1,FG_wildcard_exportin.csv
2024,19,wildcard,WR,Mike,Williams,PIT,PIT,2200,PIT@BAL,1,FG_wildcard_exportin.csv
2024,19,wildcard,WR,Isaiah,Williams,CIN,CIN,2200,CIN@PIT,0,FG_wildcard_exportin.csv
2024,19,wildcard,WR,Mike,Williams,PIT,PIT,2200,CIN@PIT,0,FG_wildcard_exportin.csv
2024,19,wildcard,WR,Roman,Wilson,PIT,PIT,2200,PIT@BAL,1,FG_wildcard_exportin.csv
2024,19,wildcard,WR,Johnny,Wilson,PHI,PHI,2200,GB@PHI,1,FG_wildcard_exportin.csv
2024,19,wildcard,WR,Johnny,Wilson,PHI,PHI,2200,NYG@PHI,0,FG_wildcard_exportin.csv
2024,19,wildcard,WR,Roman,Wilson,PIT,PIT,2200,CIN@PIT,0,FG_wildcard_exportin.csv
2024,19,wildcard,WR,Cedrick,Wilson Jr.,NO,NO,2200,NO@TB,0,FG_wildcard_exportin.csv
2024,19,wildcard,WR,Isaiah,Wooden,LAC,LAC,2200,LAC@HOU,1,FG_wildcard_exportin.csv
2024,19,wildcard,WR,Robert,Woods,HOU,HOU,2200,LAC@HOU,1,FG_wildcard_exportin.csv
2024,19,wildcard,WR,Robert,Woods,HOU,HOU,2200,HOU@TEN,0,FG_wildcard_exportin.csv
2024,19,wildcard,WR,Michael,Woods II,CLE,CLE,2200,CLE@BAL,0,FG_wildcard_exportin.csv
2024,19,wildcard,TE,Colson,Yankoff,WAS,WAS,2200,WAS@TB,1,FG_wildcard_exportin.csv
2024,19,wildcard,TE,Kenny,Yeboah,NYJ,NYJ,2200,MIA@NYJ,0,FG_wildcard_exportin.csv
2024,19,wildcard,WR,Dareke,Young,SEA,SEA,2200,SEA@LA,0,FG_wildcard_exportin.csv
2024,20,divisional,RB,Saquon,Barkley,PHI,PHI,8200,LA@PHI,1,FG_divisional_exportin.csv
2024,20,divisional,WR,Ja'Marr,Chase,CIN,CIN,8200,CIN@PIT,0,FG_divisional_exportin.csv
2024,20,divisional,RB,Jahmyr,Gibbs,DET,DET,8200,WAS@DET,1,FG_divisional_exportin.csv
2024,20,divisional,RB,Derrick,Henry,BAL,BAL,8000,BAL@BUF,1,FG_divisional_exportin.csv
2024,20,divisional,WR,Justin,Jefferson,MIN,MIN,8000,MIN@DET,0,FG_divisional_exportin.csv
2024,20,divisional,QB,Jayden,Daniels,WAS,WAS,7800,WAS@DET,1,FG_divisional_exportin.csv
2024,20,divisional,QB,Lamar,Jackson,BAL,BAL,7800,BAL@BUF,1,FG_divisional_exportin.csv
2024,20,divisional,WR,Puka,Nacua,LAR,LA,7800,MIN@LA,0,FG_divisional_exportin.csv
2024,20,divisional,QB,Josh,Allen,BUF,BUF,7600,BAL@BUF,1,FG_divisional_exportin.csv
2024,20,divisional,WR,Mike,Evans,TB,TB,7600,WAS@TB,0,FG_divisional_exportin.csv
2024,20,divisional,WR,Mike,Evans,TB,TB,7600,NO@TB,0,FG_divisional_exportin.csv
2024,20,divisional,WR,Justin,Jefferson,MIN,MIN,7600,MIN@LA,0,FG_divisional_exportin.csv
2024,20,divisional,WR,Puka,Nacua,LAR,LA,7600,SEA@LA,0,FG_divisional_exportin.csv
2024,20,divisional,WR,Amon-Ra,St. Brown,DET,DET,7400,WAS@DET,1,FG_divisional_exportin.csv
2024,20,divisional,WR,A.J.,Brown,PHI,PHI,7200,GB@PHI,0,FG_divisional_exportin.csv
2024,20,divisional,QB,Jared,Goff,DET,DET,7200,WAS@DET,1,FG_divisional_exportin.csv
2024,20,divisional,WR,Tee,Higgins,CIN,CIN,7200,CIN@PIT,0,FG_divisional_exportin.csv
2024,20,divisional,WR,Puka,Nacua,LAR,LA,7200,LA@PHI,1,FG_divisional_exportin.csv
2024,20,divisional,WR,Brian,Thomas Jr.,JAX,JAC,7200,JAC@IND,0,FG_divisional_exportin.csv
2024,20,divisional,WR,Amon-Ra,St. Brown,DET,DET,7000,MIN@DET,0,FG_divisional_exportin.csv
2024,20,divisional,WR,A.J.,Brown,PHI,PHI,6800,NYG@PHI,0,FG_divisional_exportin.csv
2024,20,divisional,QB,Patrick,Mahomes,KC,KC,6800,HOU@KC,1,FG_divisional_exportin.csv
2024,20,divisional,WR,Terry,McLaurin,WAS,WAS,6800,WAS@TB,0,FG_divisional_exportin.csv
2024,20,divisional,WR,Malik,Nabers,NYG,NYG,6800,NYG@PHI,0,FG_divisional_exportin.csv
2024,20,divisional,WR,Davante,Adams,NYJ,NYJ,6600,MIA@NYJ,0,FG_divisional_exportin.csv
2024,20,divisional,WR,A.J.,Brown,PHI,PHI,6600,LA@PHI,1,FG_divisional_exportin.csv
2024,20,divisional,WR,Nico,Collins,HOU,HOU,6600,LAC@HOU,0,FG_divisional_exportin.csv
2024,20,divisional,RB,James,Cook,BUF,BUF,6600,BAL@BUF,1,FG_divisional_exportin.csv
2024,20,divisional,WR,Ladd,McConkey,LAC,LAC,6600,LAC@LV,0,FG_divisional_exportin.csv
2024,20,divisional,WR,Terry,McLaurin,WAS,WAS,6600,WAS@DET,1,FG_divisional_exportin.csv
2024,20,divisional,WR,Nico,Collins,HOU,HOU,6400,HOU@TEN,0,FG_divisional_exportin.csv
2024,20,divisional,QB,Jalen,Hurts,PHI,PHI,6400,LA@PHI,1,FG_divisional_exportin.csv
2024,20,divisional,WR,Terry,McLaurin,WAS,WAS,6400,WAS@DAL,0,FG_divisional_exportin.csv
2024,20,divisional,RB,Joe,Mixon,HOU,HOU,6400,HOU@KC,1,FG_divisional_exportin.csv
2024,20,divisional,WR,Nico,Collins,HOU,HOU,6200,HOU@KC,1,FG_divisional_exportin.csv
2024,20,divisional,WR,DeVonta,Smith,PHI,PHI,6200,NYG@PHI,0,FG_divisional_exportin.csv
2024,20,divisional,WR,Jaxon,Smith-Njigba,SEA,SEA,6200,SEA@LA,0,FG_divisional_exportin.csv
2024,20,divisional,WR,Courtland,Sutton,DEN,DEN,6200,DEN@BUF,0,FG_divisional_exportin.csv
2024,20,divisional,WR,Courtland,Sutton,DEN,DEN,6200,KC@DEN,0,FG_divisional_exportin.csv
2024,20,divisional,WR,Jordan,Addison,MIN,MIN,6000,MIN@DET,0,FG_divisional_exportin.csv
2024,20,divisional,RB,Kyren,Williams,LAR,LA,6000,LA@PHI,1,FG_divisional_exportin.csv
2024,20,divisional,WR,Tyreek,Hill,MIA,MIA,5800,MIA@NYJ,0,FG_divisional_exportin.csv
2024,20,divisional,WR,Drake,London,ATL,ATL,5800,CAR@ATL,0,FG_divisional_exportin.csv
2024,20,divisional,WR,DeVonta,Smith,PHI,PHI,5800,LA@PHI,1,FG_divisional_exportin.csv
2024,20,divisional,WR,DeVonta,Smith,PHI,PHI,5800,GB@PHI,0,FG_divisional_exportin.csv
2024,20,divisional,WR,Adam,Thielen,CAR,CAR,5800,CAR@ATL,0,FG_divisional_exportin.csv
2024,20,divisional,WR,Jameson,Williams,DET,DET,5800,WAS@DET,1,FG_divisional_exportin.csv
2024,20,divisional,WR,Jameson,Williams,DET,DET,5800,MIN@DET,0,FG_divisional_exportin.csv
2024,20,divisional,WR,Garrett,Wilson,NYJ,NYJ,5800,MIA@NYJ,0,FG_divisional_exportin.csv
2024,20,divisional,WR,Jalen,McMillan,TB,TB,5600,WAS@TB,0,FG_divisional_exportin.csv
2024,20,divisional,WR,Jalen,McMillan,TB,TB,5600,NO@TB,0,FG_divisional_exportin.csv
2024,20,divisional,RB,David,Montgomery,DET,DET,5600,WAS@DET,1,FG_divisional_exportin.csv
2024,20,divisional,WR,Jordan,Addison,MIN,MIN,5400,MIN@LA,0,FG_divisional_exportin.csv
2024,20,divisional,WR,Keenan,Allen,CHI,CHI,5400,CHI@GB,0,FG_divisional_exportin.csv
2024,20,divisional,WR,Jauan,Jennings,SF,SF,5400,SF@ARI,0,FG_divisional_exportin.csv
2024,20,divisional,WR,Jerry,Jeudy,CLE,CLE,5400,CLE@BAL,0,FG_divisional_exportin.csv
2024,20,divisional,WR,George,Pickens,PIT,PIT,5400,CIN@PIT,0,FG_divisional_exportin.csv
2024,20,divisional,WR,Calvin,Ridley,TEN,TEN,5400,HOU@TEN,0,FG_divisional_exportin.csv
2024,20,divisional,WR,Xavier,Worthy,KC,KC,5400,HOU@KC,1,FG_divisional_exportin.csv
2024,20,divisional,WR,Xavier,Worthy,KC,KC,5400,KC@DEN,0,FG_divisional_exportin.csv
2024,20,divisional,WR,Jakobi,Meyers,LV,LV,5200,LAC@LV,0,FG_divisional_exportin.csv
2024,20,divisional,WR,Khalil,Shakir,BUF,BUF,5200,DEN@BUF,0,FG_divisional_exportin.csv
2024,20,divisional,TE,Brock,Bowers,LV,LV,5000,LAC@LV,0,FG_divisional_exportin.csv
2024,20,divisional,WR,Zay,Flowers,BAL,BAL,5000,PIT@BAL,0,FG_divisional_exportin.csv
2024,20,divisional,WR,DJ,Moore,CHI,CHI,5000,CHI@GB,0,FG_divisional_exportin.csv
2024,20,divisional,QB,Matthew,Stafford,LAR,LA,5000,LA@PHI,1,FG_divisional_exportin.csv
2024,20,divisional,WR,Zay,Flowers,BAL,BAL,4800,BAL@BUF,1,FG_divisional_exportin.csv
2024,20,divisional,WR,Zay,Flowers,BAL,BAL,4800,CLE@BAL,0,FG_divisional_exportin.csv
2024,20,divisional,TE,Sam,LaPorta,DET,DET,4800,WAS@DET,1,FG_divisional_exportin.csv
2024,20,divisional,WR,Marvin,Mims Jr.,DEN,DEN,4800,DEN@BUF,0,FG_divisional_exportin.csv
2024,20,divisional,WR,Khalil,Shakir,BUF,BUF,4800,BUF@NE,0,FG_divisional_exportin.csv
2024,20,divisional,WR,Darnell,Mooney,ATL,ATL,4600,CAR@ATL,0,FG_divisional_exportin.csv
2024,20,divisional,WR,Michael,Pittman Jr.,IND,IND,4600,JAC@IND,0,FG_divisional_exportin.csv
2024,20,divisional,WR,Deebo,Samuel Sr.,SF,SF,4600,SF@ARI,0,FG_divisional_exportin.csv
2024,20,divisional,WR,Khalil,Shakir,BUF,BUF,4600,BAL@BUF,1,FG_divisional_exportin.csv
2024,20,divisional,TE,Jonnu,Smith,MIA,MIA,4600,MIA@NYJ,0,FG_divisional_exportin.csv
2024,20,divisional,QB,C.J.,Stroud,HOU,HOU,4600,HOU@KC,1,FG_divisional_exportin.csv
2024,20,divisional,TE,Mark,Andrews,BAL,BAL,4400,BAL@BUF,1,FG_divisional_exportin.csv
2024,20,divisional,WR,Rashod,Bateman,BAL,BAL,4400,PIT@BAL,0,FG_divisional_exportin.csv
2024,20,divisional,WR,Rashod,Bateman,BAL,BAL,4400,CLE@BAL,0,FG_divisional_exportin.csv
2024,20,divisional,WR,Romeo,Doubs,GB,GB,4400,CHI@GB,0,FG_divisional_exportin.csv
2024,20,divisional,WR,Marvin,Harrison Jr.,ARI,ARI,4400,SF@ARI,0,FG_divisional_exportin.csv
2024,20,divisional,TE,Travis,Kelce,KC,KC,4400,HOU@KC,1,FG_divisional_exportin.csv
2024,20,divisional,WR,Cooper,Kupp,LAR,LA,4400,SEA@LA,0,FG_divisional_exportin.csv
2024,20,divisional,WR,DK,Metcalf,SEA,SEA,4400,SEA@LA,0,FG_divisional_exportin.csv
2024,20,divisional,WR,Rashod,Bateman,BAL,BAL,4200,BAL@BUF,1,FG_divisional_exportin.csv
2024,20,divisional,QB,Stetson,Bennett,LAR,LA,4200,LA@PHI,1,FG_divisional_exportin.csv
2024,20,divisional,QB,Teddy,Bridgewater,DET,DET,4200,WAS@DET,1,FG_divisional_exportin.csv
2024,20,divisional,WR,Romeo,Doubs,GB,GB,4200,GB@PHI,0,FG_divisional_exportin.csv
2024,20,divisional,QB,Jeff,Driskel,WAS,WAS,4200,WAS@DET,1,FG_divisional_exportin.csv
2024,20,divisional,RB,Austin,Ekeler,WAS,WAS,4200,WAS@DET,1,FG_divisional_exportin.csv
2024,20,divisional,QB,Jimmy,Garoppolo,LAR,LA,4200,LA@PHI,1,FG_divisional_exportin.csv
2024,20,divisional,QB,Hendon,Hooker,DET,DET,4200,WAS@DET,1,FG_divisional_exportin.csv
2024,20,divisional,QB,Josh,Johnson,BAL,BAL,4200,BAL@BUF,1,FG_divisional_exportin.csv
2024,20,divisional,WR,Quentin,Johnston,LAC,LAC,4200,LAC@LV,0,FG_divisional_exportin.csv
2024,20,divisional,WR,Cooper,Kupp,LAR,LA,4200,MIN@LA,0,FG_divisional_exportin.csv
2024,20,divisional,QB,Marcus,Mariota,WAS,WAS,4200,WAS@DET,1,FG_divisional_exportin.csv
2024,20,divisional,QB,Tanner,McKee,PHI,PHI,4200,LA@PHI,1,FG_divisional_exportin.csv
2024,20,divisional,QB,Trace,McSorley,WAS,WAS,4200,WAS@DET,1,FG_divisional_exportin.csv
2024,20,divisional,QB,Davis,Mills,HOU,HOU,4200,HOU@KC,1,FG_divisional_exportin.csv
2024,20,divisional,WR,Chris,Olave,NO,NO,4200,NO@TB,0,FG_divisional_exportin.csv
2024,20,divisional,QB,Cade,Peterson,DET,DET,4200,WAS@DET,1,FG_divisional_exportin.csv
2024,20,divisional,WR,George,Pickens,PIT,PIT,4200,PIT@BAL,0,FG_divisional_exportin.csv
2024,20,divisional,QB,Kenny,Pickett,PHI,PHI,4200,LA@PHI,1,FG_divisional_exportin.csv
2024,20,divisional,QB,Spencer,Sanders,KC,KC,4200,HOU@KC,1,FG_divisional_exportin.csv
2024,20,divisional,QB,Nate,Sudfeld,DET,DET,4200,WAS@DET,1,FG_divisional_exportin.csv
2024,20,divisional,QB,Mitchell,Trubisky,BUF,BUF,4200,BAL@BUF,1,FG_divisional_exportin.csv
2024,20,divisional,QB,Gunnar,Watson,BUF,BUF,4200,BAL@BUF,1,FG_divisional_exportin.csv
2024,20,divisional,QB,Carson,Wentz,KC,KC,4200,HOU@KC,1,FG_divisional_exportin.csv
2024,20,divisional,QB,Mike,White,BUF,BUF,4200,BAL@BUF,1,FG_divisional_exportin.csv
2024,20,divisional,QB,Dresser,Winn,LAR,LA,4200,LA@PHI,1,FG_divisional_exportin.csv
2024,20,divisional,WR,Brandin,Cooks,DAL,DAL,4000,WAS@DAL,0,FG_divisional_exportin.csv
2024,20,divisional,RB,Kareem,Hunt,KC,KC,4000,HOU@KC,1,FG_divisional_exportin.csv
2024,20,divisional,WR,Cooper,Kupp,LAR,LA,4000,LA@PHI,1,FG_divisional_exportin.csv
2024,20,divisional,WR,Marvin,Mims Jr.,DEN,DEN,4000,KC@DEN,0,FG_divisional_exportin.csv
2024,20,divisional,WR,Rome,Odunze,CHI,CHI,4000,CHI@GB,0,FG_divisional_exportin.csv
2024,20,divisional,WR,Wan'Dale,Robinson,NYG,NYG,4000,NYG@PHI,0,FG_divisional_exportin.csv
2024,20,divisional,WR,Devaughn,Vele,DEN,DEN,4000,CLE@DEN,0,FG_divisional_exportin.csv
2024,20,divisional,WR,Jaylen,Waddle,MIA,MIA,4000,MIA@NYJ,0,FG_divisional_exportin.csv
2024,20,divisional,WR,DeMario,Douglas,NE,NE,3800,BUF@NE,0,FG_divisional_exportin.csv
2024,20,divisional,WR,Josh,Downs,IND,IND,3800,JAC@IND,0,FG_divisional_exportin.csv
2024,20,divisional,WR,CeeDee,Lamb,DAL,DAL,3800,WAS@DAL,0,FG_divisional_exportin.csv
2024,20,divisional,WR,Alec,Pierce,IND,IND,3800,JAC@IND,0,FG_divisional_exportin.csv
2024,20,divisional,RB,Brian,Robinson Jr.,WAS,WAS,3800,WAS@DET,1,FG_divisional_exportin.csv
2024,20,divisional,WR,Olamide,Zaccheaus,WAS,WAS,3800,WAS@DET,1,FG_divisional_exportin.csv
2024,20,divisional,WR,Calvin,Austin III,PIT,PIT,3600,CIN@PIT,0,FG_divisional_exportin.csv
2024,20,divisional,WR,Kayshon,Boutte,NE,NE,3600,BUF@NE,0,FG_divisional_exportin.csv
2024,20,divisional,WR,Hollywood,Brown,KC,KC,3600,HOU@KC,1,FG_divisional_exportin.csv
2024,20,divisional,WR,Hollywood,Brown,KC,KC,3600,KC@DEN,0,FG_divisional_exportin.csv
2024,20,divisional,WR,Jalen,Coker,CAR,CAR,3600,CAR@ATL,0,FG_divisional_exportin.csv
2024,20,divisional,WR,Amari,Cooper,BUF,BUF,3600,DEN@BUF,0,FG_divisional_exportin.csv
2024,20,divisional,TE,Zach,Ertz,WAS,WAS,3600,WAS@DET,1,FG_divisional_exportin.csv
2024,20,divisional,TE,Dallas,Goedert,PHI,PHI,3600,LA@PHI,1,FG_divisional_exportin.csv
2024,20,divisional,WR,DeAndre,Hopkins,KC,KC,3600,KC@DEN,0,FG_divisional_exportin.csv
2024,20,divisional,RB,Isiah,Pacheco,KC,KC,3600,HOU@KC,1,FG_divisional_exportin.csv
2024,20,divisional,WR,Jayden,Reed,GB,GB,3600,CHI@GB,0,FG_divisional_exportin.csv
2024,20,divisional,WR,Cedric,Tillman,CLE,CLE,3600,CLE@BAL,0,FG_divisional_exportin.csv
2024,20,divisional,WR,Christian,Watson,GB,GB,3600,CHI@GB,0,FG_divisional_exportin.csv
2024,20,divisional,WR,Nick,Westbrook-Ikhine,TEN,TEN,3600,HOU@TEN,0,FG_divisional_exportin.csv
2024,20,divisional,DEF,Denver,Broncos,DEN,DEN,3400,CLE@DEN,0,FG_divisional_exportin.csv
2024,20,divisional,WR,Keon,Coleman,BUF,BUF,3400,BUF@NE,0,FG_divisional_exportin.csv
2024,20,divisional,WR,Amari,Cooper,BUF,BUF,3400,BUF@NE,0,FG_divisional_exportin.csv
2024,20,divisional,TE,Pat,Freiermuth,PIT,PIT,3400,CIN@PIT,0,FG_divisional_exportin.csv
2024,20,divisional,TE,Hunter,Henry,NE,NE,3400,BUF@NE,0,FG_divisional_exportin.csv
2024,20,divisional,RB,Justice,Hill,BAL,BAL,3400,BAL@BUF,1,FG_divisional_exportin.csv
2024,20,divisional,WR,DeAndre,Hopkins,KC,KC,3400,HOU@KC,1,FG_divisional_exportin.csv
2024,20,divisional,WR,Xavier,Legette,CAR,CAR,3400,CAR@ATL,0,FG_divisional_exportin.csv
2024,20,divisional,WR,Tim,Patrick,DET,DET,3400,MIN@DET,0,FG_divisional_exportin.csv
2024,20,divisional,WR,Tyrell,Shavers,BUF,BUF,3400,BUF@NE,0,FG_divisional_exportin.csv
2024,20,divisional,WR,Marquez,Valdes-Scantling,NO,NO,3400,NO@TB,0,FG_divisional_exportin.csv
2024,20,divisional,WR,Parker,Washington,JAX,JAC,3400,JAC@IND,0,FG_divisional_exportin.csv
2024,20,divisional,WR,Olamide,Zaccheaus,WAS,WAS,3400,WAS@TB,0,FG_divisional_exportin.csv
2024,20,divisional,WR,Olamide,Zaccheaus,WAS,WAS,3400,WAS@DAL,0,FG_divisional_exportin.csv
2024,20,divisional,WR,Dyami,Brown,WAS,WAS,3200,WAS@DET,1,FG_divisional_exportin.csv
2024,20,divisional,WR,Keon,Coleman,BUF,BUF,3200,DEN@BUF,0,FG_divisional_exportin.csv
2024,20,divisional,TE,Tyler,Conklin,NYJ,NYJ,3200,MIA@NYJ,0,FG_divisional_exportin.csv
2024,20,divisional,WR,Amari,Cooper,BUF,BUF,3200,BAL@BUF,1,FG_divisional_exportin.csv
2024,20,divisional,WR,Andrei,Iosivas,CIN,CIN,3200,CIN@PIT,0,FG_divisional_exportin.csv
2024,20,divisional,WR,Ray-Ray,McCloud,ATL,ATL,3200,CAR@ATL,0,FG_divisional_exportin.csv
2024,20,divisional,WR,Joshua,Palmer,LAC,LAC,3200,LAC@LV,0,FG_divisional_exportin.csv
2024,20,divisional,WR,Jayden,Reed,GB,GB,3200,GB@PHI,0,FG_divisional_exportin.csv
2024,20,divisional,WR,Jalen,Tolbert,DAL,DAL,3200,WAS@DAL,0,FG_divisional_exportin.csv
2024,20,divisional,WR,Calvin,Austin III,PIT,PIT,3000,PIT@BAL,0,FG_divisional_exportin.csv
2024,20,divisional,WR,Kendrick,Bourne,NE,NE,3000,BUF@NE,0,FG_divisional_exportin.csv
2024,20,divisional,WR,Keon,Coleman,BUF,BUF,3000,BAL@BUF,1,FG_divisional_exportin.csv
2024,20,divisional,TE,Mike,Gesicki,CIN,CIN,3000,CIN@PIT,0,FG_divisional_exportin.csv
2024,20,divisional,WR,John,Metchie III,HOU,HOU,3000,HOU@TEN,0,FG_divisional_exportin.csv
2024,20,divisional,WR,Sterling,Shepard,TB,TB,3000,NO@TB,0,FG_divisional_exportin.csv
2024,20,divisional,WR,Devaughn,Vele,DEN,DEN,3000,DEN@BUF,0,FG_divisional_exportin.csv
2024,20,divisional,WR,Christian,Watson,GB,GB,3000,GB@PHI,0,FG_divisional_exportin.csv
2024,20,divisional,WR,Michael,Wilson,ARI,ARI,3000,SF@ARI,0,FG_divisional_exportin.csv
2024,20,divisional,WR,Noah,Brown,WAS,WAS,2800,WAS@TB,0,FG_divisional_exportin.csv
2024,20,divisional,TE,Noah,Fant,SEA,SEA,2800,SEA@LA,0,FG_divisional_exportin.csv
2024,20,divisional,TE,Tyler,Higbee,LAR,LA,2800,LA@PHI,1,FG_divisional_exportin.csv
2024,20,divisional,WR,David,Moore,CAR,CAR,2800,CAR@ATL,0,FG_divisional_exportin.csv
2024,20,divisional,WR,Tre,Tucker,LV,LV,2800,LAC@LV,0,FG_divisional_exportin.csv
2024,20,divisional,WR,Dontayvion,Wicks,GB,GB,2800,GB@PHI,0,FG_divisional_exportin.csv
2024,20,divisional,WR,Dontayvion,Wicks,GB,GB,2800,CHI@GB,0,FG_divisional_exportin.csv
2024,20,divisional,DEF,Cleveland,Browns,CLE,CLE,2600,CLE@DEN,0,FG_divisional_exportin.csv
2024,20,divisional,TE,Will,Dissly,LAC,LAC,2600,LAC@LV,0,FG_divisional_exportin.csv
2024,20,divisional,TE,Austin,Hooper,NE,NE,2600,BUF@NE,0,FG_divisional_exportin.csv
2024,20,divisional,RB,Ty,Johnson,BUF,BUF,2600,BAL@BUF,1,FG_divisional_exportin.csv
2024,20,divisional,TE,Dalton,Kincaid,BUF,BUF,2600,BAL@BUF,1,FG_divisional_exportin.csv
2024,20,divisional,TE,Dalton,Kincaid,BUF,BUF,2600,BUF@NE,0,FG_divisional_exportin.csv
2024,20,divisional,TE,Isaiah,Likely,BAL,BAL,2600,BAL@BUF,1,FG_divisional_exportin.csv
2024,20,divisional,WR,Curtis,Samuel,BUF,BUF,2600,BAL@BUF,1,FG_divisional_exportin.csv
2024,20,divisional,TE,Dalton,Schultz,HOU,HOU,2600,HOU@KC,1,FG_divisional_exportin.csv
2024,20,divisional,WR,Sterling,Shepard,TB,TB,2600,WAS@TB,0,FG_divisional_exportin.csv
2024,20,divisional,WR,KaVontae,Turpin,DAL,DAL,2600,WAS@DAL,0,FG_divisional_exportin.csv
2024,20,divisional,WR,Devaughn,Vele,DEN,DEN,2600,KC@DEN,0,FG_divisional_exportin.csv
2024,20,divisional,WR,Dyami,Brown,WAS,WAS,2400,WAS@DAL,0,FG_divisional_exportin.csv
2024,20,divisional,WR,Jahan,Dotson,PHI,PHI,2400,LA@PHI,1,FG_divisional_exportin.csv
2024,20,divisional,WR,Mack,Hollins,BUF,BUF,2400,BUF@NE,0,FG_divisional_exportin.csv
2024,20,divisional,WR,Allen,Lazard,NYJ,NYJ,2400,MIA@NYJ,0,FG_divisional_exportin.csv
2024,20,divisional,WR,John,Metchie III,HOU,HOU,2400,HOU@KC,1,FG_divisional_exportin.csv
2024,20,divisional,WR,Darius,Slayton,NYG,NYG,2400,NYG@PHI,0,FG_divisional_exportin.csv
2024,20,divisional,WR,Nelson,Agholor,BAL,BAL,2200,BAL@BUF,1,FG_divisional_exportin.csv
2024,20,divisional,WR,Nelson,Agholor,BAL,BAL,2200,PIT@BAL,0,FG_divisional_exportin.csv
2024,20,divisional,WR,Nelson,Agholor,BAL,BAL,2200,CLE@BAL,0,FG_divisional_exportin.csv
2024,20,divisional,WR,Jamal,Agnew,PIT,PIT,2200,PIT@BAL,0,FG_divisional_exportin.csv
2024,20,divisional,RB,Rasheen,Ali,BAL,BAL,2200,BAL@BUF,1,FG_divisional_exportin.csv
2024,20,divisional,TE,Davis,Allen,LAR,LA,2200,LA@PHI,1,FG_divisional_exportin.csv
2024,20,divisional,TE,Davis,Allen,LAR,LA,2200,SEA@LA,0,FG_divisional_exportin.csv
2024,20,divisional,WR,Tutu,Atwell,LAR,LA,2200,LA@PHI,1,FG_divisional_exportin.csv
2024,20,divisional,WR,Tutu,Atwell,LAR,LA,2200,MIN@LA,0,FG_divisional_exportin.csv
2024,20,divisional,WR,Tutu,Atwell,LAR,LA,2200,SEA@LA,0,FG_divisional_exportin.csv
2024,20,divisional,WR,Kevin,Austin Jr.,NO,NO,2200,NO@TB,0,FG_divisional_exportin.csv
2024,20,divisional,RB,TD,Ayo-Durojaiye,KC,KC,2200,HOU@KC,1,FG_divisional_exportin.csv
2024,20,divisional,RB,Tyler,Badie,DEN,DEN,2200,CLE@DEN,0,FG_divisional_exportin.csv
2024,20,divisional,WR,Jelani,Baker,BAL,BAL,2200,BAL@BUF,1,FG_divisional_exportin.csv
2024,20,divisional,WR,Jelani,Baker,BAL,BAL,2200,PIT@BAL,0,FG_divisional_exportin.csv
2024,20,divisional,WR,Javon,Baker,NE,NE,2200,BUF@NE,0,FG_divisional_exportin.csv
2024,20,divisional,TE,AJ,Barner,SEA,SEA,2200,SEA@LA,0,FG_divisional_exportin.csv
2024,20,divisional,TE,John,Bates,WAS,WAS,2200,WAS@DET,1,FG_divisional_exportin.csv
2024,20,divisional,RB,Nick,Bawden,HOU,HOU,2200,HOU@KC,1,FG_divisional_exportin.csv
2024,20,divisional,TE,Jaheim,Bell,NE,NE,2200,BUF@NE,0,FG_divisional_exportin.csv
2024,20,divisional,WR,Chris,Blair,ATL,ATL,2200,CAR@ATL,0,FG_divisional_exportin.csv
2024,20,divisional,WR,Jake,Bobo,SEA,SEA,2200,SEA@LA,0,FG_divisional_exportin.csv
2024,20,divisional,WR,Tyler,Boyd,TEN,TEN,2200,HOU@TEN,0,FG_divisional_exportin.csv
2024,20,divisional,WR,Phillip,Brooks,KC,KC,2200,HOU@KC,1,FG_divisional_exportin.csv
2024,20,divisional,WR,Jalen,Brooks,DAL,DAL,2200,WAS@DAL,0,FG_divisional_exportin.csv
2024,20,divisional,WR,Reggie,Brown,KC,KC,2200,HOU@KC,1,FG_divisional_exportin.csv
2024,20,divisional,WR,Ahmarean,Brown,BUF,BUF,2200,BAL@BUF,1,FG_divisional_exportin.csv
2024,20,divisional,WR,Ahmarean,Brown,BUF,BUF,2200,DEN@BUF,0,FG_divisional_exportin.csv
2024,20,divisional,WR,Dyami,Brown,WAS,WAS,2200,WAS@TB,0,FG_divisional_exportin.csv
2024,20,divisional,TE,Pharaoh,Brown,SEA,SEA,2200,SEA@LA,0,FG_divisional_exportin.csv
2024,20,divisional,WR,Martavis,Bryant,WAS,WAS,2200,WAS@DET,1,FG_divisional_exportin.csv
2024,20,divisional,WR,Martavis,Bryant,WAS,WAS,2200,WAS@TB,0,FG_divisional_exportin.csv
2024,20,divisional,TE,Harrison,Bryant,LV,LV,2200,LAC@LV,0,FG_divisional_exportin.csv
2024,20,divisional,WR,Jermaine,Burton,CIN,CIN,2200,CIN@PIT,0,FG_divisional_exportin.csv
2024,20,divisional,RB,Michael,Burton,DEN,DEN,2200,CLE@DEN,0,FG_divisional_exportin.csv
2024,20,divisional,WR,Damiere,Byrd,BUF,BUF,2200,BAL@BUF,1,FG_divisional_exportin.csv
2024,20,divisional,WR,Damiere,Byrd,BUF,BUF,2200,DEN@BUF,0,FG_divisional_exportin.csv
2024,20,divisional,TE,Grant,Calcaterra,PHI,PHI,2200,LA@PHI,1,FG_divisional_exportin.csv
2024,20,divisional,WR,Jalon,Calhoun,DET,DET,2200,WAS@DET,1,FG_divisional_exportin.csv
2024,20,divisional,WR,Parris,Campbell,PHI,PHI,2200,LA@PHI,1,FG_divisional_exportin.csv
2024,20,divisional,WR,Caleb,Chapman,TB,TB,2200,WAS@TB,0,FG_divisional_exportin.csv
2024,20,divisional,WR,DJ,Chark Jr.,LAC,LAC,2200,LAC@LV,0,FG_divisional_exportin.csv
2024,20,divisional,WR,Dan,Chisena,CAR,CAR,2200,CAR@ATL,0,FG_divisional_exportin.csv
2024,20,divisional,WR,Chase,Claypool,BUF,BUF,2200,BAL@BUF,1,FG_divisional_exportin.csv
2024,20,divisional,WR,Chase,Claypool,BUF,BUF,2200,DEN@BUF,0,FG_divisional_exportin.csv
2024,20,divisional,WR,Chris,Conley,SF,SF,2200,SF@ARI,0,FG_divisional_exportin.csv
2024,20,divisional,TE,Tanner,Conner,MIA,MIA,2200,MIA@NYJ,0,FG_divisional_exportin.csv
2024,20,divisional,WR,Jacob,Copeland,PIT,PIT,2200,PIT@BAL,0,FG_divisional_exportin.csv
2024,20,divisional,WR,Malachi,Corley,NYJ,NYJ,2200,MIA@NYJ,0,FG_divisional_exportin.csv
2024,20,divisional,WR,Britain,Covey,PHI,PHI,2200,NYG@PHI,0,FG_divisional_exportin.csv
2024,20,divisional,WR,Jacob,Cowing,SF,SF,2200,SF@ARI,0,FG_divisional_exportin.csv
2024,20,divisional,WR,River,Cracraft,MIA,MIA,2200,MIA@NYJ,0,FG_divisional_exportin.csv
2024,20,divisional,WR,Jamison,Crowder,WAS,WAS,2200,WAS@DET,1,FG_divisional_exportin.csv
2024,20,divisional,WR,Jamison,Crowder,WAS,WAS,2200,WAS@TB,0,FG_divisional_exportin.csv
2024,20,divisional,WR,Jamison,Crowder,WAS,WAS,2200,WAS@DAL,0,FG_divisional_exportin.csv
2024,20,divisional,WR,Jaelon,Darden,SEA,SEA,2200,SEA@LA,0,FG_divisional_exportin.csv
2024,20,divisional,RB,Ray,Davis,BUF,BUF,2200,BAL@BUF,1,FG_divisional_exportin.csv
2024,20,divisional,WR,Davion,Davis,WAS,WAS,2200,WAS@DET,1,FG_divisional_exportin.csv
2024,20,divisional,WR,Shaquan,Davis,PIT,PIT,2200,PIT@BAL,0,FG_divisional_exportin.csv
2024,20,divisional,WR,Davion,Davis,WAS,WAS,2200,WAS@TB,0,FG_divisional_exportin.csv
2024,20,divisional,WR,Derius,Davis,LAC,LAC,2200,LAC@LV,0,FG_divisional_exportin.csv
2024,20,divisional,WR,Greg,Dortch,ARI,ARI,2200,SF@ARI,0,FG_divisional_exportin.csv
2024,20,divisional,WR,Jahan,Dotson,PHI,PHI,2200,GB@PHI,0,FG_divisional_exportin.csv
2024,20,divisional,WR,Jahan,Dotson,PHI,PHI,2200,NYG@PHI,0,FG_divisional_exportin.csv
2024,20,divisional,WR,Colton,Dowell,TEN,TEN,2200,HOU@TEN,0,FG_divisional_exportin.csv
2024,20,divisional,WR,Ashton,Dulin,IND,IND,2200,JAC@IND,0,FG_divisional_exportin.csv
2024,20,divisional,WR,Devin,Duvernay,JAX,JAC,2200,JAC@IND,0,FG_divisional_exportin.csv
2024,20,divisional,WR,Dee,Eskridge,MIA,MIA,2200,MIA@NYJ,0,FG_divisional_exportin.csv
2024,20,divisional,RB,Audric,Estime,DEN,DEN,2200,CLE@DEN,0,FG_divisional_exportin.csv
2024,20,divisional,WR,Erik,Ezukanma,MIA,MIA,2200,MIA@NYJ,0,FG_divisional_exportin.csv
2024,20,divisional,WR,Simi,Fehoko,LAC,LAC,2200,LAC@HOU,0,FG_divisional_exportin.csv
2024,20,divisional,WR,Simi,Fehoko,LAC,LAC,2200,LAC@LV,0,FG_divisional_exportin.csv
2024,20,divisional,TE,Tucker,Fisk,LAC,LAC,2200,LAC@LV,0,FG_divisional_exportin.csv
2024,20,divisional,WR,Ryan,Flournoy,DAL,DAL,2200,WAS@DAL,0,FG_divisional_exportin.csv
2024,20,divisional,TE,Kevin,Foelsch,PHI,PHI,2200,LA@PHI,1,FG_divisional_exportin.csv
2024,20,divisional,WR,Bryce,Ford-Wheaton,NYG,NYG,2200,NYG@PHI,0,FG_divisional_exportin.csv
2024,20,divisional,TE,Miller,Forristall,LAR,LA,2200,LA@PHI,1,FG_divisional_exportin.csv
2024,20,divisional,WR,Daurice,Fountain,DET,DET,2200,WAS@DET,1,FG_divisional_exportin.csv
2024,20,divisional,WR,Troy,Franklin,DEN,DEN,2200,DEN@BUF,0,FG_divisional_exportin.csv
2024,20,divisional,WR,Troy,Franklin,DEN,DEN,2200,KC@DEN,0,FG_divisional_exportin.csv
2024,20,divisional,WR,Troy,Franklin,DEN,DEN,2200,CLE@DEN,0,FG_divisional_exportin.csv
2024,20,divisional,RB,Kenneth,Gainwell,PHI,PHI,2200,LA@PHI,1,FG_divisional_exportin.csv
2024,20,divisional,WR,Daniel,George,KC,KC,2200,HOU@KC,1,FG_divisional_exportin.csv
2024,20,divisional,RB,Reggie,Gilliam,BUF,BUF,2200,BAL@BUF,1,FG_divisional_exportin.csv
2024,20,divisional,WR,Xavier,Gipson,NYJ,NYJ,2200,MIA@NYJ,0,FG_divisional_exportin.csv
2024,20,divisional,WR,Anthony,Gould,IND,IND,2200,JAC@IND,0,FG_divisional_exportin.csv
2024,20,divisional,TE,Cam,Grandy,CIN,CIN,2200,CIN@PIT,0,FG_divisional_exportin.csv
2024,20,divisional,TE,Noah,Gray,KC,KC,2200,HOU@KC,1,FG_divisional_exportin.csv
2024,20,divisional,WR,Justin,Hall,MIN,MIN,2200,MIN@LA,0,FG_divisional_exportin.csv
2024,20,divisional,WR,Mecole,Hardman,KC,KC,2200,KC@DEN,0,FG_divisional_exportin.csv
2024,20,divisional,WR,DeAngelo,Hardy,BAL,BAL,2200,BAL@BUF,1,FG_divisional_exportin.csv
2024,20,divisional,WR,DeAngelo,Hardy,BAL,BAL,2200,PIT@BAL,0,FG_divisional_exportin.csv
2024,20,divisional,WR,Devron,Harper,MIN,MIN,2200,MIN@LA,0,FG_divisional_exportin.csv
2024,20,divisional,WR,Jacob,Harris,PHI,PHI,2200,LA@PHI,1,FG_divisional_exportin.csv
2024,20,divisional,WR,Jacob,Harris,PHI,PHI,2200,GB@PHI,0,FG_divisional_exportin.csv
2024,20,divisional,WR,Deonte,Harty,BAL,BAL,2200,BAL@BUF,1,FG_divisional_exportin.csv
2024,20,divisional,WR,Deonte,Harty,BAL,BAL,2200,PIT@BAL,0,FG_divisional_exportin.csv
2024,20,divisional,WR,Deonte,Harty,BAL,BAL,2200,CLE@BAL,0,FG_divisional_exportin.csv
2024,20,divisional,WR,Jaaron,Hayek,KC,KC,2200,HOU@KC,1,FG_divisional_exportin.csv
2024,20,divisional,WR,Malik,Heath,GB,GB,2200,GB@PHI,0,FG_divisional_exportin.csv
2024,20,divisional,WR,Malik,Heath,GB,GB,2200,CHI@GB,0,FG_divisional_exportin.csv
2024,20,divisional,WR,Griffin,Hebert,PHI,PHI,2200,LA@PHI,1,FG_divisional_exportin.csv
2024,20,divisional,WR,Griffin,Hebert,PHI,PHI,2200,GB@PHI,0,FG_divisional_exportin.csv
2024,20,divisional,TE,Peyton,Hendershot,KC,KC,2200,HOU@KC,1,FG_divisional_exportin.csv
2024,20,divisional,RB,Michael,Herzog,DET,DET,2200,WAS@DET,1,FG_divisional_exportin.csv
2024,20,divisional,TE,Parker,Hesse,DET,DET,2200,WAS@DET,1,FG_divisional_exportin.csv
2024,20,divisional,TE,Connor,Heyward,PIT,PIT,2200,CIN@PIT,0,FG_divisional_exportin.csv
2024,20,divisional,TE,Tyler,Higbee,LAR,LA,2200,SEA@LA,0,FG_divisional_exportin.csv
2024,20,divisional,TE,Julian,Hill,MIA,MIA,2200,MIA@NYJ,0,FG_divisional_exportin.csv
2024,20,divisional,RB,Nyheim,Hines,CLE,CLE,2200,CLE@DEN,0,FG_divisional_exportin.csv
2024,20,divisional,WR,KhaDarel,Hodge,ATL,ATL,2200,CAR@ATL,0,FG_divisional_exportin.csv
2024,20,divisional,WR,Mack,Hollins,BUF,BUF,2200,BAL@BUF,1,FG_divisional_exportin.csv
2024,20,divisional,WR,Mack,Hollins,BUF,BUF,2200,DEN@BUF,0,FG_divisional_exportin.csv
2024,20,divisional,TE,Tanner,Hudson,CIN,CIN,2200,CIN@PIT,0,FG_divisional_exportin.csv
2024,20,divisional,WR,Lil'Jordan,Humphrey,DEN,DEN,2200,DEN@BUF,0,FG_divisional_exportin.csv
2024,20,divisional,WR,Lil'Jordan,Humphrey,DEN,DEN,2200,KC@DEN,0,FG_divisional_exportin.csv
2024,20,divisional,TE,Hayden,Hurst,LAC,LAC,2200,LAC@LV,0,FG_divisional_exportin.csv
2024,20,divisional,WR,Xavier,Hutchinson,HOU,HOU,2200,HOU@KC,1,FG_divisional_exportin.csv
2024,20,divisional,WR,Xavier,Hutchinson,HOU,HOU,2200,LAC@HOU,0,FG_divisional_exportin.csv
2024,20,divisional,WR,Xavier,Hutchinson,HOU,HOU,2200,HOU@TEN,0,FG_divisional_exportin.csv
2024,20,divisional,WR,Jalin,Hyatt,NYG,NYG,2200,NYG@PHI,0,FG_divisional_exportin.csv
2024,20,divisional,WR,Andy,Isabella,PIT,PIT,2200,PIT@BAL,0,FG_divisional_exportin.csv
2024,20,divisional,WR,Jha'Quan,Jackson,TEN,TEN,2200,HOU@TEN,0,FG_divisional_exportin.csv
2024,20,divisional,WR,Ty,James,MIN,MIN,2200,MIN@LA,0,FG_divisional_exportin.csv
2024,20,divisional,WR,Jadon,Janke,HOU,HOU,2200,HOU@KC,1,FG_divisional_exportin.csv
2024,20,divisional,WR,Jadon,Janke,HOU,HOU,2200,LAC@HOU,0,FG_divisional_exportin.csv
2024,20,divisional,WR,Rakim,Jarrett,TB,TB,2200,WAS@TB,0,FG_divisional_exportin.csv
2024,20,divisional,WR,Rakim,Jarrett,TB,TB,2200,NO@TB,0,FG_divisional_exportin.csv
2024,20,divisional,WR,Van,Jefferson,PIT,PIT,2200,PIT@BAL,0,FG_divisional_exportin.csv
2024,20,divisional,WR,Van,Jefferson,PIT,PIT,2200,CIN@PIT,0,FG_divisional_exportin.csv
2024,20,divisional,TE,E.J.,Jenkins,PHI,PHI,2200,LA@PHI,1,FG_divisional_exportin.csv
2024,20,divisional,WR,Jaray,Jenkins,PIT,PIT,2200,PIT@BAL,0,FG_divisional_exportin.csv
2024,20,divisional,WR,Tyler,Johnson,LAR,LA,2200,LA@PHI,1,FG_divisional_exportin.csv
2024,20,divisional,WR,Leon,Johnson,LAC,LAC,2200,LAC@HOU,0,FG_divisional_exportin.csv
2024,20,divisional,WR,Diontae,Johnson,HOU,HOU,2200,LAC@HOU,0,FG_divisional_exportin.csv
2024,20,divisional,WR,Brandon,Johnson,PIT,PIT,2200,PIT@BAL,0,FG_divisional_exportin.csv
2024,20,divisional,WR,Kameron,Johnson,TB,TB,2200,WAS@TB,0,FG_divisional_exportin.csv
2024,20,divisional,WR,Tyler,Johnson,LAR,LA,2200,MIN@LA,0,FG_divisional_exportin.csv
2024,20,divisional,WR,Collin,Johnson,CHI,CHI,2200,CHI@GB,0,FG_divisional_exportin.csv
2024,20,divisional,WR,Kameron,Johnson,TB,TB,2200,NO@TB,0,FG_divisional_exportin.csv
2024,20,divisional,WR,Diontae,Johnson,HOU,HOU,2200,HOU@TEN,0,FG_divisional_exportin.csv
2024,20,divisional,WR,Tyler,Johnson,LAR,LA,2200,SEA@LA,0,FG_divisional_exportin.csv
2024,20,divisional,WR,Cephus,Johnson III,TB,TB,2200,WAS@TB,0,FG_divisional_exportin.csv
2024,20,divisional,RB,Austin,Jones,WAS,WAS,2200,WAS@DET,1,FG_divisional_exportin.csv
2024,20,divisional,WR,Latreal,Jones,TB,TB,2200,WAS@TB,0,FG_divisional_exportin.csv
2024,20,divisional,WR,Tim,Jones,JAX,JAC,2200,JAC@IND,0,FG_divisional_exportin.csv
2024,20,divisional,WR,Zay,Jones,ARI,ARI,2200,SF@ARI,0,FG_divisional_exportin.csv
2024,20,divisional,WR,Charlie,Jones,CIN,CIN,2200,CIN@PIT,0,FG_divisional_exportin.csv
2024,20,divisional,WR,Velus,Jones Jr.,CAR,CAR,2200,CAR@ATL,0,FG_divisional_exportin.csv
2024,20,divisional,WR,Talik,Keaton,PHI,PHI,2200,LA@PHI,1,FG_divisional_exportin.csv
2024,20,divisional,WR,Talik,Keaton,PHI,PHI,2200,GB@PHI,0,FG_divisional_exportin.csv
2024,20,divisional,WR,Tom,Kennedy,DET,DET,2200,MIN@DET,0,FG_divisional_exportin.csv
2024,20,divisional,WR,Lawrence,Keys III,BUF,BUF,2200,BAL@BUF,1,FG_divisional_exportin.csv
2024,20,divisional,WR,Lawrence,Keys III,BUF,BUF,2200,DEN@BUF,0,FG_divisional_exportin.csv
2024,20,divisional,WR,Ramel,Keyton,LV,LV,2200,LAC@LV,0,FG_divisional_exportin.csv
2024,20,divisional,WR,Mason,Kinsey,TEN,TEN,2200,HOU@TEN,0,FG_divisional_exportin.csv
2024,20,divisional,WR,Malik,Knowles,GB,GB,2200,GB@PHI,0,FG_divisional_exportin.csv
2024,20,divisional,TE,Dawson,Knox,BUF,BUF,2200,BAL@BUF,1,FG_divisional_exportin.csv
2024,20,divisional,TE,Dawson,Knox,BUF,BUF,2200,BUF@NE,0,FG_divisional_exportin.csv
2024,20,divisional,TE,Charlie,Kolar,BAL,BAL,2200,BAL@BUF,1,FG_divisional_exportin.csv
2024,20,divisional,WR,JJ,Laap,LAR,LA,2200,LA@PHI,1,FG_divisional_exportin.csv
2024,20,divisional,WR,JJ,Laap,LAR,LA,2200,MIN@LA,0,FG_divisional_exportin.csv
2024,20,divisional,WR,Tyler,Lockett,SEA,SEA,2200,SEA@LA,0,FG_divisional_exportin.csv
2024,20,divisional,TE,Hunter,Long,LAR,LA,2200,LA@PHI,1,FG_divisional_exportin.csv
2024,20,divisional,TE,Hunter,Long,LAR,LA,2200,SEA@LA,0,FG_divisional_exportin.csv
2024,20,divisional,WR,Terrace,Marshall Jr.,LV,LV,2200,LAC@LV,0,FG_divisional_exportin.csv
2024,20,divisional,WR,Zach,Mathis,KC,KC,2200,HOU@KC,1,FG_divisional_exportin.csv
2024,20,divisional,TE,Michael,Mayer,LV,LV,2200,LAC@LV,0,FG_divisional_exportin.csv
2024,20,divisional,WR,Luke,McCaffrey,WAS,WAS,2200,WAS@DET,1,FG_divisional_exportin.csv
2024,20,divisional,WR,Luke,McCaffrey,WAS,WAS,2200,WAS@TB,0,FG_divisional_exportin.csv
2024,20,divisional,WR,Luke,McCaffrey,WAS,WAS,2200,WAS@DAL,0,FG_divisional_exportin.csv
2024,20,divisional,WR,Lance,McCutcheon,PIT,PIT,2200,PIT@BAL,0,FG_divisional_exportin.csv
2024,20,divisional,TE,Tanner,McLachlan,CIN,CIN,2200,CIN@PIT,0,FG_divisional_exportin.csv
2024,20,divisional,RB,Jeremy,McNichols,WAS,WAS,2200,WAS@DET,1,FG_divisional_exportin.csv
2024,20,divisional,WR,Bo,Melton,GB,GB,2200,GB@PHI,0,FG_divisional_exportin.csv
2024,20,divisional,WR,Bo,Melton,GB,GB,2200,CHI@GB,0,FG_divisional_exportin.csv
2024,20,divisional,WR,John,Metchie III,HOU,HOU,2200,LAC@HOU,0,FG_divisional_exportin.csv
2024,20,divisional,WR,Scotty,Miller,PIT,PIT,2200,PIT@BAL,0,FG_divisional_exportin.csv
2024,20,divisional,WR,Ryan,Miller,TB,TB,2200,WAS@TB,0,FG_divisional_exportin.csv
2024,20,divisional,WR,Ryan,Miller,TB,TB,2200,NO@TB,0,FG_divisional_exportin.csv
2024,20,divisional,WR,Scotty,Miller,PIT,PIT,2200,CIN@PIT,0,FG_divisional_exportin.csv
2024,20,divisional,WR,Jonathan,Mingo,DAL,DAL,2200,WAS@DAL,0,FG_divisional_exportin.csv
2024,20,divisional,RB,Keaton,Mitchell,BAL,BAL,2200,BAL@BUF,1,FG_divisional_exportin.csv
2024,20,divisional,WR,Adonai,Mitchell,IND,IND,2200,JAC@IND,0,FG_divisional_exportin.csv
2024,20,divisional,WR,Elijah,Moore,CLE,CLE,2200,CLE@BAL,0,FG_divisional_exportin.csv
2024,20,divisional,WR,Skyy,Moore,KC,KC,2200,KC@DEN,0,FG_divisional_exportin.csv
2024,20,divisional,WR,Jaylon,Moore,JAX,JAC,2200,JAC@IND,0,FG_divisional_exportin.csv
2024,20,divisional,TE,Quintin,Morris,BUF,BUF,2200,BAL@BUF,1,FG_divisional_exportin.csv
2024,20,divisional,TE,Quintin,Morris,BUF,BUF,2200,BUF@NE,0,FG_divisional_exportin.csv
2024,20,divisional,TE,Chris,Myarick,HOU,HOU,2200,HOU@KC,1,FG_divisional_exportin.csv
2024,20,divisional,WR,Jalen,Nailor,MIN,MIN,2200,MIN@LA,0,FG_divisional_exportin.csv
2024,20,divisional,WR,Jalen,Nailor,MIN,MIN,2200,MIN@DET,0,FG_divisional_exportin.csv
2024,20,divisional,WR,Joseph,Ngata,PHI,PHI,2200,LA@PHI,1,FG_divisional_exportin.csv
2024,20,divisional,WR,Joseph,Ngata,PHI,PHI,2200,GB@PHI,0,FG_divisional_exportin.csv
2024,20,divisional,RB,Lew,Nichols,PHI,PHI,2200,LA@PHI,1,FG_divisional_exportin.csv
2024,20,divisional,RB,Dare,Ogunbowale,HOU,HOU,2200,HOU@KC,1,FG_divisional_exportin.csv
2024,20,divisional,WR,Bryce,Oliver,TEN,TEN,2200,HOU@TEN,0,FG_divisional_exportin.csv
2024,20,divisional,WR,Gunner,Olszewski,NYG,NYG,2200,NYG@PHI,0,FG_divisional_exportin.csv
2024,20,divisional,WR,K.J.,Osborn,WAS,WAS,2200,WAS@DET,1,FG_divisional_exportin.csv
2024,20,divisional,WR,K.J.,Osborn,WAS,WAS,2200,WAS@TB,0,FG_divisional_exportin.csv
2024,20,divisional,WR,K.J.,Osborn,WAS,WAS,2200,WAS@DAL,0,FG_divisional_exportin.csv
2024,20,divisional,WR,Trey,Palmer,TB,TB,2200,WAS@TB,0,FG_divisional_exportin.csv
2024,20,divisional,WR,Trey,Palmer,TB,TB,2200,NO@TB,0,FG_divisional_exportin.csv
2024,20,divisional,TE,Colby,Parkinson,LAR,LA,2200,LA@PHI,1,FG_divisional_exportin.csv
2024,20,divisional,TE,Colby,Parkinson,LAR,LA,2200,SEA@LA,0,FG_divisional_exportin.csv
2024,20,divisional,WR,Zach,Pascal,ARI,ARI,2200,SF@ARI,0,FG_divisional_exportin.csv
2024,20,divisional,WR,Tim,Patrick,DET,DET,2200,WAS@DET,1,FG_divisional_exportin.csv
2024,20,divisional,WR,Ricky,Pearsall,SF,SF,2200,SF@ARI,0,FG_divisional_exportin.csv
2024,20,divisional,RB,Samaje,Perine,KC,KC,2200,HOU@KC,1,FG_divisional_exportin.csv
2024,20,divisional,WR,Dante,Pettis,NO,NO,2200,NO@TB,0,FG_divisional_exportin.csv
2024,20,divisional,RB,Dameon,Pierce,HOU,HOU,2200,HOU@KC,1,FG_divisional_exportin.csv
2024,20,divisional,WR,Ja'Lynn,Polk,NE,NE,2200,BUF@NE,0,FG_divisional_exportin.csv
2024,20,divisional,RB,Trey,Potts,KC,KC,2200,HOU@KC,1,FG_divisional_exportin.csv
2024,20,divisional,WR,Brandon,Powell,MIN,MIN,2200,MIN@LA,0,FG_divisional_exportin.csv
2024,20,divisional,WR,Brandon,Powell,MIN,MIN,2200,MIN@DET,0,FG_divisional_exportin.csv
2024,20,divisional,WR,Byron,Pringle,WAS,WAS,2200,WAS@DET,1,FG_divisional_exportin.csv
2024,20,divisional,WR,Byron,Pringle,WAS,WAS,2200,WAS@TB,0,FG_divisional_exportin.csv
2024,20,divisional,WR,James,Proche II,CLE,CLE,2200,CLE@BAL,0,FG_divisional_exportin.csv
2024,20,divisional,TE,MyCole,Pruitt,PIT,PIT,2200,CIN@PIT,0,FG_divisional_exportin.csv
2024,20,divisional,TE,Teagan,Quitoriano,HOU,HOU,2200,HOU@KC,1,FG_divisional_exportin.csv
2024,20,divisional,WR,Kalif,Raymond,DET,DET,2200,WAS@DET,1,FG_divisional_exportin.csv
2024,20,divisional,WR,Kalif,Raymond,DET,DET,2200,MIN@DET,0,FG_divisional_exportin.csv
2024,20,divisional,WR,Jalen,Reagor,LAC,LAC,2200,LAC@HOU,0,FG_divisional_exportin.csv
2024,20,divisional,WR,Nikko,Remigio,KC,KC,2200,HOU@KC,1,FG_divisional_exportin.csv
2024,20,divisional,WR,Nikko,Remigio,KC,KC,2200,KC@DEN,0,FG_divisional_exportin.csv
2024,20,divisional,RB,Craig,Reynolds,DET,DET,2200,WAS@DET,1,FG_divisional_exportin.csv
2024,20,divisional,WR,Josh,Reynolds,JAX,JAC,2200,JAC@IND,0,FG_divisional_exportin.csv
2024,20,divisional,WR,Josh,Reynolds,DEN,DEN,2200,CLE@DEN,0,FG_divisional_exportin.csv
2024,20,divisional,RB,Patrick,Ricard,BAL,BAL,2200,BAL@BUF,1,FG_divisional_exportin.csv
2024,20,divisional,WR,Brenden,Rice,LAC,LAC,2200,LAC@HOU,0,FG_divisional_exportin.csv
2024,20,divisional,WR,Brenden,Rice,LAC,LAC,2200,LAC@LV,0,FG_divisional_exportin.csv
2024,20,divisional,TE,Mike,Rigerman,BAL,BAL,2200,BAL@BUF,1,FG_divisional_exportin.csv
2024,20,divisional,RB,Ronnie,Rivers,LAR,LA,2200,LA@PHI,1,FG_divisional_exportin.csv
2024,20,divisional,WR,Allen,Robinson,DET,DET,2200,WAS@DET,1,FG_divisional_exportin.csv
2024,20,divisional,WR,Demarcus,Robinson,LAR,LA,2200,LA@PHI,1,FG_divisional_exportin.csv
2024,20,divisional,WR,Demarcus,Robinson,LAR,LA,2200,MIN@LA,0,FG_divisional_exportin.csv
2024,20,divisional,WR,Allen,Robinson,DET,DET,2200,MIN@DET,0,FG_divisional_exportin.csv
2024,20,divisional,WR,Demarcus,Robinson,LAR,LA,2200,SEA@LA,0,FG_divisional_exportin.csv
2024,20,divisional,RB,Chris,Rodriguez Jr.,WAS,WAS,2200,WAS@DET,1,FG_divisional_exportin.csv
2024,20,divisional,WR,Marcus,Rosemy-Jacksaint,PHI,PHI,2200,LA@PHI,1,FG_divisional_exportin.csv
2024,20,divisional,WR,Marcus,Rosemy-Jacksaint,PHI,PHI,2200,GB@PHI,0,FG_divisional_exportin.csv
2024,20,divisional,WR,John,Ross,PHI,PHI,2200,LA@PHI,1,FG_divisional_exportin.csv
2024,20,divisional,WR,John,Ross,PHI,PHI,2200,GB@PHI,0,FG_divisional_exportin.csv
2024,20,divisional,TE,Jeremy,Ruckert,NYJ,NYJ,2200,MIA@NYJ,0,FG_divisional_exportin.csv
2024,20,divisional,TE,Brady,Russell,SEA,SEA,2200,SEA@LA,0,FG_divisional_exportin.csv
2024,20,divisional,WR,Sean,Ryan,BAL,BAL,2200,BAL@BUF,1,FG_divisional_exportin.csv
2024,20,divisional,WR,Sean,Ryan,BAL,BAL,2200,PIT@BAL,0,FG_divisional_exportin.csv
2024,20,divisional,TE,Drew,Sample,CIN,CIN,2200,CIN@PIT,0,FG_divisional_exportin.csv
2024,20,divisional,WR,Curtis,Samuel,BUF,BUF,2200,DEN@BUF,0,FG_divisional_exportin.csv
2024,20,divisional,WR,Curtis,Samuel,BUF,BUF,2200,BUF@NE,0,FG_divisional_exportin.csv
2024,20,divisional,RB,Cody,Schrader,LAR,LA,2200,LA@PHI,1,FG_divisional_exportin.csv
2024,20,divisional,WR,Tyler,Scott,CHI,CHI,2200,CHI@GB,0,FG_divisional_exportin.csv
2024,20,divisional,RB,Mathieu,Severance,KC,KC,2200,HOU@KC,1,FG_divisional_exportin.csv
2024,20,divisional,TE,Riley,Sharp,BAL,BAL,2200,BAL@BUF,1,FG_divisional_exportin.csv
2024,20,divisional,WR,Kyle,Sheets,KC,KC,2200,HOU@KC,1,FG_divisional_exportin.csv
2024,20,divisional,TE,John Samuel,Shenker,LV,LV,2200,LAC@LV,0,FG_divisional_exportin.csv
2024,20,divisional,WR,Trent,Sherfield Sr.,MIN,MIN,2200,MIN@LA,0,FG_divisional_exportin.csv
2024,20,divisional,WR,Trent,Sherfield Sr.,MIN,MIN,2200,MIN@DET,0,FG_divisional_exportin.csv
2024,20,divisional,RB,Will,Shipley,PHI,PHI,2200,LA@PHI,1,FG_divisional_exportin.csv
2024,20,divisional,TE,Justin,Shorter,LV,LV,2200,LAC@LV,0,FG_divisional_exportin.csv
2024,20,divisional,WR,David,Sills V,DEN,DEN,2200,KC@DEN,0,FG_divisional_exportin.csv
2024,20,divisional,WR,Steven,Sims,BAL,BAL,2200,BAL@BUF,1,FG_divisional_exportin.csv
2024,20,divisional,WR,Steven,Sims,BAL,BAL,2200,PIT@BAL,0,FG_divisional_exportin.csv
2024,20,divisional,WR,Steven,Sims,BAL,BAL,2200,CLE@BAL,0,FG_divisional_exportin.csv
2024,20,divisional,TE,Ben,Sinnott,WAS,WAS,2200,WAS@DET,1,FG_divisional_exportin.csv
2024,20,divisional,WR,Ben,Skowronek,PIT,PIT,2200,PIT@BAL,0,FG_divisional_exportin.csv
2024,20,divisional,WR,Ben,Skowronek,PIT,PIT,2200,CIN@PIT,0,FG_divisional_exportin.csv
2024,20,divisional,TE,Stone,Smartt,LAC,LAC,2200,LAC@LV,0,FG_divisional_exportin.csv
2024,20,divisional,TE,Irv,Smith,HOU,HOU,2200,HOU@KC,1,FG_divisional_exportin.csv
2024,20,divisional,WR,Tre'Quan,Smith,DET,DET,2200,WAS@DET,1,FG_divisional_exportin.csv
2024,20,divisional,WR,Xavier,Smith,LAR,LA,2200,LA@PHI,1,FG_divisional_exportin.csv
2024,20,divisional,WR,Ainias,Smith,PHI,PHI,2200,LA@PHI,1,FG_divisional_exportin.csv
2024,20,divisional,WR,Ainias,Smith,PHI,PHI,2200,GB@PHI,0,FG_divisional_exportin.csv
2024,20,divisional,WR,Xavier,Smith,LAR,LA,2200,MIN@LA,0,FG_divisional_exportin.csv
2024,20,divisional,WR,Ainias,Smith,PHI,PHI,2200,NYG@PHI,0,FG_divisional_exportin.csv
2024,20,divisional,WR,Xavier,Smith,LAR,LA,2200,SEA@LA,0,FG_divisional_exportin.csv
2024,20,divisional,WR,Ihmir,Smith-Marsette,NYG,NYG,2200,NYG@PHI,0,FG_divisional_exportin.csv
2024,20,divisional,WR,JuJu,Smith-Schuster,KC,KC,2200,HOU@KC,1,FG_divisional_exportin.csv
2024,20,divisional,WR,JuJu,Smith-Schuster,KC,KC,2200,KC@DEN,0,FG_divisional_exportin.csv
2024,20,divisional,TE,Durham,Smythe,MIA,MIA,2200,MIA@NYJ,0,FG_divisional_exportin.csv
2024,20,divisional,TE,Geor'Quarius,Spivey,KC,KC,2200,HOU@KC,1,FG_divisional_exportin.csv
2024,20,divisional,WR,Dimitri,Stanley,GB,GB,2200,GB@PHI,0,FG_divisional_exportin.csv
2024,20,divisional,WR,Rory,Starkey,GB,GB,2200,GB@PHI,0,FG_divisional_exportin.csv
2024,20,divisional,RB,Carson,Steele,KC,KC,2200,HOU@KC,1,FG_divisional_exportin.csv
2024,20,divisional,TE,Jack,Stoll,MIA,MIA,2200,MIA@NYJ,0,FG_divisional_exportin.csv
2024,20,divisional,WR,Michael,Strachan,WAS,WAS,2200,WAS@DET,1,FG_divisional_exportin.csv
2024,20,divisional,WR,Michael,Strachan,WAS,WAS,2200,WAS@TB,0,FG_divisional_exportin.csv
2024,20,divisional,WR,Deven,Thompkins,CAR,CAR,2200,CAR@ATL,0,FG_divisional_exportin.csv
2024,20,divisional,WR,Bryan,Thompson,BUF,BUF,2200,BAL@BUF,1,FG_divisional_exportin.csv
2024,20,divisional,WR,Bryan,Thompson,BUF,BUF,2200,DEN@BUF,0,FG_divisional_exportin.csv
2024,20,divisional,RB,SaRodorick,Thompson Jr.,LAR,LA,2200,LA@PHI,1,FG_divisional_exportin.csv
2024,20,divisional,WR,Jamari,Thrash,CLE,CLE,2200,CLE@BAL,0,FG_divisional_exportin.csv
2024,20,divisional,WR,Mason,Tipton,NO,NO,2200,NO@TB,0,FG_divisional_exportin.csv
2024,20,divisional,WR,Brycen,Tremayne,WAS,WAS,2200,WAS@DAL,0,FG_divisional_exportin.csv
2024,20,divisional,WR,DJ,Turner,LV,LV,2200,LAC@LV,0,FG_divisional_exportin.csv
2024,20,divisional,RB,Sione,Vaki,DET,DET,2200,WAS@DET,1,FG_divisional_exportin.csv
2024,20,divisional,WR,Lincoln,Victor,DEN,DEN,2200,DEN@BUF,0,FG_divisional_exportin.csv
2024,20,divisional,WR,Xavier,Wade,PIT,PIT,2200,PIT@BAL,0,FG_divisional_exportin.csv
2024,20,divisional,WR,Devontez,Walker,BAL,BAL,2200,BAL@BUF,1,FG_divisional_exportin.csv
2024,20,divisional,WR,Devontez,Walker,BAL,BAL,2200,PIT@BAL,0,FG_divisional_exportin.csv
2024,20,divisional,WR,Devontez,Walker,BAL,BAL,2200,CLE@BAL,0,FG_divisional_exportin.csv
2024,20,divisional,WR,Tylan,Wallace,BAL,BAL,2200,BAL@BUF,1,FG_divisional_exportin.csv
2024,20,divisional,WR,Tylan,Wallace,BAL,BAL,2200,PIT@BAL,0,FG_divisional_exportin.csv
2024,20,divisional,WR,Tylan,Wallace,BAL,BAL,2200,CLE@BAL,0,FG_divisional_exportin.csv
2024,20,divisional,WR,Isaiah,Washington,BAL,BAL,2200,BAL@BUF,1,FG_divisional_exportin.csv
2024,20,divisional,WR,Isaiah,Washington,BAL,BAL,2200,PIT@BAL,0,FG_divisional_exportin.csv
2024,20,divisional,TE,Darnell,Washington,PIT,PIT,2200,CIN@PIT,0,FG_divisional_exportin.csv
2024,20,divisional,WR,Casey,Washington,ATL,ATL,2200,CAR@ATL,0,FG_divisional_exportin.csv
2024,20,divisional,WR,Malik,Washington,MIA,MIA,2200,MIA@NYJ,0,FG_divisional_exportin.csv
2024,20,divisional,WR,Quez,Watkins,PIT,PIT,2200,PIT@BAL,0,FG_divisional_exportin.csv
2024,20,divisional,WR,Austin,Watkins Jr.,PHI,PHI,2200,LA@PHI,1,FG_divisional_exportin.csv
2024,20,divisional,WR,Austin,Watkins Jr.,PHI,PHI,2200,GB@PHI,0,FG_divisional_exportin.csv
2024,20,divisional,WR,Justin,Watson,KC,KC,2200,HOU@KC,1,FG_divisional_exportin.csv
2024,20,divisional,WR,Justin,Watson,KC,KC,2200,KC@DEN,0,FG_divisional_exportin.csv
2024,20,divisional,WR,Duece,Watts,PIT,PIT,2200,PIT@BAL,0,FG_divisional_exportin.csv
2024,20,divisional,WR,Jared,Wayne,HOU,HOU,2200,HOU@KC,1,FG_divisional_exportin.csv
2024,20,divisional,WR,Jalen,Wayne,GB,GB,2200,GB@PHI,0,FG_divisional_exportin.csv
2024,20,divisional,WR,Xavier,Weaver,ARI,ARI,2200,SF@ARI,0,FG_divisional_exportin.csv
2024,20,divisional,WR,Raleigh,Webb,TB,TB,2200,WAS@TB,0,FG_divisional_exportin.csv
2024,20,divisional,WR,Cody,White,SEA,SEA,2200,SEA@LA,0,FG_divisional_exportin.csv
2024,20,divisional,TE,Blake,Whiteheart,CLE,CLE,2200,CLE@DEN,0,FG_divisional_exportin.csv
2024,20,divisional,WR,Jordan,Whittington,LAR,LA,2200,LA@PHI,1,FG_divisional_exportin.csv
2024,20,divisional,WR,Jordan,Whittington,LAR,LA,2200,MIN@LA,0,FG_divisional_exportin.csv
2024,20,divisional,WR,Jordan,Whittington,LAR,LA,2200,SEA@LA,0,FG_divisional_exportin.csv
2024,20,divisional,WR,Sam,Wiglusz,LAR,LA,2200,LA@PHI,1,FG_divisional_exportin.csv
2024,20,divisional,WR,Sam,Wiglusz,LAR,LA,2200,MIN@LA,0,FG_divisional_exportin.csv
2024,20,divisional,WR,Mike,Williams,PIT,PIT,2200,PIT@BAL,0,FG_divisional_exportin.csv
2024,20,divisional,WR,Isaiah,Williams,CIN,CIN,2200,CIN@PIT,0,FG_divisional_exportin.csv
2024,20,divisional,WR,Mike,Williams,PIT,PIT,2200,CIN@PIT,0,FG_divisional_exportin.csv
2024,20,divisional,WR,Johnny,Wilson,PHI,PHI,2200,LA@PHI,1,FG_divisional_exportin.csv
2024,20,divisional,WR,Roman,Wilson,PIT,PIT,2200,PIT@BAL,0,FG_divisional_exportin.csv
2024,20,divisional,WR,Johnny,Wilson,PHI,PHI,2200,GB@PHI,0,FG_divisional_exportin.csv
2024,20,divisional,WR,Johnny,Wilson,PHI,PHI,2200,NYG@PHI,0,FG_divisional_exportin.csv
2024,20,divisional,WR,Roman,Wilson,PIT,PIT,2200,CIN@PIT,0,FG_divisional_exportin.csv
2024,20,divisional,WR,Cedrick,Wilson Jr.,NO,NO,2200,NO@TB,0,FG_divisional_exportin.csv
2024,20,divisional,WR,Isaiah,Wooden,LAC,LAC,2200,LAC@HOU,0,FG_divisional_exportin.csv
2024,20,divisional,WR,Robert,Woods,HOU,HOU,2200,HOU@KC,1,FG_divisional_exportin.csv
2024,20,divisional,WR,Robert,Woods,HOU,HOU,2200,LAC@HOU,0,FG_divisional_exportin.csv
2024,20,divisional,WR,Robert,Woods,HOU,HOU,2200,HOU@TEN,0,FG_divisional_exportin.csv
2024,20,divisional,WR,Michael,Woods II,CLE,CLE,2200,CLE@BAL,0,FG_divisional_exportin.csv
2024,20,divisional,TE,Brock,Wright,DET,DET,2200,WAS@DET,1,FG_divisional_exportin.csv
2024,20,divisional,TE,Colson,Yankoff,WAS,WAS,2200,WAS@DET,1,FG_divisional_exportin.csv
2024,20,divisional,TE,Kenny,Yeboah,NYJ,NYJ,2200,MIA@NYJ,0,FG_divisional_exportin.csv
2024,20,divisional,WR,Dareke,Young,SEA,SEA,2200,SEA@LA,0,FG_divisional_exportin.csv
2024,20,divisional,TE,Shane,Zylstra,DET,DET,2200,WAS@DET,1,FG_divisional_exportin.csv
2024,21,championship,RB,Saquon,Barkley,PHI,PHI,8200,WAS@PHI,1,FG_championship_exportin.csv
2024,21,championship,WR,Ja'Marr,Chase,CIN,CIN,8200,CIN@PIT,0,FG_championship_exportin.csv
2024,21,championship,WR,Justin,Jefferson,MIN,MIN,8000,MIN@DET,0,FG_championship_exportin.csv
2024,21,championship,QB,Josh,Allen,BUF,BUF,7800,BUF@KC,1,FG_championship_exportin.csv
2024,21,championship,WR,Puka,Nacua,LAR,LA,7800,MIN@LA,0,FG_championship_exportin.csv
2024,21,championship,QB,Jayden,Daniels,WAS,WAS,7600,WAS@PHI,1,FG_championship_exportin.csv
2024,21,championship,WR,Mike,Evans,TB,TB,7600,WAS@TB,0,FG_championship_exportin.csv
2024,21,championship,WR,Mike,Evans,TB,TB,7600,NO@TB,0,FG_championship_exportin.csv
2024,21,championship,WR,Justin,Jefferson,MIN,MIN,7600,MIN@LA,0,FG_championship_exportin.csv
2024,21,championship,WR,Puka,Nacua,LAR,LA,7600,SEA@LA,0,FG_championship_exportin.csv
2024,21,championship,WR,Amon-Ra,St. Brown,DET,DET,7400,WAS@DET,0,FG_championship_exportin.csv
2024,21,championship,WR,A.J.,Brown,PHI,PHI,7200,GB@PHI,0,FG_championship_exportin.csv
2024,21,championship,WR,Tee,Higgins,CIN,CIN,7200,CIN@PIT,0,FG_championship_exportin.csv
2024,21,championship,WR,Puka,Nacua,LAR,LA,7200,LA@PHI,0,FG_championship_exportin.csv
2024,21,championship,WR,Brian,Thomas Jr.,JAX,JAC,7200,JAC@IND,0,FG_championship_exportin.csv
2024,21,championship,WR,Amon-Ra,St. Brown,DET,DET,7000,MIN@DET,0,FG_championship_exportin.csv
2024,21,championship,WR,A.J.,Brown,PHI,PHI,6800,NYG@PHI,0,FG_championship_exportin.csv
2024,21,championship,WR,Terry,McLaurin,WAS,WAS,6800,WAS@PHI,1,FG_championship_exportin.csv
2024,21,championship,WR,Terry,McLaurin,WAS,WAS,6800,WAS@TB,0,FG_championship_exportin.csv
2024,21,championship,WR,Malik,Nabers,NYG,NYG,6800,NYG@PHI,0,FG_championship_exportin.csv
2024,21,championship,WR,Davante,Adams,NYJ,NYJ,6600,MIA@NYJ,0,FG_championship_exportin.csv
2024,21,championship,WR,A.J.,Brown,PHI,PHI,6600,LA@PHI,0,FG_championship_exportin.csv
2024,21,championship,WR,Nico,Collins,HOU,HOU,6600,LAC@HOU,0,FG_championship_exportin.csv
2024,21,championship,WR,Ladd,McConkey,LAC,LAC,6600,LAC@LV,0,FG_championship_exportin.csv
2024,21,championship,WR,Terry,McLaurin,WAS,WAS,6600,WAS@DET,0,FG_championship_exportin.csv
2024,21,championship,WR,Nico,Collins,HOU,HOU,6400,HOU@TEN,0,FG_championship_exportin.csv
2024,21,championship,QB,Jalen,Hurts,PHI,PHI,6400,WAS@PHI,1,FG_championship_exportin.csv
2024,21,championship,WR,Terry,McLaurin,WAS,WAS,6400,WAS@DAL,0,FG_championship_exportin.csv
2024,21,championship,WR,Nico,Collins,HOU,HOU,6200,HOU@KC,0,FG_championship_exportin.csv
2024,21,championship,RB,James,Cook,BUF,BUF,6200,BUF@KC,1,FG_championship_exportin.csv
2024,21,championship,WR,DeVonta,Smith,PHI,PHI,6200,NYG@PHI,0,FG_championship_exportin.csv
2024,21,championship,WR,Jaxon,Smith-Njigba,SEA,SEA,6200,SEA@LA,0,FG_championship_exportin.csv
2024,21,championship,WR,Courtland,Sutton,DEN,DEN,6200,DEN@BUF,0,FG_championship_exportin.csv
2024,21,championship,WR,Courtland,Sutton,DEN,DEN,6200,KC@DEN,0,FG_championship_exportin.csv
2024,21,championship,WR,Jordan,Addison,MIN,MIN,6000,MIN@DET,0,FG_championship_exportin.csv
2024,21,championship,QB,Patrick,Mahomes,KC,KC,6000,BUF@KC,1,FG_championship_exportin.csv
2024,21,championship,WR,Tyreek,Hill,MIA,MIA,5800,MIA@NYJ,0,FG_championship_exportin.csv
2024,21,championship,WR,Drake,London,ATL,ATL,5800,CAR@ATL,0,FG_championship_exportin.csv
2024,21,championship,WR,DeVonta,Smith,PHI,PHI,5800,LA@PHI,0,FG_championship_exportin.csv
2024,21,championship,WR,DeVonta,Smith,PHI,PHI,5800,GB@PHI,0,FG_championship_exportin.csv
2024,21,championship,WR,Adam,Thielen,CAR,CAR,5800,CAR@ATL,0,FG_championship_exportin.csv
2024,21,championship,WR,Jameson,Williams,DET,DET,5800,WAS@DET,0,FG_championship_exportin.csv
2024,21,championship,WR,Jameson,Williams,DET,DET,5800,MIN@DET,0,FG_championship_exportin.csv
2024,21,championship,WR,Garrett,Wilson,NYJ,NYJ,5800,MIA@NYJ,0,FG_championship_exportin.csv
2024,21,championship,WR,A.J.,Brown,PHI,PHI,5600,WAS@PHI,1,FG_championship_exportin.csv
2024,21,championship,WR,Jalen,McMillan,TB,TB,5600,WAS@TB,0,FG_championship_exportin.csv
2024,21,championship,WR,Jalen,McMillan,TB,TB,5600,NO@TB,0,FG_championship_exportin.csv
2024,21,championship,WR,Jordan,Addison,MIN,MIN,5400,MIN@LA,0,FG_championship_exportin.csv
2024,21,championship,WR,Keenan,Allen,CHI,CHI,5400,CHI@GB,0,FG_championship_exportin.csv
2024,21,championship,WR,Jauan,Jennings,SF,SF,5400,SF@ARI,0,FG_championship_exportin.csv
2024,21,championship,WR,Jerry,Jeudy,CLE,CLE,5400,CLE@BAL,0,FG_championship_exportin.csv
2024,21,championship,WR,George,Pickens,PIT,PIT,5400,CIN@PIT,0,FG_championship_exportin.csv
2024,21,championship,WR,Calvin,Ridley,TEN,TEN,5400,HOU@TEN,0,FG_championship_exportin.csv
2024,21,championship,WR,Xavier,Worthy,KC,KC,5400,BUF@KC,1,FG_championship_exportin.csv
2024,21,championship,WR,Xavier,Worthy,KC,KC,5400,HOU@KC,0,FG_championship_exportin.csv
2024,21,championship,WR,Xavier,Worthy,KC,KC,5400,KC@DEN,0,FG_championship_exportin.csv
2024,21,championship,WR,Jakobi,Meyers,LV,LV,5200,LAC@LV,0,FG_championship_exportin.csv
2024,21,championship,WR,Khalil,Shakir,BUF,BUF,5200,DEN@BUF,0,FG_championship_exportin.csv
2024,21,championship,WR,DeVonta,Smith,PHI,PHI,5200,WAS@PHI,1,FG_championship_exportin.csv
2024,21,championship,TE,Brock,Bowers,LV,LV,5000,LAC@LV,0,FG_championship_exportin.csv
2024,21,championship,WR,Zay,Flowers,BAL,BAL,5000,PIT@BAL,0,FG_championship_exportin.csv
2024,21,championship,TE,Travis,Kelce,KC,KC,5000,BUF@KC,1,FG_championship_exportin.csv
2024,21,championship,WR,DJ,Moore,CHI,CHI,5000,CHI@GB,0,FG_championship_exportin.csv
2024,21,championship,WR,Zay,Flowers,BAL,BAL,4800,BAL@BUF,0,FG_championship_exportin.csv
2024,21,championship,WR,Zay,Flowers,BAL,BAL,4800,CLE@BAL,0,FG_championship_exportin.csv
2024,21,championship,WR,Marvin,Mims Jr.,DEN,DEN,4800,DEN@BUF,0,FG_championship_exportin.csv
2024,21,championship,RB,Brian,Robinson Jr.,WAS,WAS,4800,WAS@PHI,1,FG_championship_exportin.csv
2024,21,championship,WR,Khalil,Shakir,BUF,BUF,4800,BUF@NE,0,FG_championship_exportin.csv
2024,21,championship,WR,Darnell,Mooney,ATL,ATL,4600,CAR@ATL,0,FG_championship_exportin.csv
2024,21,championship,WR,Michael,Pittman Jr.,IND,IND,4600,JAC@IND,0,FG_championship_exportin.csv
2024,21,championship,WR,Deebo,Samuel Sr.,SF,SF,4600,SF@ARI,0,FG_championship_exportin.csv
2024,21,championship,WR,Khalil,Shakir,BUF,BUF,4600,BAL@BUF,0,FG_championship_exportin.csv
2024,21,championship,TE,Jonnu,Smith,MIA,MIA,4600,MIA@NYJ,0,FG_championship_exportin.csv
2024,21,championship,WR,Rashod,Bateman,BAL,BAL,4400,PIT@BAL,0,FG_championship_exportin.csv
2024,21,championship,WR,Rashod,Bateman,BAL,BAL,4400,CLE@BAL,0,FG_championship_exportin.csv
2024,21,championship,WR,Romeo,Doubs,GB,GB,4400,CHI@GB,0,FG_championship_exportin.csv
2024,21,championship,WR,Marvin,Harrison Jr.,ARI,ARI,4400,SF@ARI,0,FG_championship_exportin.csv
2024,21,championship,RB,Kareem,Hunt,KC,KC,4400,BUF@KC,1,FG_championship_exportin.csv
2024,21,championship,WR,Cooper,Kupp,LAR,LA,4400,SEA@LA,0,FG_championship_exportin.csv
2024,21,championship,WR,DK,Metcalf,SEA,SEA,4400,SEA@LA,0,FG_championship_exportin.csv
2024,21,championship,WR,Khalil,Shakir,BUF,BUF,4400,BUF@KC,1,FG_championship_exportin.csv
2024,21,championship,WR,Rashod,Bateman,BAL,BAL,4200,BAL@BUF,0,FG_championship_exportin.csv
2024,21,championship,WR,Romeo,Doubs,GB,GB,4200,GB@PHI,0,FG_championship_exportin.csv
2024,21,championship,QB,Jeff,Driskel,WAS,WAS,4200,WAS@PHI,1,FG_championship_exportin.csv
2024,21,championship,WR,Quentin,Johnston,LAC,LAC,4200,LAC@LV,0,FG_championship_exportin.csv
2024,21,championship,WR,Cooper,Kupp,LAR,LA,4200,MIN@LA,0,FG_championship_exportin.csv
2024,21,championship,QB,Marcus,Mariota,WAS,WAS,4200,WAS@PHI,1,FG_championship_exportin.csv
2024,21,championship,QB,Tanner,McKee,PHI,PHI,4200,WAS@PHI,1,FG_championship_exportin.csv
2024,21,championship,QB,Trace,McSorley,WAS,WAS,4200,WAS@PHI,1,FG_championship_exportin.csv
2024,21,championship,WR,Chris,Olave,NO,NO,4200,NO@TB,0,FG_championship_exportin.csv
2024,21,championship,WR,George,Pickens,PIT,PIT,4200,PIT@BAL,0,FG_championship_exportin.csv
2024,21,championship,QB,Kenny,Pickett,PHI,PHI,4200,WAS@PHI,1,FG_championship_exportin.csv
2024,21,championship,QB,Spencer,Sanders,KC,KC,4200,BUF@KC,1,FG_championship_exportin.csv
2024,21,championship,QB,Mitchell,Trubisky,BUF,BUF,4200,BUF@KC,1,FG_championship_exportin.csv
2024,21,championship,QB,Gunnar,Watson,BUF,BUF,4200,BUF@KC,1,FG_championship_exportin.csv
2024,21,championship,QB,Carson,Wentz,KC,KC,4200,BUF@KC,1,FG_championship_exportin.csv
2024,21,championship,QB,Mike,White,BUF,BUF,4200,BUF@KC,1,FG_championship_exportin.csv
2024,21,championship,WR,Brandin,Cooks,DAL,DAL,4000,WAS@DAL,0,FG_championship_exportin.csv
2024,21,championship,RB,Austin,Ekeler,WAS,WAS,4000,WAS@PHI,1,FG_championship_exportin.csv
2024,21,championship,TE,Zach,Ertz,WAS,WAS,4000,WAS@PHI,1,FG_championship_exportin.csv
2024,21,championship,WR,Cooper,Kupp,LAR,LA,4000,LA@PHI,0,FG_championship_exportin.csv
2024,21,championship,WR,Marvin,Mims Jr.,DEN,DEN,4000,KC@DEN,0,FG_championship_exportin.csv
2024,21,championship,WR,Rome,Odunze,CHI,CHI,4000,CHI@GB,0,FG_championship_exportin.csv
2024,21,championship,WR,Wan'Dale,Robinson,NYG,NYG,4000,NYG@PHI,0,FG_championship_exportin.csv
2024,21,championship,WR,Devaughn,Vele,DEN,DEN,4000,CLE@DEN,0,FG_championship_exportin.csv
2024,21,championship,WR,Jaylen,Waddle,MIA,MIA,4000,MIA@NYJ,0,FG_championship_exportin.csv
2024,21,championship,WR,Dyami,Brown,WAS,WAS,3800,WAS@PHI,1,FG_championship_exportin.csv
2024,21,championship,WR,DeMario,Douglas,NE,NE,3800,BUF@NE,0,FG_championship_exportin.csv
2024,21,championship,WR,Josh,Downs,IND,IND,3800,JAC@IND,0,FG_championship_exportin.csv
2024,21,championship,TE,Dallas,Goedert,PHI,PHI,3800,WAS@PHI,1,FG_championship_exportin.csv
2024,21,championship,WR,CeeDee,Lamb,DAL,DAL,3800,WAS@DAL,0,FG_championship_exportin.csv
2024,21,championship,WR,Alec,Pierce,IND,IND,3800,JAC@IND,0,FG_championship_exportin.csv
2024,21,championship,WR,Olamide,Zaccheaus,WAS,WAS,3800,WAS@DET,0,FG_championship_exportin.csv
2024,21,championship,WR,Calvin,Austin III,PIT,PIT,3600,CIN@PIT,0,FG_championship_exportin.csv
2024,21,championship,WR,Kayshon,Boutte,NE,NE,3600,BUF@NE,0,FG_championship_exportin.csv
2024,21,championship,WR,Hollywood,Brown,KC,KC,3600,HOU@KC,0,FG_championship_exportin.csv
2024,21,championship,WR,Hollywood,Brown,KC,KC,3600,KC@DEN,0,FG_championship_exportin.csv
2024,21,championship,WR,Jalen,Coker,CAR,CAR,3600,CAR@ATL,0,FG_championship_exportin.csv
2024,21,championship,WR,Amari,Cooper,BUF,BUF,3600,DEN@BUF,0,FG_championship_exportin.csv
2024,21,championship,WR,DeAndre,Hopkins,KC,KC,3600,KC@DEN,0,FG_championship_exportin.csv
2024,21,championship,WR,Jayden,Reed,GB,GB,3600,CHI@GB,0,FG_championship_exportin.csv
2024,21,championship,WR,Cedric,Tillman,CLE,CLE,3600,CLE@BAL,0,FG_championship_exportin.csv
2024,21,championship,WR,Christian,Watson,GB,GB,3600,CHI@GB,0,FG_championship_exportin.csv
2024,21,championship,WR,Nick,Westbrook-Ikhine,TEN,TEN,3600,HOU@TEN,0,FG_championship_exportin.csv
2024,21,championship,DEF,Denver,Broncos,DEN,DEN,3400,CLE@DEN,0,FG_championship_exportin.csv
2024,21,championship,WR,Keon,Coleman,BUF,BUF,3400,BUF@NE,0,FG_championship_exportin.csv
2024,21,championship,WR,Amari,Cooper,BUF,BUF,3400,BUF@NE,0,FG_championship_exportin.csv
2024,21,championship,TE,Pat,Freiermuth,PIT,PIT,3400,CIN@PIT,0,FG_championship_exportin.csv
2024,21,championship,TE,Hunter,Henry,NE,NE,3400,BUF@NE,0,FG_championship_exportin.csv
2024,21,championship,WR,DeAndre,Hopkins,KC,KC,3400,BUF@KC,1,FG_championship_exportin.csv
2024,21,championship,WR,DeAndre,Hopkins,KC,KC,3400,HOU@KC,0,FG_championship_exportin.csv
2024,21,championship,WR,Xavier,Legette,CAR,CAR,3400,CAR@ATL,0,FG_championship_exportin.csv
2024,21,championship,WR,Tim,Patrick,DET,DET,3400,MIN@DET,0,FG_championship_exportin.csv
2024,21,championship,WR,Tyrell,Shavers,BUF,BUF,3400,BUF@NE,0,FG_championship_exportin.csv
2024,21,championship,WR,Marquez,Valdes-Scantling,NO,NO,3400,NO@TB,0,FG_championship_exportin.csv
2024,21,championship,WR,Parker,Washington,JAX,JAC,3400,JAC@IND,0,FG_championship_exportin.csv
2024,21,championship,WR,Olamide,Zaccheaus,WAS,WAS,3400,WAS@TB,0,FG_championship_exportin.csv
2024,21,championship,WR,Olamide,Zaccheaus,WAS,WAS,3400,WAS@DAL,0,FG_championship_exportin.csv
2024,21,championship,WR,Dyami,Brown,WAS,WAS,3200,WAS@DET,0,FG_championship_exportin.csv
2024,21,championship,WR,Keon,Coleman,BUF,BUF,3200,DEN@BUF,0,FG_championship_exportin.csv
2024,21,championship,TE,Tyler,Conklin,NYJ,NYJ,3200,MIA@NYJ,0,FG_championship_exportin.csv
2024,21,championship,WR,Amari,Cooper,BUF,BUF,3200,BAL@BUF,0,FG_championship_exportin.csv
2024,21,championship,WR,Andrei,Iosivas,CIN,CIN,3200,CIN@PIT,0,FG_championship_exportin.csv
2024,21,championship,WR,Ray-Ray,McCloud,ATL,ATL,3200,CAR@ATL,0,FG_championship_exportin.csv
2024,21,championship,WR,Joshua,Palmer,LAC,LAC,3200,LAC@LV,0,FG_championship_exportin.csv
2024,21,championship,WR,Jayden,Reed,GB,GB,3200,GB@PHI,0,FG_championship_exportin.csv
2024,21,championship,WR,Jalen,Tolbert,DAL,DAL,3200,WAS@DAL,0,FG_championship_exportin.csv
2024,21,championship,WR,Calvin,Austin III,PIT,PIT,3000,PIT@BAL,0,FG_championship_exportin.csv
2024,21,championship,WR,Kendrick,Bourne,NE,NE,3000,BUF@NE,0,FG_championship_exportin.csv
2024,21,championship,WR,Hollywood,Brown,KC,KC,3000,BUF@KC,1,FG_championship_exportin.csv
2024,21,championship,WR,Keon,Coleman,BUF,BUF,3000,BAL@BUF,0,FG_championship_exportin.csv
2024,21,championship,TE,Mike,Gesicki,CIN,CIN,3000,CIN@PIT,0,FG_championship_exportin.csv
2024,21,championship,WR,John,Metchie III,HOU,HOU,3000,HOU@TEN,0,FG_championship_exportin.csv
2024,21,championship,RB,Isiah,Pacheco,KC,KC,3000,BUF@KC,1,FG_championship_exportin.csv
2024,21,championship,WR,Sterling,Shepard,TB,TB,3000,NO@TB,0,FG_championship_exportin.csv
2024,21,championship,WR,Devaughn,Vele,DEN,DEN,3000,DEN@BUF,0,FG_championship_exportin.csv
2024,21,championship,WR,Christian,Watson,GB,GB,3000,GB@PHI,0,FG_championship_exportin.csv
2024,21,championship,WR,Michael,Wilson,ARI,ARI,3000,SF@ARI,0,FG_championship_exportin.csv
2024,21,championship,WR,Olamide,Zaccheaus,WAS,WAS,3000,WAS@PHI,1,FG_championship_exportin.csv
2024,21,championship,WR,Noah,Brown,WAS,WAS,2800,WAS@TB,0,FG_championship_exportin.csv
2024,21,championship,WR,Keon,Coleman,BUF,BUF,2800,BUF@KC,1,FG_championship_exportin.csv
2024,21,championship,TE,Noah,Fant,SEA,SEA,2800,SEA@LA,0,FG_championship_exportin.csv
2024,21,championship,WR,David,Moore,CAR,CAR,2800,CAR@ATL,0,FG_championship_exportin.csv
2024,21,championship,WR,Tre,Tucker,LV,LV,2800,LAC@LV,0,FG_championship_exportin.csv
2024,21,championship,WR,Dontayvion,Wicks,GB,GB,2800,GB@PHI,0,FG_championship_exportin.csv
2024,21,championship,WR,Dontayvion,Wicks,GB,GB,2800,CHI@GB,0,FG_championship_exportin.csv
2024,21,championship,DEF,Cleveland,Browns,CLE,CLE,2600,CLE@DEN,0,FG_championship_exportin.csv
2024,21,championship,TE,Will,Dissly,LAC,LAC,2600,LAC@LV,0,FG_championship_exportin.csv
2024,21,championship,TE,Austin,Hooper,NE,NE,2600,BUF@NE,0,FG_championship_exportin.csv
2024,21,championship,RB,Ty,Johnson,BUF,BUF,2600,BUF@KC,1,FG_championship_exportin.csv
2024,21,championship,TE,Dalton,Kincaid,BUF,BUF,2600,BUF@NE,0,FG_championship_exportin.csv
2024,21,championship,WR,Curtis,Samuel,BUF,BUF,2600,BAL@BUF,0,FG_championship_exportin.csv
2024,21,championship,WR,Sterling,Shepard,TB,TB,2600,WAS@TB,0,FG_championship_exportin.csv
2024,21,championship,WR,KaVontae,Turpin,DAL,DAL,2600,WAS@DAL,0,FG_championship_exportin.csv
2024,21,championship,WR,Devaughn,Vele,DEN,DEN,2600,KC@DEN,0,FG_championship_exportin.csv
2024,21,championship,WR,Dyami,Brown,WAS,WAS,2400,WAS@DAL,0,FG_championship_exportin.csv
2024,21,championship,WR,Amari,Cooper,BUF,BUF,2400,BUF@KC,1,FG_championship_exportin.csv
2024,21,championship,RB,Ray,Davis,BUF,BUF,2400,BUF@KC,1,FG_championship_exportin.csv
2024,21,championship,WR,Jahan,Dotson,PHI,PHI,2400,LA@PHI,0,FG_championship_exportin.csv
2024,21,championship,WR,Mack,Hollins,BUF,BUF,2400,BUF@NE,0,FG_championship_exportin.csv
2024,21,championship,TE,Dalton,Kincaid,BUF,BUF,2400,BUF@KC,1,FG_championship_exportin.csv
2024,21,championship,WR,Allen,Lazard,NYJ,NYJ,2400,MIA@NYJ,0,FG_championship_exportin.csv
2024,21,championship,WR,John,Metchie III,HOU,HOU,2400,HOU@KC,0,FG_championship_exportin.csv
2024,21,championship,WR,Curtis,Samuel,BUF,BUF,2400,BUF@KC,1,FG_championship_exportin.csv
2024,21,championship,WR,Darius,Slayton,NYG,NYG,2400,NYG@PHI,0,FG_championship_exportin.csv
2024,21,championship,WR,Nelson,Agholor,BAL,BAL,2200,BAL@BUF,0,FG_championship_exportin.csv
2024,21,championship,WR,Nelson,Agholor,BAL,BAL,2200,PIT@BAL,0,FG_championship_exportin.csv
2024,21,championship,WR,Nelson,Agholor,BAL,BAL,2200,CLE@BAL,0,FG_championship_exportin.csv
2024,21,championship,WR,Jamal,Agnew,PIT,PIT,2200,PIT@BAL,0,FG_championship_exportin.csv
2024,21,championship,TE,Davis,Allen,LAR,LA,2200,SEA@LA,0,FG_championship_exportin.csv
2024,21,championship,WR,Tutu,Atwell,LAR,LA,2200,LA@PHI,0,FG_championship_exportin.csv
2024,21,championship,WR,Tutu,Atwell,LAR,LA,2200,MIN@LA,0,FG_championship_exportin.csv
2024,21,championship,WR,Tutu,Atwell,LAR,LA,2200,SEA@LA,0,FG_championship_exportin.csv
2024,21,championship,WR,Kevin,Austin Jr.,NO,NO,2200,NO@TB,0,FG_championship_exportin.csv
2024,21,championship,RB,TD,Ayo-Durojaiye,KC,KC,2200,BUF@KC,1,FG_championship_exportin.csv
2024,21,championship,RB,Tyler,Badie,DEN,DEN,2200,CLE@DEN,0,FG_championship_exportin.csv
2024,21,championship,WR,Jelani,Baker,BAL,BAL,2200,BAL@BUF,0,FG_championship_exportin.csv
2024,21,championship,WR,Jelani,Baker,BAL,BAL,2200,PIT@BAL,0,FG_championship_exportin.csv
2024,21,championship,WR,Javon,Baker,NE,NE,2200,BUF@NE,0,FG_championship_exportin.csv
2024,21,championship,TE,AJ,Barner,SEA,SEA,2200,SEA@LA,0,FG_championship_exportin.csv
2024,21,championship,TE,John,Bates,WAS,WAS,2200,WAS@PHI,1,FG_championship_exportin.csv
2024,21,championship,TE,Jaheim,Bell,NE,NE,2200,BUF@NE,0,FG_championship_exportin.csv
2024,21,championship,WR,Chris,Blair,ATL,ATL,2200,CAR@ATL,0,FG_championship_exportin.csv
2024,21,championship,RB,Khari,Blasingame,PHI,PHI,2200,WAS@PHI,1,FG_championship_exportin.csv
2024,21,championship,WR,Jake,Bobo,SEA,SEA,2200,SEA@LA,0,FG_championship_exportin.csv
2024,21,championship,WR,Tyler,Boyd,TEN,TEN,2200,HOU@TEN,0,FG_championship_exportin.csv
2024,21,championship,WR,Phillip,Brooks,KC,KC,2200,BUF@KC,1,FG_championship_exportin.csv
2024,21,championship,WR,Phillip,Brooks,KC,KC,2200,HOU@KC,0,FG_championship_exportin.csv
2024,21,championship,WR,Jalen,Brooks,DAL,DAL,2200,WAS@DAL,0,FG_championship_exportin.csv
2024,21,championship,WR,Ahmarean,Brown,BUF,BUF,2200,BUF@KC,1,FG_championship_exportin.csv
2024,21,championship,WR,Reggie,Brown,KC,KC,2200,BUF@KC,1,FG_championship_exportin.csv
2024,21,championship,WR,Reggie,Brown,KC,KC,2200,HOU@KC,0,FG_championship_exportin.csv
2024,21,championship,WR,Ahmarean,Brown,BUF,BUF,2200,BAL@BUF,0,FG_championship_exportin.csv
2024,21,championship,WR,Ahmarean,Brown,BUF,BUF,2200,DEN@BUF,0,FG_championship_exportin.csv
2024,21,championship,WR,Dyami,Brown,WAS,WAS,2200,WAS@TB,0,FG_championship_exportin.csv
2024,21,championship,TE,Pharaoh,Brown,SEA,SEA,2200,SEA@LA,0,FG_championship_exportin.csv
2024,21,championship,WR,Jason,Brownlee,KC,KC,2200,BUF@KC,1,FG_championship_exportin.csv
2024,21,championship,WR,Martavis,Bryant,WAS,WAS,2200,WAS@PHI,1,FG_championship_exportin.csv
2024,21,championship,WR,Martavis,Bryant,WAS,WAS,2200,WAS@DET,0,FG_championship_exportin.csv
2024,21,championship,WR,Martavis,Bryant,WAS,WAS,2200,WAS@TB,0,FG_championship_exportin.csv
2024,21,championship,TE,Harrison,Bryant,LV,LV,2200,LAC@LV,0,FG_championship_exportin.csv
2024,21,championship,WR,Jermaine,Burton,CIN,CIN,2200,CIN@PIT,0,FG_championship_exportin.csv
2024,21,championship,RB,Michael,Burton,DEN,DEN,2200,CLE@DEN,0,FG_championship_exportin.csv
2024,21,championship,WR,Damiere,Byrd,BUF,BUF,2200,BUF@KC,1,FG_championship_exportin.csv
2024,21,championship,WR,Damiere,Byrd,BUF,BUF,2200,BAL@BUF,0,FG_championship_exportin.csv
2024,21,championship,WR,Damiere,Byrd,BUF,BUF,2200,DEN@BUF,0,FG_championship_exportin.csv
2024,21,championship,TE,Grant,Calcaterra,PHI,PHI,2200,WAS@PHI,1,FG_championship_exportin.csv
2024,21,championship,WR,Jalon,Calhoun,DET,DET,2200,WAS@DET,0,FG_championship_exportin.csv
2024,21,championship,WR,Parris,Campbell,PHI,PHI,2200,WAS@PHI,1,FG_championship_exportin.csv
2024,21,championship,WR,Parris,Campbell,PHI,PHI,2200,LA@PHI,0,FG_championship_exportin.csv
2024,21,championship,WR,Caleb,Chapman,TB,TB,2200,WAS@TB,0,FG_championship_exportin.csv
2024,21,championship,WR,DJ,Chark Jr.,LAC,LAC,2200,LAC@LV,0,FG_championship_exportin.csv
2024,21,championship,WR,Dan,Chisena,CAR,CAR,2200,CAR@ATL,0,FG_championship_exportin.csv
2024,21,championship,WR,Chase,Claypool,BUF,BUF,2200,BUF@KC,1,FG_championship_exportin.csv
2024,21,championship,WR,Chase,Claypool,BUF,BUF,2200,BAL@BUF,0,FG_championship_exportin.csv
2024,21,championship,WR,Chase,Claypool,BUF,BUF,2200,DEN@BUF,0,FG_championship_exportin.csv
2024,21,championship,WR,Chris,Conley,SF,SF,2200,SF@ARI,0,FG_championship_exportin.csv
2024,21,championship,TE,Tanner,Conner,MIA,MIA,2200,MIA@NYJ,0,FG_championship_exportin.csv
2024,21,championship,WR,Jacob,Copeland,PIT,PIT,2200,PIT@BAL,0,FG_championship_exportin.csv
2024,21,championship,WR,Malachi,Corley,NYJ,NYJ,2200,MIA@NYJ,0,FG_championship_exportin.csv
2024,21,championship,WR,Britain,Covey,PHI,PHI,2200,NYG@PHI,0,FG_championship_exportin.csv
2024,21,championship,WR,Jacob,Cowing,SF,SF,2200,SF@ARI,0,FG_championship_exportin.csv
2024,21,championship,WR,River,Cracraft,MIA,MIA,2200,MIA@NYJ,0,FG_championship_exportin.csv
2024,21,championship,WR,Jamison,Crowder,WAS,WAS,2200,WAS@PHI,1,FG_championship_exportin.csv
2024,21,championship,WR,Jamison,Crowder,WAS,WAS,2200,WAS@DET,0,FG_championship_exportin.csv
2024,21,championship,WR,Jamison,Crowder,WAS,WAS,2200,WAS@TB,0,FG_championship_exportin.csv
2024,21,championship,WR,Jamison,Crowder,WAS,WAS,2200,WAS@DAL,0,FG_championship_exportin.csv
2024,21,championship,WR,Jaelon,Darden,SEA,SEA,2200,SEA@LA,0,FG_championship_exportin.csv
2024,21,championship,WR,Davion,Davis,WAS,WAS,2200,WAS@PHI,1,FG_championship_exportin.csv
2024,21,championship,WR,Davion,Davis,WAS,WAS,2200,WAS@DET,0,FG_championship_exportin.csv
2024,21,championship,WR,Shaquan,Davis,PIT,PIT,2200,PIT@BAL,0,FG_championship_exportin.csv
2024,21,championship,WR,Davion,Davis,WAS,WAS,2200,WAS@TB,0,FG_championship_exportin.csv
2024,21,championship,WR,Derius,Davis,LAC,LAC,2200,LAC@LV,0,FG_championship_exportin.csv
2024,21,championship,WR,Greg,Dortch,ARI,ARI,2200,SF@ARI,0,FG_championship_exportin.csv
2024,21,championship,WR,Jahan,Dotson,PHI,PHI,2200,WAS@PHI,1,FG_championship_exportin.csv
2024,21,championship,WR,Jahan,Dotson,PHI,PHI,2200,GB@PHI,0,FG_championship_exportin.csv
2024,21,championship,WR,Jahan,Dotson,PHI,PHI,2200,NYG@PHI,0,FG_championship_exportin.csv
2024,21,championship,WR,Colton,Dowell,TEN,TEN,2200,HOU@TEN,0,FG_championship_exportin.csv
2024,21,championship,WR,Ashton,Dulin,IND,IND,2200,JAC@IND,0,FG_championship_exportin.csv
2024,21,championship,WR,Devin,Duvernay,JAX,JAC,2200,JAC@IND,0,FG_championship_exportin.csv
2024,21,championship,WR,Dee,Eskridge,MIA,MIA,2200,MIA@NYJ,0,FG_championship_exportin.csv
2024,21,championship,RB,Audric,Estime,DEN,DEN,2200,CLE@DEN,0,FG_championship_exportin.csv
2024,21,championship,WR,Erik,Ezukanma,MIA,MIA,2200,MIA@NYJ,0,FG_championship_exportin.csv
2024,21,championship,WR,Simi,Fehoko,LAC,LAC,2200,LAC@HOU,0,FG_championship_exportin.csv
2024,21,championship,WR,Simi,Fehoko,LAC,LAC,2200,LAC@LV,0,FG_championship_exportin.csv
2024,21,championship,TE,Tucker,Fisk,LAC,LAC,2200,LAC@LV,0,FG_championship_exportin.csv
2024,21,championship,WR,Ryan,Flournoy,DAL,DAL,2200,WAS@DAL,0,FG_championship_exportin.csv
2024,21,championship,TE,Kevin,Foelsch,PHI,PHI,2200,WAS@PHI,1,FG_championship_exportin.csv
2024,21,championship,WR,Bryce,Ford-Wheaton,NYG,NYG,2200,NYG@PHI,0,FG_championship_exportin.csv
2024,21,championship,WR,Daurice,Fountain,DET,DET,2200,WAS@DET,0,FG_championship_exportin.csv
2024,21,championship,WR,Troy,Franklin,DEN,DEN,2200,DEN@BUF,0,FG_championship_exportin.csv
2024,21,championship,WR,Troy,Franklin,DEN,DEN,2200,KC@DEN,0,FG_championship_exportin.csv
2024,21,championship,WR,Troy,Franklin,DEN,DEN,2200,CLE@DEN,0,FG_championship_exportin.csv
2024,21,championship,RB,Kenneth,Gainwell,PHI,PHI,2200,WAS@PHI,1,FG_championship_exportin.csv
2024,21,championship,WR,Daniel,George,KC,KC,2200,BUF@KC,1,FG_championship_exportin.csv
2024,21,championship,WR,Daniel,George,KC,KC,2200,HOU@KC,0,FG_championship_exportin.csv
2024,21,championship,RB,Reggie,Gilliam,BUF,BUF,2200,BUF@KC,1,FG_championship_exportin.csv
2024,21,championship,WR,Xavier,Gipson,NYJ,NYJ,2200,MIA@NYJ,0,FG_championship_exportin.csv
2024,21,championship,WR,Anthony,Gould,IND,IND,2200,JAC@IND,0,FG_championship_exportin.csv
2024,21,championship,TE,Cam,Grandy,CIN,CIN,2200,CIN@PIT,0,FG_championship_exportin.csv
2024,21,championship,TE,Noah,Gray,KC,KC,2200,BUF@KC,1,FG_championship_exportin.csv
2024,21,championship,WR,Justin,Hall,MIN,MIN,2200,MIN@LA,0,FG_championship_exportin.csv
2024,21,championship,WR,Mecole,Hardman,KC,KC,2200,BUF@KC,1,FG_championship_exportin.csv
2024,21,championship,WR,Mecole,Hardman,KC,KC,2200,KC@DEN,0,FG_championship_exportin.csv
2024,21,championship,WR,DeAngelo,Hardy,BAL,BAL,2200,BAL@BUF,0,FG_championship_exportin.csv
2024,21,championship,WR,DeAngelo,Hardy,BAL,BAL,2200,PIT@BAL,0,FG_championship_exportin.csv
2024,21,championship,WR,Devron,Harper,MIN,MIN,2200,MIN@LA,0,FG_championship_exportin.csv
2024,21,championship,WR,Jacob,Harris,PHI,PHI,2200,WAS@PHI,1,FG_championship_exportin.csv
2024,21,championship,WR,Jacob,Harris,PHI,PHI,2200,LA@PHI,0,FG_championship_exportin.csv
2024,21,championship,WR,Jacob,Harris,PHI,PHI,2200,GB@PHI,0,FG_championship_exportin.csv
2024,21,championship,WR,Deonte,Harty,BAL,BAL,2200,BAL@BUF,0,FG_championship_exportin.csv
2024,21,championship,WR,Deonte,Harty,BAL,BAL,2200,PIT@BAL,0,FG_championship_exportin.csv
2024,21,championship,WR,Deonte,Harty,BAL,BAL,2200,CLE@BAL,0,FG_championship_exportin.csv
2024,21,championship,WR,Jaaron,Hayek,KC,KC,2200,BUF@KC,1,FG_championship_exportin.csv
2024,21,championship,WR,Jaaron,Hayek,KC,KC,2200,HOU@KC,0,FG_championship_exportin.csv
2024,21,championship,WR,Malik,Heath,GB,GB,2200,GB@PHI,0,FG_championship_exportin.csv
2024,21,championship,WR,Malik,Heath,GB,GB,2200,CHI@GB,0,FG_championship_exportin.csv
2024,21,championship,WR,Griffin,Hebert,PHI,PHI,2200,WAS@PHI,1,FG_championship_exportin.csv
2024,21,championship,WR,Griffin,Hebert,PHI,PHI,2200,LA@PHI,0,FG_championship_exportin.csv
2024,21,championship,WR,Griffin,Hebert,PHI,PHI,2200,GB@PHI,0,FG_championship_exportin.csv
2024,21,championship,TE,Peyton,Hendershot,KC,KC,2200,BUF@KC,1,FG_championship_exportin.csv
2024,21,championship,TE,Connor,Heyward,PIT,PIT,2200,CIN@PIT,0,FG_championship_exportin.csv
2024,21,championship,TE,Tyler,Higbee,LAR,LA,2200,SEA@LA,0,FG_championship_exportin.csv
2024,21,championship,TE,Julian,Hill,MIA,MIA,2200,MIA@NYJ,0,FG_championship_exportin.csv
2024,21,championship,RB,Nyheim,Hines,CLE,CLE,2200,CLE@DEN,0,FG_championship_exportin.csv
2024,21,championship,WR,KhaDarel,Hodge,ATL,ATL,2200,CAR@ATL,0,FG_championship_exportin.csv
2024,21,championship,WR,Mack,Hollins,BUF,BUF,2200,BUF@KC,1,FG_championship_exportin.csv
2024,21,championship,WR,Mack,Hollins,BUF,BUF,2200,BAL@BUF,0,FG_championship_exportin.csv
2024,21,championship,WR,Mack,Hollins,BUF,BUF,2200,DEN@BUF,0,FG_championship_exportin.csv
2024,21,championship,TE,Tanner,Hudson,CIN,CIN,2200,CIN@PIT,0,FG_championship_exportin.csv
2024,21,championship,WR,Lil'Jordan,Humphrey,DEN,DEN,2200,DEN@BUF,0,FG_championship_exportin.csv
2024,21,championship,WR,Lil'Jordan,Humphrey,DEN,DEN,2200,KC@DEN,0,FG_championship_exportin.csv
2024,21,championship,TE,Hayden,Hurst,LAC,LAC,2200,LAC@LV,0,FG_championship_exportin.csv
2024,21,championship,WR,Xavier,Hutchinson,HOU,HOU,2200,HOU@KC,0,FG_championship_exportin.csv
2024,21,championship,WR,Xavier,Hutchinson,HOU,HOU,2200,LAC@HOU,0,FG_championship_exportin.csv
2024,21,championship,WR,Xavier,Hutchinson,HOU,HOU,2200,HOU@TEN,0,FG_championship_exportin.csv
2024,21,championship,WR,Jalin,Hyatt,NYG,NYG,2200,NYG@PHI,0,FG_championship_exportin.csv
2024,21,championship,WR,Andy,Isabella,PIT,PIT,2200,PIT@BAL,0,FG_championship_exportin.csv
2024,21,championship,WR,Jha'Quan,Jackson,TEN,TEN,2200,HOU@TEN,0,FG_championship_exportin.csv
2024,21,championship,WR,Ty,James,MIN,MIN,2200,MIN@LA,0,FG_championship_exportin.csv
2024,21,championship,WR,Jadon,Janke,HOU,HOU,2200,HOU@KC,0,FG_championship_exportin.csv
2024,21,championship,WR,Jadon,Janke,HOU,HOU,2200,LAC@HOU,0,FG_championship_exportin.csv
2024,21,championship,WR,Rakim,Jarrett,TB,TB,2200,WAS@TB,0,FG_championship_exportin.csv
2024,21,championship,WR,Rakim,Jarrett,TB,TB,2200,NO@TB,0,FG_championship_exportin.csv
2024,21,championship,WR,Van,Jefferson,PIT,PIT,2200,PIT@BAL,0,FG_championship_exportin.csv
2024,21,championship,WR,Van,Jefferson,PIT,PIT,2200,CIN@PIT,0,FG_championship_exportin.csv
2024,21,championship,TE,E.J.,Jenkins,PHI,PHI,2200,WAS@PHI,1,FG_championship_exportin.csv
2024,21,championship,WR,Jaray,Jenkins,PIT,PIT,2200,PIT@BAL,0,FG_championship_exportin.csv
2024,21,championship,WR,Tyler,Johnson,LAR,LA,2200,LA@PHI,0,FG_championship_exportin.csv
2024,21,championship,WR,Leon,Johnson,LAC,LAC,2200,LAC@HOU,0,FG_championship_exportin.csv
2024,21,championship,WR,Diontae,Johnson,HOU,HOU,2200,LAC@HOU,0,FG_championship_exportin.csv
2024,21,championship,WR,Brandon,Johnson,PIT,PIT,2200,PIT@BAL,0,FG_championship_exportin.csv
2024,21,championship,WR,Kameron,Johnson,TB,TB,2200,WAS@TB,0,FG_championship_exportin.csv
2024,21,championship,WR,Tyler,Johnson,LAR,LA,2200,MIN@LA,0,FG_championship_exportin.csv
2024,21,championship,WR,Collin,Johnson,CHI,CHI,2200,CHI@GB,0,FG_championship_exportin.csv
2024,21,championship,WR,Kameron,Johnson,TB,TB,2200,NO@TB,0,FG_championship_exportin.csv
2024,21,championship,WR,Diontae,Johnson,HOU,HOU,2200,HOU@TEN,0,FG_championship_exportin.csv
2024,21,championship,WR,Tyler,Johnson,LAR,LA,2200,SEA@LA,0,FG_championship_exportin.csv
2024,21,championship,WR,Cephus,Johnson III,TB,TB,2200,WAS@TB,0,FG_championship_exportin.csv
2024,21,championship,RB,Austin,Jones,WAS,WAS,2200,WAS@PHI,1,FG_championship_exportin.csv
2024,21,championship,WR,Latreal,Jones,TB,TB,2200,WAS@TB,0,FG_championship_exportin.csv
2024,21,championship,WR,Tim,Jones,JAX,JAC,2200,JAC@IND,0,FG_championship_exportin.csv
2024,21,championship,WR,Zay,Jones,ARI,ARI,2200,SF@ARI,0,FG_championship_exportin.csv
2024,21,championship,WR,Charlie,Jones,CIN,CIN,2200,CIN@PIT,0,FG_championship_exportin.csv
2024,21,championship,WR,Velus,Jones Jr.,CAR,CAR,2200,CAR@ATL,0,FG_championship_exportin.csv
2024,21,championship,WR,Talik,Keaton,PHI,PHI,2200,WAS@PHI,1,FG_championship_exportin.csv
2024,21,championship,WR,Talik,Keaton,PHI,PHI,2200,LA@PHI,0,FG_championship_exportin.csv
2024,21,championship,WR,Talik,Keaton,PHI,PHI,2200,GB@PHI,0,FG_championship_exportin.csv
2024,21,championship,WR,Tom,Kennedy,DET,DET,2200,MIN@DET,0,FG_championship_exportin.csv
2024,21,championship,WR,Lawrence,Keys III,BUF,BUF,2200,BUF@KC,1,FG_championship_exportin.csv
2024,21,championship,WR,Lawrence,Keys III,BUF,BUF,2200,BAL@BUF,0,FG_championship_exportin.csv
2024,21,championship,WR,Lawrence,Keys III,BUF,BUF,2200,DEN@BUF,0,FG_championship_exportin.csv
2024,21,championship,WR,Ramel,Keyton,LV,LV,2200,LAC@LV,0,FG_championship_exportin.csv
2024,21,championship,WR,Mason,Kinsey,TEN,TEN,2200,HOU@TEN,0,FG_championship_exportin.csv
2024,21,championship,WR,Malik,Knowles,GB,GB,2200,GB@PHI,0,FG_championship_exportin.csv
2024,21,championship,TE,Dawson,Knox,BUF,BUF,2200,BUF@KC,1,FG_championship_exportin.csv
2024,21,championship,TE,Dawson,Knox,BUF,BUF,2200,BUF@NE,0,FG_championship_exportin.csv
2024,21,championship,WR,JJ,Laap,LAR,LA,2200,LA@PHI,0,FG_championship_exportin.csv
2024,21,championship,WR,JJ,Laap,LAR,LA,2200,MIN@LA,0,FG_championship_exportin.csv
2024,21,championship,WR,Tyler,Lockett,SEA,SEA,2200,SEA@LA,0,FG_championship_exportin.csv
2024,21,championship,TE,Hunter,Long,LAR,LA,2200,SEA@LA,0,FG_championship_exportin.csv
2024,21,championship,WR,Terrace,Marshall Jr.,LV,LV,2200,LAC@LV,0,FG_championship_exportin.csv
2024,21,championship,WR,Zach,Mathis,KC,KC,2200,BUF@KC,1,FG_championship_exportin.csv
2024,21,championship,WR,Zach,Mathis,KC,KC,2200,HOU@KC,0,FG_championship_exportin.csv
2024,21,championship,TE,Michael,Mayer,LV,LV,2200,LAC@LV,0,FG_championship_exportin.csv
2024,21,championship,WR,Luke,McCaffrey,WAS,WAS,2200,WAS@PHI,1,FG_championship_exportin.csv
2024,21,championship,WR,Luke,McCaffrey,WAS,WAS,2200,WAS@DET,0,FG_championship_exportin.csv
2024,21,championship,WR,Luke,McCaffrey,WAS,WAS,2200,WAS@TB,0,FG_championship_exportin.csv
2024,21,championship,WR,Luke,McCaffrey,WAS,WAS,2200,WAS@DAL,0,FG_championship_exportin.csv
2024,21,championship,WR,Lance,McCutcheon,PIT,PIT,2200,PIT@BAL,0,FG_championship_exportin.csv
2024,21,championship,TE,Tanner,McLachlan,CIN,CIN,2200,CIN@PIT,0,FG_championship_exportin.csv
2024,21,championship,RB,Jeremy,McNichols,WAS,WAS,2200,WAS@PHI,1,FG_championship_exportin.csv
2024,21,championship,WR,Bo,Melton,GB,GB,2200,GB@PHI,0,FG_championship_exportin.csv
2024,21,championship,WR,Bo,Melton,GB,GB,2200,CHI@GB,0,FG_championship_exportin.csv
2024,21,championship,WR,John,Metchie III,HOU,HOU,2200,LAC@HOU,0,FG_championship_exportin.csv
2024,21,championship,WR,Scotty,Miller,PIT,PIT,2200,PIT@BAL,0,FG_championship_exportin.csv
2024,21,championship,WR,Ryan,Miller,TB,TB,2200,WAS@TB,0,FG_championship_exportin.csv
2024,21,championship,WR,Ryan,Miller,TB,TB,2200,NO@TB,0,FG_championship_exportin.csv
2024,21,championship,WR,Scotty,Miller,PIT,PIT,2200,CIN@PIT,0,FG_championship_exportin.csv
2024,21,championship,WR,Jonathan,Mingo,DAL,DAL,2200,WAS@DAL,0,FG_championship_exportin.csv
2024,21,championship,WR,Adonai,Mitchell,IND,IND,2200,JAC@IND,0,FG_championship_exportin.csv
2024,21,championship,WR,Elijah,Moore,CLE,CLE,2200,CLE@BAL,0,FG_championship_exportin.csv
2024,21,championship,WR,Skyy,Moore,KC,KC,2200,KC@DEN,0,FG_championship_exportin.csv
2024,21,championship,WR,Jaylon,Moore,JAX,JAC,2200,JAC@IND,0,FG_championship_exportin.csv
2024,21,championship,TE,Quintin,Morris,BUF,BUF,2200,BUF@KC,1,FG_championship_exportin.csv
2024,21,championship,TE,Quintin,Morris,BUF,BUF,2200,BUF@NE,0,FG_championship_exportin.csv
2024,21,championship,WR,Jalen,Nailor,MIN,MIN,2200,MIN@LA,0,FG_championship_exportin.csv
2024,21,championship,WR,Jalen,Nailor,MIN,MIN,2200,MIN@DET,0,FG_championship_exportin.csv
2024,21,championship,WR,Joseph,Ngata,PHI,PHI,2200,WAS@PHI,1,FG_championship_exportin.csv
2024,21,championship,WR,Joseph,Ngata,PHI,PHI,2200,LA@PHI,0,FG_championship_exportin.csv
2024,21,championship,WR,Joseph,Ngata,PHI,PHI,2200,GB@PHI,0,FG_championship_exportin.csv
2024,21,championship,RB,Lew,Nichols,PHI,PHI,2200,WAS@PHI,1,FG_championship_exportin.csv
2024,21,championship,WR,Bryce,Oliver,TEN,TEN,2200,HOU@TEN,0,FG_championship_exportin.csv
2024,21,championship,WR,Gunner,Olszewski,NYG,NYG,2200,NYG@PHI,0,FG_championship_exportin.csv
2024,21,championship,WR,K.J.,Osborn,WAS,WAS,2200,WAS@PHI,1,FG_championship_exportin.csv
2024,21,championship,WR,K.J.,Osborn,WAS,WAS,2200,WAS@DET,0,FG_championship_exportin.csv
2024,21,championship,WR,K.J.,Osborn,WAS,WAS,2200,WAS@TB,0,FG_championship_exportin.csv
2024,21,championship,WR,K.J.,Osborn,WAS,WAS,2200,WAS@DAL,0,FG_championship_exportin.csv
2024,21,championship,WR,Trey,Palmer,TB,TB,2200,WAS@TB,0,FG_championship_exportin.csv
2024,21,championship,WR,Trey,Palmer,TB,TB,2200,NO@TB,0,FG_championship_exportin.csv
2024,21,championship,TE,Colby,Parkinson,LAR,LA,2200,SEA@LA,0,FG_championship_exportin.csv
2024,21,championship,WR,Zach,Pascal,ARI,ARI,2200,SF@ARI,0,FG_championship_exportin.csv
2024,21,championship,WR,Tim,Patrick,DET,DET,2200,WAS@DET,0,FG_championship_exportin.csv
2024,21,championship,WR,Ricky,Pearsall,SF,SF,2200,SF@ARI,0,FG_championship_exportin.csv
2024,21,championship,RB,Samaje,Perine,KC,KC,2200,BUF@KC,1,FG_championship_exportin.csv
2024,21,championship,WR,Dante,Pettis,NO,NO,2200,NO@TB,0,FG_championship_exportin.csv
2024,21,championship,WR,Ja'Lynn,Polk,NE,NE,2200,BUF@NE,0,FG_championship_exportin.csv
2024,21,championship,RB,Trey,Potts,KC,KC,2200,BUF@KC,1,FG_championship_exportin.csv
2024,21,championship,WR,Brandon,Powell,MIN,MIN,2200,MIN@LA,0,FG_championship_exportin.csv
2024,21,championship,WR,Brandon,Powell,MIN,MIN,2200,MIN@DET,0,FG_championship_exportin.csv
2024,21,championship,WR,Byron,Pringle,WAS,WAS,2200,WAS@PHI,1,FG_championship_exportin.csv
2024,21,championship,WR,Byron,Pringle,WAS,WAS,2200,WAS@DET,0,FG_championship_exportin.csv
2024,21,championship,WR,Byron,Pringle,WAS,WAS,2200,WAS@TB,0,FG_championship_exportin.csv
2024,21,championship,WR,James,Proche II,CLE,CLE,2200,CLE@BAL,0,FG_championship_exportin.csv
2024,21,championship,TE,MyCole,Pruitt,PIT,PIT,2200,CIN@PIT,0,FG_championship_exportin.csv
2024,21,championship,WR,Kalif,Raymond,DET,DET,2200,WAS@DET,0,FG_championship_exportin.csv
2024,21,championship,WR,Kalif,Raymond,DET,DET,2200,MIN@DET,0,FG_championship_exportin.csv
2024,21,championship,WR,Jalen,Reagor,LAC,LAC,2200,LAC@HOU,0,FG_championship_exportin.csv
2024,21,championship,WR,Nikko,Remigio,KC,KC,2200,BUF@KC,1,FG_championship_exportin.csv
2024,21,championship,WR,Nikko,Remigio,KC,KC,2200,HOU@KC,0,FG_championship_exportin.csv
2024,21,championship,WR,Nikko,Remigio,KC,KC,2200,KC@DEN,0,FG_championship_exportin.csv
2024,21,championship,WR,Josh,Reynolds,JAX,JAC,2200,JAC@IND,0,FG_championship_exportin.csv
2024,21,championship,WR,Josh,Reynolds,DEN,DEN,2200,CLE@DEN,0,FG_championship_exportin.csv
2024,21,championship,WR,Brenden,Rice,LAC,LAC,2200,LAC@HOU,0,FG_championship_exportin.csv
2024,21,championship,WR,Brenden,Rice,LAC,LAC,2200,LAC@LV,0,FG_championship_exportin.csv
2024,21,championship,WR,Allen,Robinson,DET,DET,2200,WAS@DET,0,FG_championship_exportin.csv
2024,21,championship,WR,Demarcus,Robinson,LAR,LA,2200,LA@PHI,0,FG_championship_exportin.csv
2024,21,championship,WR,Demarcus,Robinson,LAR,LA,2200,MIN@LA,0,FG_championship_exportin.csv
2024,21,championship,WR,Allen,Robinson,DET,DET,2200,MIN@DET,0,FG_championship_exportin.csv
2024,21,championship,WR,Demarcus,Robinson,LAR,LA,2200,SEA@LA,0,FG_championship_exportin.csv
2024,21,championship,RB,Chris,Rodriguez Jr.,WAS,WAS,2200,WAS@PHI,1,FG_championship_exportin.csv
2024,21,championship,WR,Marcus,Rosemy-Jacksaint,PHI,PHI,2200,WAS@PHI,1,FG_championship_exportin.csv
2024,21,championship,WR,Marcus,Rosemy-Jacksaint,PHI,PHI,2200,LA@PHI,0,FG_championship_exportin.csv
2024,21,championship,WR,Marcus,Rosemy-Jacksaint,PHI,PHI,2200,GB@PHI,0,FG_championship_exportin.csv
2024,21,championship,WR,John,Ross,PHI,PHI,2200,WAS@PHI,1,FG_championship_exportin.csv
2024,21,championship,WR,John,Ross,PHI,PHI,2200,LA@PHI,0,FG_championship_exportin.csv
2024,21,championship,WR,John,Ross,PHI,PHI,2200,GB@PHI,0,FG_championship_exportin.csv
2024,21,championship,TE,Jeremy,Ruckert,NYJ,NYJ,2200,MIA@NYJ,0,FG_championship_exportin.csv
2024,21,championship,TE,Brady,Russell,SEA,SEA,2200,SEA@LA,0,FG_championship_exportin.csv
2024,21,championship,WR,Sean,Ryan,BAL,BAL,2200,BAL@BUF,0,FG_championship_exportin.csv
2024,21,championship,WR,Sean,Ryan,BAL,BAL,2200,PIT@BAL,0,FG_championship_exportin.csv
2024,21,championship,TE,Drew,Sample,CIN,CIN,2200,CIN@PIT,0,FG_championship_exportin.csv
2024,21,championship,WR,Curtis,Samuel,BUF,BUF,2200,DEN@BUF,0,FG_championship_exportin.csv
2024,21,championship,WR,Curtis,Samuel,BUF,BUF,2200,BUF@NE,0,FG_championship_exportin.csv
2024,21,championship,WR,Tyler,Scott,CHI,CHI,2200,CHI@GB,0,FG_championship_exportin.csv
2024,21,championship,RB,Mathieu,Severance,KC,KC,2200,BUF@KC,1,FG_championship_exportin.csv
2024,21,championship,WR,Kyle,Sheets,KC,KC,2200,BUF@KC,1,FG_championship_exportin.csv
2024,21,championship,WR,Kyle,Sheets,KC,KC,2200,HOU@KC,0,FG_championship_exportin.csv
2024,21,championship,TE,John Samuel,Shenker,LV,LV,2200,LAC@LV,0,FG_championship_exportin.csv
2024,21,championship,WR,Trent,Sherfield Sr.,MIN,MIN,2200,MIN@LA,0,FG_championship_exportin.csv
2024,21,championship,WR,Trent,Sherfield Sr.,MIN,MIN,2200,MIN@DET,0,FG_championship_exportin.csv
2024,21,championship,RB,Will,Shipley,PHI,PHI,2200,WAS@PHI,1,FG_championship_exportin.csv
2024,21,championship,TE,Justin,Shorter,LV,LV,2200,LAC@LV,0,FG_championship_exportin.csv
2024,21,championship,WR,David,Sills V,DEN,DEN,2200,KC@DEN,0,FG_championship_exportin.csv
2024,21,championship,WR,Steven,Sims,BAL,BAL,2200,BAL@BUF,0,FG_championship_exportin.csv
2024,21,championship,WR,Steven,Sims,BAL,BAL,2200,PIT@BAL,0,FG_championship_exportin.csv
2024,21,championship,WR,Steven,Sims,BAL,BAL,2200,CLE@BAL,0,FG_championship_exportin.csv
2024,21,championship,TE,Ben,Sinnott,WAS,WAS,2200,WAS@PHI,1,FG_championship_exportin.csv
2024,21,championship,WR,Ben,Skowronek,PIT,PIT,2200,PIT@BAL,0,FG_championship_exportin.csv
2024,21,championship,WR,Ben,Skowronek,PIT,PIT,2200,CIN@PIT,0,FG_championship_exportin.csv
2024,21,championship,TE,Stone,Smartt,LAC,LAC,2200,LAC@LV,0,FG_championship_exportin.csv
2024,21,championship,WR,Ainias,Smith,PHI,PHI,2200,WAS@PHI,1,FG_championship_exportin.csv
2024,21,championship,WR,Tre'Quan,Smith,DET,DET,2200,WAS@DET,0,FG_championship_exportin.csv
2024,21,championship,WR,Xavier,Smith,LAR,LA,2200,LA@PHI,0,FG_championship_exportin.csv
2024,21,championship,WR,Ainias,Smith,PHI,PHI,2200,LA@PHI,0,FG_championship_exportin.csv
2024,21,championship,WR,Ainias,Smith,PHI,PHI,2200,GB@PHI,0,FG_championship_exportin.csv
2024,21,championship,WR,Xavier,Smith,LAR,LA,2200,MIN@LA,0,FG_championship_exportin.csv
2024,21,championship,WR,Ainias,Smith,PHI,PHI,2200,NYG@PHI,0,FG_championship_exportin.csv
2024,21,championship,WR,Xavier,Smith,LAR,LA,2200,SEA@LA,0,FG_championship_exportin.csv
2024,21,championship,WR,Ihmir,Smith-Marsette,NYG,NYG,2200,NYG@PHI,0,FG_championship_exportin.csv
2024,21,championship,WR,JuJu,Smith-Schuster,KC,KC,2200,BUF@KC,1,FG_championship_exportin.csv
2024,21,championship,WR,JuJu,Smith-Schuster,KC,KC,2200,HOU@KC,0,FG_championship_exportin.csv
2024,21,championship,WR,JuJu,Smith-Schuster,KC,KC,2200,KC@DEN,0,FG_championship_exportin.csv
2024,21,championship,TE,Durham,Smythe,MIA,MIA,2200,MIA@NYJ,0,FG_championship_exportin.csv
2024,21,championship,TE,Geor'Quarius,Spivey,KC,KC,2200,BUF@KC,1,FG_championship_exportin.csv
2024,21,championship,WR,Dimitri,Stanley,GB,GB,2200,GB@PHI,0,FG_championship_exportin.csv
2024,21,championship,WR,Rory,Starkey,GB,GB,2200,GB@PHI,0,FG_championship_exportin.csv
2024,21,championship,RB,Carson,Steele,KC,KC,2200,BUF@KC,1,FG_championship_exportin.csv
2024,21,championship,TE,Jack,Stoll,MIA,MIA,2200,MIA@NYJ,0,FG_championship_exportin.csv
2024,21,championship,WR,Michael,Strachan,WAS,WAS,2200,WAS@DET,0,FG_championship_exportin.csv
2024,21,championship,WR,Michael,Strachan,WAS,WAS,2200,WAS@TB,0,FG_championship_exportin.csv
2024,21,championship,WR,Deven,Thompkins,CAR,CAR,2200,CAR@ATL,0,FG_championship_exportin.csv
2024,21,championship,WR,Bryan,Thompson,BUF,BUF,2200,BUF@KC,1,FG_championship_exportin.csv
2024,21,championship,WR,Bryan,Thompson,BUF,BUF,2200,BAL@BUF,0,FG_championship_exportin.csv
2024,21,championship,WR,Bryan,Thompson,BUF,BUF,2200,DEN@BUF,0,FG_championship_exportin.csv
2024,21,championship,WR,Jamari,Thrash,CLE,CLE,2200,CLE@BAL,0,FG_championship_exportin.csv
2024,21,championship,WR,Mason,Tipton,NO,NO,2200,NO@TB,0,FG_championship_exportin.csv
2024,21,championship,TE,Robert,Tonyan,KC,KC,2200,BUF@KC,1,FG_championship_exportin.csv
2024,21,championship,WR,Brycen,Tremayne,WAS,WAS,2200,WAS@DAL,0,FG_championship_exportin.csv
2024,21,championship,WR,DJ,Turner,LV,LV,2200,LAC@LV,0,FG_championship_exportin.csv
2024,21,championship,WR,Lincoln,Victor,DEN,DEN,2200,DEN@BUF,0,FG_championship_exportin.csv
2024,21,championship,WR,Jalen,Virgil,BUF,BUF,2200,BUF@KC,1,FG_championship_exportin.csv
2024,21,championship,WR,Xavier,Wade,PIT,PIT,2200,PIT@BAL,0,FG_championship_exportin.csv
2024,21,championship,WR,Devontez,Walker,BAL,BAL,2200,BAL@BUF,0,FG_championship_exportin.csv
2024,21,championship,WR,Devontez,Walker,BAL,BAL,2200,PIT@BAL,0,FG_championship_exportin.csv
2024,21,championship,WR,Devontez,Walker,BAL,BAL,2200,CLE@BAL,0,FG_championship_exportin.csv
2024,21,championship,WR,Tylan,Wallace,BAL,BAL,2200,BAL@BUF,0,FG_championship_exportin.csv
2024,21,championship,WR,Tylan,Wallace,BAL,BAL,2200,PIT@BAL,0,FG_championship_exportin.csv
2024,21,championship,WR,Tylan,Wallace,BAL,BAL,2200,CLE@BAL,0,FG_championship_exportin.csv
2024,21,championship,WR,Isaiah,Washington,BAL,BAL,2200,BAL@BUF,0,FG_championship_exportin.csv
2024,21,championship,WR,Isaiah,Washington,BAL,BAL,2200,PIT@BAL,0,FG_championship_exportin.csv
2024,21,championship,TE,Darnell,Washington,PIT,PIT,2200,CIN@PIT,0,FG_championship_exportin.csv
2024,21,championship,WR,Casey,Washington,ATL,ATL,2200,CAR@ATL,0,FG_championship_exportin.csv
2024,21,championship,WR,Malik,Washington,MIA,MIA,2200,MIA@NYJ,0,FG_championship_exportin.csv
2024,21,championship,WR,Quez,Watkins,PIT,PIT,2200,PIT@BAL,0,FG_championship_exportin.csv
2024,21,championship,WR,Austin,Watkins Jr.,PHI,PHI,2200,WAS@PHI,1,FG_championship_exportin.csv
2024,21,championship,WR,Austin,Watkins Jr.,PHI,PHI,2200,LA@PHI,0,FG_championship_exportin.csv
2024,21,championship,WR,Austin,Watkins Jr.,PHI,PHI,2200,GB@PHI,0,FG_championship_exportin.csv
2024,21,championship,WR,Justin,Watson,KC,KC,2200,BUF@KC,1,FG_championship_exportin.csv
2024,21,championship,WR,Justin,Watson,KC,KC,2200,HOU@KC,0,FG_championship_exportin.csv
2024,21,championship,WR,Justin,Watson,KC,KC,2200,KC@DEN,0,FG_championship_exportin.csv
2024,21,championship,WR,Duece,Watts,PIT,PIT,2200,PIT@BAL,0,FG_championship_exportin.csv
2024,21,championship,WR,Jared,Wayne,HOU,HOU,2200,HOU@KC,0,FG_championship_exportin.csv
2024,21,championship,WR,Jalen,Wayne,GB,GB,2200,GB@PHI,0,FG_championship_exportin.csv
2024,21,championship,WR,Xavier,Weaver,ARI,ARI,2200,SF@ARI,0,FG_championship_exportin.csv
2024,21,championship,WR,Raleigh,Webb,TB,TB,2200,WAS@TB,0,FG_championship_exportin.csv
2024,21,championship,WR,Cody,White,SEA,SEA,2200,SEA@LA,0,FG_championship_exportin.csv
2024,21,championship,TE,Blake,Whiteheart,CLE,CLE,2200,CLE@DEN,0,FG_championship_exportin.csv
2024,21,championship,WR,Jordan,Whittington,LAR,LA,2200,LA@PHI,0,FG_championship_exportin.csv
2024,21,championship,WR,Jordan,Whittington,LAR,LA,2200,MIN@LA,0,FG_championship_exportin.csv
2024,21,championship,WR,Jordan,Whittington,LAR,LA,2200,SEA@LA,0,FG_championship_exportin.csv
2024,21,championship,WR,Sam,Wiglusz,LAR,LA,2200,LA@PHI,0,FG_championship_exportin.csv
2024,21,championship,WR,Sam,Wiglusz,LAR,LA,2200,MIN@LA,0,FG_championship_exportin.csv
2024,21,championship,WR,Mike,Williams,PIT,PIT,2200,PIT@BAL,0,FG_championship_exportin.csv
2024,21,championship,WR,Isaiah,Williams,CIN,CIN,2200,CIN@PIT,0,FG_championship_exportin.csv
2024,21,championship,WR,Mike,Williams,PIT,PIT,2200,CIN@PIT,0,FG_championship_exportin.csv
2024,21,championship,WR,Johnny,Wilson,PHI,PHI,2200,WAS@PHI,1,FG_championship_exportin.csv
2024,21,championship,WR,Johnny,Wilson,PHI,PHI,2200,LA@PHI,0,FG_championship_exportin.csv
2024,21,championship,WR,Roman,Wilson,PIT,PIT,2200,PIT@BAL,0,FG_championship_exportin.csv
2024,21,championship,WR,Johnny,Wilson,PHI,PHI,2200,GB@PHI,0,FG_championship_exportin.csv
2024,21,championship,WR,Johnny,Wilson,PHI,PHI,2200,NYG@PHI,0,FG_championship_exportin.csv
2024,21,championship,WR,Roman,Wilson,PIT,PIT,2200,CIN@PIT,0,FG_championship_exportin.csv
2024,21,championship,WR,Cedrick,Wilson Jr.,NO,NO,2200,NO@TB,0,FG_championship_exportin.csv
2024,21,championship,WR,Isaiah,Wooden,LAC,LAC,2200,LAC@HOU,0,FG_championship_exportin.csv
2024,21,championship,WR,Robert,Woods,HOU,HOU,2200,HOU@KC,0,FG_championship_exportin.csv
2024,21,championship,WR,Robert,Woods,HOU,HOU,2200,LAC@HOU,0,FG_championship_exportin.csv
2024,21,championship,WR,Robert,Woods,HOU,HOU,2200,HOU@TEN,0,FG_championship_exportin.csv
2024,21,championship,WR,Michael,Woods II,CLE,CLE,2200,CLE@BAL,0,FG_championship_exportin.csv
2024,21,championship,TE,Colson,Yankoff,WAS,WAS,2200,WAS@PHI,1,FG_championship_exportin.csv
2024,21,championship,TE,Kenny,Yeboah,NYJ,NYJ,2200,MIA@NYJ,0,FG_championship_exportin.csv
2024,21,championship,WR,Dareke,Young,SEA,SEA,2200,SEA@LA,0,FG_championship_exportin.csv
2024,22,superbowl,RB,Saquon,Barkley,PHI,PHI,8200,KC@PHI,1,FG_superbowl_exportin.csv
2024,22,superbowl,WR,Ja'Marr,Chase,CIN,CIN,8200,CIN@PIT,0,FG_superbowl_exportin.csv
2024,22,superbowl,WR,Justin,Jefferson,MIN,MIN,8000,MIN@DET,0,FG_superbowl_exportin.csv
2024,22,superbowl,WR,Puka,Nacua,LAR,LA,7800,MIN@LA,0,FG_superbowl_exportin.csv
2024,22,superbowl,WR,Mike,Evans,TB,TB,7600,WAS@TB,0,FG_superbowl_exportin.csv
2024,22,superbowl,WR,Mike,Evans,TB,TB,7600,NO@TB,0,FG_superbowl_exportin.csv
2024,22,superbowl,WR,Justin,Jefferson,MIN,MIN,7600,MIN@LA,0,FG_superbowl_exportin.csv
2024,22,superbowl,WR,Puka,Nacua,LAR,LA,7600,SEA@LA,0,FG_superbowl_exportin.csv
2024,22,superbowl,WR,Amon-Ra,St. Brown,DET,DET,7400,WAS@DET,0,FG_superbowl_exportin.csv
2024,22,superbowl,WR,A.J.,Brown,PHI,PHI,7200,GB@PHI,0,FG_superbowl_exportin.csv
2024,22,superbowl,WR,Tee,Higgins,CIN,CIN,7200,CIN@PIT,0,FG_superbowl_exportin.csv
2024,22,superbowl,WR,Puka,Nacua,LAR,LA,7200,LA@PHI,0,FG_superbowl_exportin.csv
2024,22,superbowl,WR,Brian,Thomas Jr.,JAX,JAC,7200,JAC@IND,0,FG_superbowl_exportin.csv
2024,22,superbowl,QB,Jalen,Hurts,PHI,PHI,7000,KC@PHI,1,FG_superbowl_exportin.csv
2024,22,superbowl,WR,Amon-Ra,St. Brown,DET,DET,7000,MIN@DET,0,FG_superbowl_exportin.csv
2024,22,superbowl,WR,A.J.,Brown,PHI,PHI,6800,NYG@PHI,0,FG_superbowl_exportin.csv
2024,22,superbowl,WR,Terry,McLaurin,WAS,WAS,6800,WAS@TB,0,FG_superbowl_exportin.csv
2024,22,superbowl,WR,Malik,Nabers,NYG,NYG,6800,NYG@PHI,0,FG_superbowl_exportin.csv
2024,22,superbowl,WR,Davante,Adams,NYJ,NYJ,6600,MIA@NYJ,0,FG_superbowl_exportin.csv
2024,22,superbowl,WR,A.J.,Brown,PHI,PHI,6600,LA@PHI,0,FG_superbowl_exportin.csv
2024,22,superbowl,WR,Nico,Collins,HOU,HOU,6600,LAC@HOU,0,FG_superbowl_exportin.csv
2024,22,superbowl,QB,Patrick,Mahomes,KC,KC,6600,KC@PHI,1,FG_superbowl_exportin.csv
2024,22,superbowl,WR,Ladd,McConkey,LAC,LAC,6600,LAC@LV,0,FG_superbowl_exportin.csv
2024,22,superbowl,WR,Terry,McLaurin,WAS,WAS,6600,WAS@DET,0,FG_superbowl_exportin.csv
2024,22,superbowl,WR,Nico,Collins,HOU,HOU,6400,HOU@TEN,0,FG_superbowl_exportin.csv
2024,22,superbowl,WR,Terry,McLaurin,WAS,WAS,6400,WAS@DAL,0,FG_superbowl_exportin.csv
2024,22,superbowl,WR,Nico,Collins,HOU,HOU,6200,HOU@KC,0,FG_superbowl_exportin.csv
2024,22,superbowl,WR,DeVonta,Smith,PHI,PHI,6200,NYG@PHI,0,FG_superbowl_exportin.csv
2024,22,superbowl,WR,Jaxon,Smith-Njigba,SEA,SEA,6200,SEA@LA,0,FG_superbowl_exportin.csv
2024,22,superbowl,WR,Courtland,Sutton,DEN,DEN,6200,DEN@BUF,0,FG_superbowl_exportin.csv
2024,22,superbowl,WR,Courtland,Sutton,DEN,DEN,6200,KC@DEN,0,FG_superbowl_exportin.csv
2024,22,superbowl,WR,Jordan,Addison,MIN,MIN,6000,MIN@DET,0,FG_superbowl_exportin.csv
2024,22,superbowl,WR,A.J.,Brown,PHI,PHI,5800,KC@PHI,1,FG_superbowl_exportin.csv
2024,22,superbowl,WR,Tyreek,Hill,MIA,MIA,5800,MIA@NYJ,0,FG_superbowl_exportin.csv
2024,22,superbowl,WR,Drake,London,ATL,ATL,5800,CAR@ATL,0,FG_superbowl_exportin.csv
2024,22,superbowl,WR,DeVonta,Smith,PHI,PHI,5800,LA@PHI,0,FG_superbowl_exportin.csv
2024,22,superbowl,WR,DeVonta,Smith,PHI,PHI,5800,GB@PHI,0,FG_superbowl_exportin.csv
2024,22,superbowl,WR,Adam,Thielen,CAR,CAR,5800,CAR@ATL,0,FG_superbowl_exportin.csv
2024,22,superbowl,WR,Jameson,Williams,DET,DET,5800,WAS@DET,0,FG_superbowl_exportin.csv
2024,22,superbowl,WR,Jameson,Williams,DET,DET,5800,MIN@DET,0,FG_superbowl_exportin.csv
2024,22,superbowl,WR,Garrett,Wilson,NYJ,NYJ,5800,MIA@NYJ,0,FG_superbowl_exportin.csv
2024,22,superbowl,WR,A.J.,Brown,PHI,PHI,5600,WAS@PHI,0,FG_superbowl_exportin.csv
2024,22,superbowl,WR,Jalen,McMillan,TB,TB,5600,WAS@TB,0,FG_superbowl_exportin.csv
2024,22,superbowl,WR,Jalen,McMillan,TB,TB,5600,NO@TB,0,FG_superbowl_exportin.csv
2024,22,superbowl,WR,Xavier,Worthy,KC,KC,5600,KC@PHI,1,FG_superbowl_exportin.csv
2024,22,superbowl,WR,Jordan,Addison,MIN,MIN,5400,MIN@LA,0,FG_superbowl_exportin.csv
2024,22,superbowl,WR,Keenan,Allen,CHI,CHI,5400,CHI@GB,0,FG_superbowl_exportin.csv
2024,22,superbowl,WR,Jauan,Jennings,SF,SF,5400,SF@ARI,0,FG_superbowl_exportin.csv
2024,22,superbowl,WR,Jerry,Jeudy,CLE,CLE,5400,CLE@BAL,0,FG_superbowl_exportin.csv
2024,22,superbowl,WR,George,Pickens,PIT,PIT,5400,CIN@PIT,0,FG_superbowl_exportin.csv
2024,22,superbowl,WR,Calvin,Ridley,TEN,TEN,5400,HOU@TEN,0,FG_superbowl_exportin.csv
2024,22,superbowl,WR,Xavier,Worthy,KC,KC,5400,BUF@KC,0,FG_superbowl_exportin.csv
2024,22,superbowl,WR,Xavier,Worthy,KC,KC,5400,HOU@KC,0,FG_superbowl_exportin.csv
2024,22,superbowl,WR,Xavier,Worthy,KC,KC,5400,KC@DEN,0,FG_superbowl_exportin.csv
2024,22,superbowl,WR,Jakobi,Meyers,LV,LV,5200,LAC@LV,0,FG_superbowl_exportin.csv
2024,22,superbowl,WR,Khalil,Shakir,BUF,BUF,5200,DEN@BUF,0,FG_superbowl_exportin.csv
2024,22,superbowl,WR,DeVonta,Smith,PHI,PHI,5200,WAS@PHI,0,FG_superbowl_exportin.csv
2024,22,superbowl,TE,Brock,Bowers,LV,LV,5000,LAC@LV,0,FG_superbowl_exportin.csv
2024,22,superbowl,WR,Zay,Flowers,BAL,BAL,5000,PIT@BAL,0,FG_superbowl_exportin.csv
2024,22,superbowl,RB,Kareem,Hunt,KC,KC,5000,KC@PHI,1,FG_superbowl_exportin.csv
2024,22,superbowl,WR,DJ,Moore,CHI,CHI,5000,CHI@GB,0,FG_superbowl_exportin.csv
2024,22,superbowl,WR,Zay,Flowers,BAL,BAL,4800,BAL@BUF,0,FG_superbowl_exportin.csv
2024,22,superbowl,WR,Zay,Flowers,BAL,BAL,4800,CLE@BAL,0,FG_superbowl_exportin.csv
2024,22,superbowl,WR,Marvin,Mims Jr.,DEN,DEN,4800,DEN@BUF,0,FG_superbowl_exportin.csv
2024,22,superbowl,WR,Khalil,Shakir,BUF,BUF,4800,BUF@NE,0,FG_superbowl_exportin.csv
2024,22,superbowl,WR,Darnell,Mooney,ATL,ATL,4600,CAR@ATL,0,FG_superbowl_exportin.csv
2024,22,superbowl,WR,Michael,Pittman Jr.,IND,IND,4600,JAC@IND,0,FG_superbowl_exportin.csv
2024,22,superbowl,WR,Deebo,Samuel Sr.,SF,SF,4600,SF@ARI,0,FG_superbowl_exportin.csv
2024,22,superbowl,WR,Khalil,Shakir,BUF,BUF,4600,BAL@BUF,0,FG_superbowl_exportin.csv
2024,22,superbowl,TE,Jonnu,Smith,MIA,MIA,4600,MIA@NYJ,0,FG_superbowl_exportin.csv
2024,22,superbowl,WR,Rashod,Bateman,BAL,BAL,4400,PIT@BAL,0,FG_superbowl_exportin.csv
2024,22,superbowl,WR,Rashod,Bateman,BAL,BAL,4400,CLE@BAL,0,FG_superbowl_exportin.csv
2024,22,superbowl,WR,Romeo,Doubs,GB,GB,4400,CHI@GB,0,FG_superbowl_exportin.csv
2024,22,superbowl,WR,Marvin,Harrison Jr.,ARI,ARI,4400,SF@ARI,0,FG_superbowl_exportin.csv
2024,22,superbowl,WR,Cooper,Kupp,LAR,LA,4400,SEA@LA,0,FG_superbowl_exportin.csv
2024,22,superbowl,WR,DK,Metcalf,SEA,SEA,4400,SEA@LA,0,FG_superbowl_exportin.csv
2024,22,superbowl,WR,Khalil,Shakir,BUF,BUF,4400,BUF@KC,0,FG_superbowl_exportin.csv
2024,22,superbowl,WR,DeVonta,Smith,PHI,PHI,4400,KC@PHI,1,FG_superbowl_exportin.csv
2024,22,superbowl,WR,Rashod,Bateman,BAL,BAL,4200,BAL@BUF,0,FG_superbowl_exportin.csv
2024,22,superbowl,WR,Romeo,Doubs,GB,GB,4200,GB@PHI,0,FG_superbowl_exportin.csv
2024,22,superbowl,WR,Quentin,Johnston,LAC,LAC,4200,LAC@LV,0,FG_superbowl_exportin.csv
2024,22,superbowl,WR,Cooper,Kupp,LAR,LA,4200,MIN@LA,0,FG_superbowl_exportin.csv
2024,22,superbowl,QB,Tanner,McKee,PHI,PHI,4200,KC@PHI,1,FG_superbowl_exportin.csv
2024,22,superbowl,WR,Chris,Olave,NO,NO,4200,NO@TB,0,FG_superbowl_exportin.csv
2024,22,superbowl,WR,George,Pickens,PIT,PIT,4200,PIT@BAL,0,FG_superbowl_exportin.csv
2024,22,superbowl,QB,Kenny,Pickett,PHI,PHI,4200,KC@PHI,1,FG_superbowl_exportin.csv
2024,22,superbowl,QB,Spencer,Sanders,KC,KC,4200,KC@PHI,1,FG_superbowl_exportin.csv
2024,22,superbowl,QB,Carson,Wentz,KC,KC,4200,KC@PHI,1,FG_superbowl_exportin.csv
2024,22,superbowl,WR,Brandin,Cooks,DAL,DAL,4000,WAS@DAL,0,FG_superbowl_exportin.csv
2024,22,superbowl,TE,Travis,Kelce,KC,KC,4000,KC@PHI,1,FG_superbowl_exportin.csv
2024,22,superbowl,WR,Cooper,Kupp,LAR,LA,4000,LA@PHI,0,FG_superbowl_exportin.csv
2024,22,superbowl,WR,Marvin,Mims Jr.,DEN,DEN,4000,KC@DEN,0,FG_superbowl_exportin.csv
2024,22,superbowl,WR,Rome,Odunze,CHI,CHI,4000,CHI@GB,0,FG_superbowl_exportin.csv
2024,22,superbowl,WR,Wan'Dale,Robinson,NYG,NYG,4000,NYG@PHI,0,FG_superbowl_exportin.csv
2024,22,superbowl,WR,Devaughn,Vele,DEN,DEN,4000,CLE@DEN,0,FG_superbowl_exportin.csv
2024,22,superbowl,WR,Jaylen,Waddle,MIA,MIA,4000,MIA@NYJ,0,FG_superbowl_exportin.csv
2024,22,superbowl,WR,Dyami,Brown,WAS,WAS,3800,WAS@PHI,0,FG_superbowl_exportin.csv
2024,22,superbowl,WR,DeMario,Douglas,NE,NE,3800,BUF@NE,0,FG_superbowl_exportin.csv
2024,22,superbowl,WR,Josh,Downs,IND,IND,3800,JAC@IND,0,FG_superbowl_exportin.csv
2024,22,superbowl,TE,Dallas,Goedert,PHI,PHI,3800,KC@PHI,1,FG_superbowl_exportin.csv
2024,22,superbowl,WR,CeeDee,Lamb,DAL,DAL,3800,WAS@DAL,0,FG_superbowl_exportin.csv
2024,22,superbowl,WR,Alec,Pierce,IND,IND,3800,JAC@IND,0,FG_superbowl_exportin.csv
2024,22,superbowl,WR,Olamide,Zaccheaus,WAS,WAS,3800,WAS@DET,0,FG_superbowl_exportin.csv
2024,22,superbowl,WR,Calvin,Austin III,PIT,PIT,3600,CIN@PIT,0,FG_superbowl_exportin.csv
2024,22,superbowl,WR,Kayshon,Boutte,NE,NE,3600,BUF@NE,0,FG_superbowl_exportin.csv
2024,22,superbowl,WR,Hollywood,Brown,KC,KC,3600,HOU@KC,0,FG_superbowl_exportin.csv
2024,22,superbowl,WR,Hollywood,Brown,KC,KC,3600,KC@DEN,0,FG_superbowl_exportin.csv
2024,22,superbowl,WR,Jalen,Coker,CAR,CAR,3600,CAR@ATL,0,FG_superbowl_exportin.csv
2024,22,superbowl,WR,Amari,Cooper,BUF,BUF,3600,DEN@BUF,0,FG_superbowl_exportin.csv
2024,22,superbowl,WR,DeAndre,Hopkins,KC,KC,3600,KC@DEN,0,FG_superbowl_exportin.csv
2024,22,superbowl,WR,Jayden,Reed,GB,GB,3600,CHI@GB,0,FG_superbowl_exportin.csv
2024,22,superbowl,WR,Cedric,Tillman,CLE,CLE,3600,CLE@BAL,0,FG_superbowl_exportin.csv
2024,22,superbowl,WR,Christian,Watson,GB,GB,3600,CHI@GB,0,FG_superbowl_exportin.csv
2024,22,superbowl,WR,Nick,Westbrook-Ikhine,TEN,TEN,3600,HOU@TEN,0,FG_superbowl_exportin.csv
2024,22,superbowl,DEF,Denver,Broncos,DEN,DEN,3400,CLE@DEN,0,FG_superbowl_exportin.csv
2024,22,superbowl,WR,Keon,Coleman,BUF,BUF,3400,BUF@NE,0,FG_superbowl_exportin.csv
2024,22,superbowl,WR,Amari,Cooper,BUF,BUF,3400,BUF@NE,0,FG_superbowl_exportin.csv
2024,22,superbowl,TE,Pat,Freiermuth,PIT,PIT,3400,CIN@PIT,0,FG_superbowl_exportin.csv
2024,22,superbowl,TE,Hunter,Henry,NE,NE,3400,BUF@NE,0,FG_superbowl_exportin.csv
2024,22,superbowl,WR,DeAndre,Hopkins,KC,KC,3400,BUF@KC,0,FG_superbowl_exportin.csv
2024,22,superbowl,WR,DeAndre,Hopkins,KC,KC,3400,HOU@KC,0,FG_superbowl_exportin.csv
2024,22,superbowl,WR,Xavier,Legette,CAR,CAR,3400,CAR@ATL,0,FG_superbowl_exportin.csv
2024,22,superbowl,WR,Tim,Patrick,DET,DET,3400,MIN@DET,0,FG_superbowl_exportin.csv
2024,22,superbowl,WR,Tyrell,Shavers,BUF,BUF,3400,BUF@NE,0,FG_superbowl_exportin.csv
2024,22,superbowl,WR,Marquez,Valdes-Scantling,NO,NO,3400,NO@TB,0,FG_superbowl_exportin.csv
2024,22,superbowl,WR,Parker,Washington,JAX,JAC,3400,JAC@IND,0,FG_superbowl_exportin.csv
2024,22,superbowl,WR,Olamide,Zaccheaus,WAS,WAS,3400,WAS@TB,0,FG_superbowl_exportin.csv
2024,22,superbowl,WR,Olamide,Zaccheaus,WAS,WAS,3400,WAS@DAL,0,FG_superbowl_exportin.csv
2024,22,superbowl,WR,Hollywood,Brown,KC,KC,3200,KC@PHI,1,FG_superbowl_exportin.csv
2024,22,superbowl,WR,Dyami,Brown,WAS,WAS,3200,WAS@DET,0,FG_superbowl_exportin.csv
2024,22,superbowl,WR,Keon,Coleman,BUF,BUF,3200,DEN@BUF,0,FG_superbowl_exportin.csv
2024,22,superbowl,TE,Tyler,Conklin,NYJ,NYJ,3200,MIA@NYJ,0,FG_superbowl_exportin.csv
2024,22,superbowl,WR,Amari,Cooper,BUF,BUF,3200,BAL@BUF,0,FG_superbowl_exportin.csv
2024,22,superbowl,WR,Andrei,Iosivas,CIN,CIN,3200,CIN@PIT,0,FG_superbowl_exportin.csv
2024,22,superbowl,WR,Ray-Ray,McCloud,ATL,ATL,3200,CAR@ATL,0,FG_superbowl_exportin.csv
2024,22,superbowl,WR,Joshua,Palmer,LAC,LAC,3200,LAC@LV,0,FG_superbowl_exportin.csv
2024,22,superbowl,WR,Jayden,Reed,GB,GB,3200,GB@PHI,0,FG_superbowl_exportin.csv
2024,22,superbowl,WR,Jalen,Tolbert,DAL,DAL,3200,WAS@DAL,0,FG_superbowl_exportin.csv
2024,22,superbowl,WR,Calvin,Austin III,PIT,PIT,3000,PIT@BAL,0,FG_superbowl_exportin.csv
2024,22,superbowl,WR,Kendrick,Bourne,NE,NE,3000,BUF@NE,0,FG_superbowl_exportin.csv
2024,22,superbowl,WR,Hollywood,Brown,KC,KC,3000,BUF@KC,0,FG_superbowl_exportin.csv
2024,22,superbowl,WR,Keon,Coleman,BUF,BUF,3000,BAL@BUF,0,FG_superbowl_exportin.csv
2024,22,superbowl,TE,Mike,Gesicki,CIN,CIN,3000,CIN@PIT,0,FG_superbowl_exportin.csv
2024,22,superbowl,WR,John,Metchie III,HOU,HOU,3000,HOU@TEN,0,FG_superbowl_exportin.csv
2024,22,superbowl,WR,Sterling,Shepard,TB,TB,3000,NO@TB,0,FG_superbowl_exportin.csv
2024,22,superbowl,WR,Devaughn,Vele,DEN,DEN,3000,DEN@BUF,0,FG_superbowl_exportin.csv
2024,22,superbowl,WR,Christian,Watson,GB,GB,3000,GB@PHI,0,FG_superbowl_exportin.csv
2024,22,superbowl,WR,Michael,Wilson,ARI,ARI,3000,SF@ARI,0,FG_superbowl_exportin.csv
2024,22,superbowl,WR,Noah,Brown,WAS,WAS,2800,WAS@TB,0,FG_superbowl_exportin.csv
2024,22,superbowl,WR,Keon,Coleman,BUF,BUF,2800,BUF@KC,0,FG_superbowl_exportin.csv
2024,22,superbowl,TE,Noah,Fant,SEA,SEA,2800,SEA@LA,0,FG_superbowl_exportin.csv
2024,22,superbowl,WR,David,Moore,CAR,CAR,2800,CAR@ATL,0,FG_superbowl_exportin.csv
2024,22,superbowl,RB,Isiah,Pacheco,KC,KC,2800,KC@PHI,1,FG_superbowl_exportin.csv
2024,22,superbowl,WR,Tre,Tucker,LV,LV,2800,LAC@LV,0,FG_superbowl_exportin.csv
2024,22,superbowl,WR,Dontayvion,Wicks,GB,GB,2800,GB@PHI,0,FG_superbowl_exportin.csv
2024,22,superbowl,WR,Dontayvion,Wicks,GB,GB,2800,CHI@GB,0,FG_superbowl_exportin.csv
2024,22,superbowl,DEF,Cleveland,Browns,CLE,CLE,2600,CLE@DEN,0,FG_superbowl_exportin.csv
2024,22,superbowl,TE,Will,Dissly,LAC,LAC,2600,LAC@LV,0,FG_superbowl_exportin.csv
2024,22,superbowl,TE,Austin,Hooper,NE,NE,2600,BUF@NE,0,FG_superbowl_exportin.csv
2024,22,superbowl,WR,DeAndre,Hopkins,KC,KC,2600,KC@PHI,1,FG_superbowl_exportin.csv
2024,22,superbowl,TE,Dalton,Kincaid,BUF,BUF,2600,BUF@NE,0,FG_superbowl_exportin.csv
2024,22,superbowl,WR,Curtis,Samuel,BUF,BUF,2600,BAL@BUF,0,FG_superbowl_exportin.csv
2024,22,superbowl,WR,Sterling,Shepard,TB,TB,2600,WAS@TB,0,FG_superbowl_exportin.csv
2024,22,superbowl,WR,KaVontae,Turpin,DAL,DAL,2600,WAS@DAL,0,FG_superbowl_exportin.csv
2024,22,superbowl,WR,Devaughn,Vele,DEN,DEN,2600,KC@DEN,0,FG_superbowl_exportin.csv
2024,22,superbowl,WR,Dyami,Brown,WAS,WAS,2400,WAS@DAL,0,FG_superbowl_exportin.csv
2024,22,superbowl,WR,Amari,Cooper,BUF,BUF,2400,BUF@KC,0,FG_superbowl_exportin.csv
2024,22,superbowl,WR,Jahan,Dotson,PHI,PHI,2400,LA@PHI,0,FG_superbowl_exportin.csv
2024,22,superbowl,WR,Mack,Hollins,BUF,BUF,2400,BUF@NE,0,FG_superbowl_exportin.csv
2024,22,superbowl,WR,Allen,Lazard,NYJ,NYJ,2400,MIA@NYJ,0,FG_superbowl_exportin.csv
2024,22,superbowl,WR,John,Metchie III,HOU,HOU,2400,HOU@KC,0,FG_superbowl_exportin.csv
2024,22,superbowl,WR,Curtis,Samuel,BUF,BUF,2400,BUF@KC,0,FG_superbowl_exportin.csv
2024,22,superbowl,WR,Darius,Slayton,NYG,NYG,2400,NYG@PHI,0,FG_superbowl_exportin.csv
2024,22,superbowl,WR,Nelson,Agholor,BAL,BAL,2200,BAL@BUF,0,FG_superbowl_exportin.csv
2024,22,superbowl,WR,Nelson,Agholor,BAL,BAL,2200,PIT@BAL,0,FG_superbowl_exportin.csv
2024,22,superbowl,WR,Nelson,Agholor,BAL,BAL,2200,CLE@BAL,0,FG_superbowl_exportin.csv
2024,22,superbowl,WR,Jamal,Agnew,PIT,PIT,2200,PIT@BAL,0,FG_superbowl_exportin.csv
2024,22,superbowl,TE,Davis,Allen,LAR,LA,2200,SEA@LA,0,FG_superbowl_exportin.csv
2024,22,superbowl,WR,Tutu,Atwell,LAR,LA,2200,LA@PHI,0,FG_superbowl_exportin.csv
2024,22,superbowl,WR,Tutu,Atwell,LAR,LA,2200,MIN@LA,0,FG_superbowl_exportin.csv
2024,22,superbowl,WR,Tutu,Atwell,LAR,LA,2200,SEA@LA,0,FG_superbowl_exportin.csv
2024,22,superbowl,WR,Kevin,Austin Jr.,NO,NO,2200,NO@TB,0,FG_superbowl_exportin.csv
2024,22,superbowl,RB,TD,Ayo-Durojaiye,KC,KC,2200,KC@PHI,1,FG_superbowl_exportin.csv
2024,22,superbowl,RB,Tyler,Badie,DEN,DEN,2200,CLE@DEN,0,FG_superbowl_exportin.csv
2024,22,superbowl,WR,Jelani,Baker,BAL,BAL,2200,BAL@BUF,0,FG_superbowl_exportin.csv
2024,22,superbowl,WR,Jelani,Baker,BAL,BAL,2200,PIT@BAL,0,FG_superbowl_exportin.csv
2024,22,superbowl,WR,Javon,Baker,NE,NE,2200,BUF@NE,0,FG_superbowl_exportin.csv
2024,22,superbowl,TE,AJ,Barner,SEA,SEA,2200,SEA@LA,0,FG_superbowl_exportin.csv
2024,22,superbowl,TE,Jaheim,Bell,NE,NE,2200,BUF@NE,0,FG_superbowl_exportin.csv
2024,22,superbowl,WR,Chris,Blair,ATL,ATL,2200,CAR@ATL,0,FG_superbowl_exportin.csv
2024,22,superbowl,RB,Khari,Blasingame,PHI,PHI,2200,KC@PHI,1,FG_superbowl_exportin.csv
2024,22,superbowl,WR,Jake,Bobo,SEA,SEA,2200,SEA@LA,0,FG_superbowl_exportin.csv
2024,22,superbowl,WR,Tyler,Boyd,TEN,TEN,2200,HOU@TEN,0,FG_superbowl_exportin.csv
2024,22,superbowl,WR,Phillip,Brooks,KC,KC,2200,KC@PHI,1,FG_superbowl_exportin.csv
2024,22,superbowl,WR,Phillip,Brooks,KC,KC,2200,BUF@KC,0,FG_superbowl_exportin.csv
2024,22,superbowl,WR,Phillip,Brooks,KC,KC,2200,HOU@KC,0,FG_superbowl_exportin.csv
2024,22,superbowl,WR,Jalen,Brooks,DAL,DAL,2200,WAS@DAL,0,FG_superbowl_exportin.csv
2024,22,superbowl,WR,Reggie,Brown,KC,KC,2200,KC@PHI,1,FG_superbowl_exportin.csv
2024,22,superbowl,WR,Ahmarean,Brown,BUF,BUF,2200,BUF@KC,0,FG_superbowl_exportin.csv
2024,22,superbowl,WR,Reggie,Brown,KC,KC,2200,BUF@KC,0,FG_superbowl_exportin.csv
2024,22,superbowl,WR,Reggie,Brown,KC,KC,2200,HOU@KC,0,FG_superbowl_exportin.csv
2024,22,superbowl,WR,Ahmarean,Brown,BUF,BUF,2200,BAL@BUF,0,FG_superbowl_exportin.csv
2024,22,superbowl,WR,Ahmarean,Brown,BUF,BUF,2200,DEN@BUF,0,FG_superbowl_exportin.csv
2024,22,superbowl,WR,Dyami,Brown,WAS,WAS,2200,WAS@TB,0,FG_superbowl_exportin.csv
2024,22,superbowl,TE,Pharaoh,Brown,SEA,SEA,2200,SEA@LA,0,FG_superbowl_exportin.csv
2024,22,superbowl,WR,Jason,Brownlee,KC,KC,2200,BUF@KC,0,FG_superbowl_exportin.csv
2024,22,superbowl,WR,Martavis,Bryant,WAS,WAS,2200,WAS@PHI,0,FG_superbowl_exportin.csv
2024,22,superbowl,WR,Martavis,Bryant,WAS,WAS,2200,WAS@DET,0,FG_superbowl_exportin.csv
2024,22,superbowl,WR,Martavis,Bryant,WAS,WAS,2200,WAS@TB,0,FG_superbowl_exportin.csv
2024,22,superbowl,TE,Harrison,Bryant,LV,LV,2200,LAC@LV,0,FG_superbowl_exportin.csv
2024,22,superbowl,WR,Jermaine,Burton,CIN,CIN,2200,CIN@PIT,0,FG_superbowl_exportin.csv
2024,22,superbowl,RB,Michael,Burton,DEN,DEN,2200,CLE@DEN,0,FG_superbowl_exportin.csv
2024,22,superbowl,WR,Damiere,Byrd,BUF,BUF,2200,BUF@KC,0,FG_superbowl_exportin.csv
2024,22,superbowl,WR,Damiere,Byrd,BUF,BUF,2200,BAL@BUF,0,FG_superbowl_exportin.csv
2024,22,superbowl,WR,Damiere,Byrd,BUF,BUF,2200,DEN@BUF,0,FG_superbowl_exportin.csv
2024,22,superbowl,TE,Grant,Calcaterra,PHI,PHI,2200,KC@PHI,1,FG_superbowl_exportin.csv
2024,22,superbowl,WR,Jalon,Calhoun,DET,DET,2200,WAS@DET,0,FG_superbowl_exportin.csv
2024,22,superbowl,WR,Parris,Campbell,PHI,PHI,2200,KC@PHI,1,FG_superbowl_exportin.csv
2024,22,superbowl,WR,Parris,Campbell,PHI,PHI,2200,WAS@PHI,0,FG_superbowl_exportin.csv
2024,22,superbowl,WR,Parris,Campbell,PHI,PHI,2200,LA@PHI,0,FG_superbowl_exportin.csv
2024,22,superbowl,WR,Caleb,Chapman,TB,TB,2200,WAS@TB,0,FG_superbowl_exportin.csv
2024,22,superbowl,WR,DJ,Chark Jr.,LAC,LAC,2200,LAC@LV,0,FG_superbowl_exportin.csv
2024,22,superbowl,WR,Dan,Chisena,CAR,CAR,2200,CAR@ATL,0,FG_superbowl_exportin.csv
2024,22,superbowl,WR,Chase,Claypool,BUF,BUF,2200,BUF@KC,0,FG_superbowl_exportin.csv
2024,22,superbowl,WR,Chase,Claypool,BUF,BUF,2200,BAL@BUF,0,FG_superbowl_exportin.csv
2024,22,superbowl,WR,Chase,Claypool,BUF,BUF,2200,DEN@BUF,0,FG_superbowl_exportin.csv
2024,22,superbowl,WR,Chris,Conley,SF,SF,2200,SF@ARI,0,FG_superbowl_exportin.csv
2024,22,superbowl,TE,Tanner,Conner,MIA,MIA,2200,MIA@NYJ,0,FG_superbowl_exportin.csv
2024,22,superbowl,WR,Jacob,Copeland,PIT,PIT,2200,PIT@BAL,0,FG_superbowl_exportin.csv
2024,22,superbowl,WR,Malachi,Corley,NYJ,NYJ,2200,MIA@NYJ,0,FG_superbowl_exportin.csv
2024,22,superbowl,WR,Britain,Covey,PHI,PHI,2200,KC@PHI,1,FG_superbowl_exportin.csv
2024,22,superbowl,WR,Britain,Covey,PHI,PHI,2200,NYG@PHI,0,FG_superbowl_exportin.csv
2024,22,superbowl,WR,Jacob,Cowing,SF,SF,2200,SF@ARI,0,FG_superbowl_exportin.csv
2024,22,superbowl,WR,River,Cracraft,MIA,MIA,2200,MIA@NYJ,0,FG_superbowl_exportin.csv
2024,22,superbowl,WR,Jamison,Crowder,WAS,WAS,2200,WAS@DET,0,FG_superbowl_exportin.csv
2024,22,superbowl,WR,Jamison,Crowder,WAS,WAS,2200,WAS@TB,0,FG_superbowl_exportin.csv
2024,22,superbowl,WR,Jamison,Crowder,WAS,WAS,2200,WAS@DAL,0,FG_superbowl_exportin.csv
2024,22,superbowl,WR,Jaelon,Darden,SEA,SEA,2200,SEA@LA,0,FG_superbowl_exportin.csv
2024,22,superbowl,WR,Davion,Davis,WAS,WAS,2200,WAS@PHI,0,FG_superbowl_exportin.csv
2024,22,superbowl,WR,Davion,Davis,WAS,WAS,2200,WAS@DET,0,FG_superbowl_exportin.csv
2024,22,superbowl,WR,Shaquan,Davis,PIT,PIT,2200,PIT@BAL,0,FG_superbowl_exportin.csv
2024,22,superbowl,WR,Davion,Davis,WAS,WAS,2200,WAS@TB,0,FG_superbowl_exportin.csv
2024,22,superbowl,WR,Derius,Davis,LAC,LAC,2200,LAC@LV,0,FG_superbowl_exportin.csv
2024,22,superbowl,WR,Greg,Dortch,ARI,ARI,2200,SF@ARI,0,FG_superbowl_exportin.csv
2024,22,superbowl,WR,Jahan,Dotson,PHI,PHI,2200,KC@PHI,1,FG_superbowl_exportin.csv
2024,22,superbowl,WR,Jahan,Dotson,PHI,PHI,2200,WAS@PHI,0,FG_superbowl_exportin.csv
2024,22,superbowl,WR,Jahan,Dotson,PHI,PHI,2200,GB@PHI,0,FG_superbowl_exportin.csv
2024,22,superbowl,WR,Jahan,Dotson,PHI,PHI,2200,NYG@PHI,0,FG_superbowl_exportin.csv
2024,22,superbowl,WR,Colton,Dowell,TEN,TEN,2200,HOU@TEN,0,FG_superbowl_exportin.csv
2024,22,superbowl,WR,Ashton,Dulin,IND,IND,2200,JAC@IND,0,FG_superbowl_exportin.csv
2024,22,superbowl,WR,Devin,Duvernay,JAX,JAC,2200,JAC@IND,0,FG_superbowl_exportin.csv
2024,22,superbowl,WR,Dee,Eskridge,MIA,MIA,2200,MIA@NYJ,0,FG_superbowl_exportin.csv
2024,22,superbowl,RB,Audric,Estime,DEN,DEN,2200,CLE@DEN,0,FG_superbowl_exportin.csv
2024,22,superbowl,WR,Erik,Ezukanma,MIA,MIA,2200,MIA@NYJ,0,FG_superbowl_exportin.csv
2024,22,superbowl,WR,Simi,Fehoko,LAC,LAC,2200,LAC@HOU,0,FG_superbowl_exportin.csv
2024,22,superbowl,WR,Simi,Fehoko,LAC,LAC,2200,LAC@LV,0,FG_superbowl_exportin.csv
2024,22,superbowl,TE,Tucker,Fisk,LAC,LAC,2200,LAC@LV,0,FG_superbowl_exportin.csv
2024,22,superbowl,WR,Ryan,Flournoy,DAL,DAL,2200,WAS@DAL,0,FG_superbowl_exportin.csv
2024,22,superbowl,TE,Kevin,Foelsch,PHI,PHI,2200,KC@PHI,1,FG_superbowl_exportin.csv
2024,22,superbowl,WR,Bryce,Ford-Wheaton,NYG,NYG,2200,NYG@PHI,0,FG_superbowl_exportin.csv
2024,22,superbowl,WR,Daurice,Fountain,DET,DET,2200,WAS@DET,0,FG_superbowl_exportin.csv
2024,22,superbowl,WR,Troy,Franklin,DEN,DEN,2200,DEN@BUF,0,FG_superbowl_exportin.csv
2024,22,superbowl,WR,Troy,Franklin,DEN,DEN,2200,KC@DEN,0,FG_superbowl_exportin.csv
2024,22,superbowl,WR,Troy,Franklin,DEN,DEN,2200,CLE@DEN,0,FG_superbowl_exportin.csv
2024,22,superbowl,RB,Kenneth,Gainwell,PHI,PHI,2200,KC@PHI,1,FG_superbowl_exportin.csv
2024,22,superbowl,WR,Daniel,George,KC,KC,2200,KC@PHI,1,FG_superbowl_exportin.csv
2024,22,superbowl,WR,Daniel,George,KC,KC,2200,BUF@KC,0,FG_superbowl_exportin.csv
2024,22,superbowl,WR,Daniel,George,KC,KC,2200,HOU@KC,0,FG_superbowl_exportin.csv
2024,22,superbowl,WR,Xavier,Gipson,NYJ,NYJ,2200,MIA@NYJ,0,FG_superbowl_exportin.csv
2024,22,superbowl,WR,Anthony,Gould,IND,IND,2200,JAC@IND,0,FG_superbowl_exportin.csv
2024,22,superbowl,TE,Cam,Grandy,CIN,CIN,2200,CIN@PIT,0,FG_superbowl_exportin.csv
2024,22,superbowl,TE,Noah,Gray,KC,KC,2200,KC@PHI,1,FG_superbowl_exportin.csv
2024,22,superbowl,WR,Justin,Hall,MIN,MIN,2200,MIN@LA,0,FG_superbowl_exportin.csv
2024,22,superbowl,WR,Mecole,Hardman,KC,KC,2200,BUF@KC,0,FG_superbowl_exportin.csv
2024,22,superbowl,WR,Mecole,Hardman,KC,KC,2200,KC@DEN,0,FG_superbowl_exportin.csv
2024,22,superbowl,WR,DeAngelo,Hardy,BAL,BAL,2200,BAL@BUF,0,FG_superbowl_exportin.csv
2024,22,superbowl,WR,DeAngelo,Hardy,BAL,BAL,2200,PIT@BAL,0,FG_superbowl_exportin.csv
2024,22,superbowl,WR,Devron,Harper,MIN,MIN,2200,MIN@LA,0,FG_superbowl_exportin.csv
2024,22,superbowl,WR,Jacob,Harris,PHI,PHI,2200,KC@PHI,1,FG_superbowl_exportin.csv
2024,22,superbowl,WR,Jacob,Harris,PHI,PHI,2200,WAS@PHI,0,FG_superbowl_exportin.csv
2024,22,superbowl,WR,Jacob,Harris,PHI,PHI,2200,LA@PHI,0,FG_superbowl_exportin.csv
2024,22,superbowl,WR,Jacob,Harris,PHI,PHI,2200,GB@PHI,0,FG_superbowl_exportin.csv
2024,22,superbowl,WR,Deonte,Harty,BAL,BAL,2200,BAL@BUF,0,FG_superbowl_exportin.csv
2024,22,superbowl,WR,Deonte,Harty,BAL,BAL,2200,PIT@BAL,0,FG_superbowl_exportin.csv
2024,22,superbowl,WR,Deonte,Harty,BAL,BAL,2200,CLE@BAL,0,FG_superbowl_exportin.csv
2024,22,superbowl,WR,Jaaron,Hayek,KC,KC,2200,KC@PHI,1,FG_superbowl_exportin.csv
2024,22,superbowl,WR,Jaaron,Hayek,KC,KC,2200,BUF@KC,0,FG_superbowl_exportin.csv
2024,22,superbowl,WR,Jaaron,Hayek,KC,KC,2200,HOU@KC,0,FG_superbowl_exportin.csv
2024,22,superbowl,WR,Malik,Heath,GB,GB,2200,GB@PHI,0,FG_superbowl_exportin.csv
2024,22,superbowl,WR,Malik,Heath,GB,GB,2200,CHI@GB,0,FG_superbowl_exportin.csv
2024,22,superbowl,WR,Griffin,Hebert,PHI,PHI,2200,KC@PHI,1,FG_superbowl_exportin.csv
2024,22,superbowl,WR,Griffin,Hebert,PHI,PHI,2200,WAS@PHI,0,FG_superbowl_exportin.csv
2024,22,superbowl,WR,Griffin,Hebert,PHI,PHI,2200,LA@PHI,0,FG_superbowl_exportin.csv
2024,22,superbowl,WR,Griffin,Hebert,PHI,PHI,2200,GB@PHI,0,FG_superbowl_exportin.csv
2024,22,superbowl,TE,Peyton,Hendershot,KC,KC,2200,KC@PHI,1,FG_superbowl_exportin.csv
2024,22,superbowl,TE,Connor,Heyward,PIT,PIT,2200,CIN@PIT,0,FG_superbowl_exportin.csv
2024,22,superbowl,TE,Tyler,Higbee,LAR,LA,2200,SEA@LA,0,FG_superbowl_exportin.csv
2024,22,superbowl,TE,Julian,Hill,MIA,MIA,2200,MIA@NYJ,0,FG_superbowl_exportin.csv
2024,22,superbowl,RB,Nyheim,Hines,CLE,CLE,2200,CLE@DEN,0,FG_superbowl_exportin.csv
2024,22,superbowl,WR,KhaDarel,Hodge,ATL,ATL,2200,CAR@ATL,0,FG_superbowl_exportin.csv
2024,22,superbowl,WR,Mack,Hollins,BUF,BUF,2200,BUF@KC,0,FG_superbowl_exportin.csv
2024,22,superbowl,WR,Mack,Hollins,BUF,BUF,2200,BAL@BUF,0,FG_superbowl_exportin.csv
2024,22,superbowl,WR,Mack,Hollins,BUF,BUF,2200,DEN@BUF,0,FG_superbowl_exportin.csv
2024,22,superbowl,TE,Tanner,Hudson,CIN,CIN,2200,CIN@PIT,0,FG_superbowl_exportin.csv
2024,22,superbowl,WR,Lil'Jordan,Humphrey,DEN,DEN,2200,DEN@BUF,0,FG_superbowl_exportin.csv
2024,22,superbowl,WR,Lil'Jordan,Humphrey,DEN,DEN,2200,KC@DEN,0,FG_superbowl_exportin.csv
2024,22,superbowl,TE,Hayden,Hurst,LAC,LAC,2200,LAC@LV,0,FG_superbowl_exportin.csv
2024,22,superbowl,WR,Xavier,Hutchinson,HOU,HOU,2200,HOU@KC,0,FG_superbowl_exportin.csv
2024,22,superbowl,WR,Xavier,Hutchinson,HOU,HOU,2200,LAC@HOU,0,FG_superbowl_exportin.csv
2024,22,superbowl,WR,Xavier,Hutchinson,HOU,HOU,2200,HOU@TEN,0,FG_superbowl_exportin.csv
2024,22,superbowl,WR,Jalin,Hyatt,NYG,NYG,2200,NYG@PHI,0,FG_superbowl_exportin.csv
2024,22,superbowl,WR,Andy,Isabella,PIT,PIT,2200,PIT@BAL,0,FG_superbowl_exportin.csv
2024,22,superbowl,WR,Jha'Quan,Jackson,TEN,TEN,2200,HOU@TEN,0,FG_superbowl_exportin.csv
2024,22,superbowl,WR,Ty,James,MIN,MIN,2200,MIN@LA,0,FG_superbowl_exportin.csv
2024,22,superbowl,WR,Jadon,Janke,HOU,HOU,2200,HOU@KC,0,FG_superbowl_exportin.csv
2024,22,superbowl,WR,Jadon,Janke,HOU,HOU,2200,LAC@HOU,0,FG_superbowl_exportin.csv
2024,22,superbowl,WR,Rakim,Jarrett,TB,TB,2200,WAS@TB,0,FG_superbowl_exportin.csv
2024,22,superbowl,WR,Rakim,Jarrett,TB,TB,2200,NO@TB,0,FG_superbowl_exportin.csv
2024,22,superbowl,WR,Van,Jefferson,PIT,PIT,2200,PIT@BAL,0,FG_superbowl_exportin.csv
2024,22,superbowl,WR,Van,Jefferson,PIT,PIT,2200,CIN@PIT,0,FG_superbowl_exportin.csv
2024,22,superbowl,TE,E.J.,Jenkins,PHI,PHI,2200,KC@PHI,1,FG_superbowl_exportin.csv
2024,22,superbowl,WR,Jaray,Jenkins,PIT,PIT,2200,PIT@BAL,0,FG_superbowl_exportin.csv
2024,22,superbowl,WR,Tyler,Johnson,LAR,LA,2200,LA@PHI,0,FG_superbowl_exportin.csv
2024,22,superbowl,WR,Leon,Johnson,LAC,LAC,2200,LAC@HOU,0,FG_superbowl_exportin.csv
2024,22,superbowl,WR,Diontae,Johnson,HOU,HOU,2200,LAC@HOU,0,FG_superbowl_exportin.csv
2024,22,superbowl,WR,Brandon,Johnson,PIT,PIT,2200,PIT@BAL,0,FG_superbowl_exportin.csv
2024,22,superbowl,WR,Kameron,Johnson,TB,TB,2200,WAS@TB,0,FG_superbowl_exportin.csv
2024,22,superbowl,WR,Tyler,Johnson,LAR,LA,2200,MIN@LA,0,FG_superbowl_exportin.csv
2024,22,superbowl,WR,Collin,Johnson,CHI,CHI,2200,CHI@GB,0,FG_superbowl_exportin.csv
2024,22,superbowl,WR,Kameron,Johnson,TB,TB,2200,NO@TB,0,FG_superbowl_exportin.csv
2024,22,superbowl,WR,Diontae,Johnson,HOU,HOU,2200,HOU@TEN,0,FG_superbowl_exportin.csv
2024,22,superbowl,WR,Tyler,Johnson,LAR,LA,2200,SEA@LA,0,FG_superbowl_exportin.csv
2024,22,superbowl,WR,Cephus,Johnson III,TB,TB,2200,WAS@TB,0,FG_superbowl_exportin.csv
2024,22,superbowl,WR,Latreal,Jones,TB,TB,2200,WAS@TB,0,FG_superbowl_exportin.csv
2024,22,superbowl,WR,Tim,Jones,JAX,JAC,2200,JAC@IND,0,FG_superbowl_exportin.csv
2024,22,superbowl,WR,Zay,Jones,ARI,ARI,2200,SF@ARI,0,FG_superbowl_exportin.csv
2024,22,superbowl,WR,Charlie,Jones,CIN,CIN,2200,CIN@PIT,0,FG_superbowl_exportin.csv
2024,22,superbowl,WR,Velus,Jones Jr.,CAR,CAR,2200,CAR@ATL,0,FG_superbowl_exportin.csv
2024,22,superbowl,WR,Talik,Keaton,PHI,PHI,2200,KC@PHI,1,FG_superbowl_exportin.csv
2024,22,superbowl,WR,Talik,Keaton,PHI,PHI,2200,WAS@PHI,0,FG_superbowl_exportin.csv
2024,22,superbowl,WR,Talik,Keaton,PHI,PHI,2200,LA@PHI,0,FG_superbowl_exportin.csv
2024,22,superbowl,WR,Talik,Keaton,PHI,PHI,2200,GB@PHI,0,FG_superbowl_exportin.csv
2024,22,superbowl,WR,Tom,Kennedy,DET,DET,2200,MIN@DET,0,FG_superbowl_exportin.csv
2024,22,superbowl,WR,Lawrence,Keys III,BUF,BUF,2200,BUF@KC,0,FG_superbowl_exportin.csv
2024,22,superbowl,WR,Lawrence,Keys III,BUF,BUF,2200,BAL@BUF,0,FG_superbowl_exportin.csv
2024,22,superbowl,WR,Lawrence,Keys III,BUF,BUF,2200,DEN@BUF,0,FG_superbowl_exportin.csv
2024,22,superbowl,WR,Ramel,Keyton,LV,LV,2200,LAC@LV,0,FG_superbowl_exportin.csv
2024,22,superbowl,WR,Mason,Kinsey,TEN,TEN,2200,HOU@TEN,0,FG_superbowl_exportin.csv
2024,22,superbowl,WR,Malik,Knowles,GB,GB,2200,GB@PHI,0,FG_superbowl_exportin.csv
2024,22,superbowl,TE,Dawson,Knox,BUF,BUF,2200,BUF@NE,0,FG_superbowl_exportin.csv
2024,22,superbowl,WR,JJ,Laap,LAR,LA,2200,LA@PHI,0,FG_superbowl_exportin.csv
2024,22,superbowl,WR,JJ,Laap,LAR,LA,2200,MIN@LA,0,FG_superbowl_exportin.csv
2024,22,superbowl,WR,Tyler,Lockett,SEA,SEA,2200,SEA@LA,0,FG_superbowl_exportin.csv
2024,22,superbowl,TE,Hunter,Long,LAR,LA,2200,SEA@LA,0,FG_superbowl_exportin.csv
2024,22,superbowl,WR,Terrace,Marshall Jr.,LV,LV,2200,LAC@LV,0,FG_superbowl_exportin.csv
2024,22,superbowl,WR,Zach,Mathis,KC,KC,2200,KC@PHI,1,FG_superbowl_exportin.csv
2024,22,superbowl,WR,Zach,Mathis,KC,KC,2200,BUF@KC,0,FG_superbowl_exportin.csv
2024,22,superbowl,WR,Zach,Mathis,KC,KC,2200,HOU@KC,0,FG_superbowl_exportin.csv
2024,22,superbowl,TE,Michael,Mayer,LV,LV,2200,LAC@LV,0,FG_superbowl_exportin.csv
2024,22,superbowl,WR,Luke,McCaffrey,WAS,WAS,2200,WAS@PHI,0,FG_superbowl_exportin.csv
2024,22,superbowl,WR,Luke,McCaffrey,WAS,WAS,2200,WAS@DET,0,FG_superbowl_exportin.csv
2024,22,superbowl,WR,Luke,McCaffrey,WAS,WAS,2200,WAS@TB,0,FG_superbowl_exportin.csv
2024,22,superbowl,WR,Luke,McCaffrey,WAS,WAS,2200,WAS@DAL,0,FG_superbowl_exportin.csv
2024,22,superbowl,WR,Lance,McCutcheon,PIT,PIT,2200,PIT@BAL,0,FG_superbowl_exportin.csv
2024,22,superbowl,TE,Tanner,McLachlan,CIN,CIN,2200,CIN@PIT,0,FG_superbowl_exportin.csv
2024,22,superbowl,WR,Bo,Melton,GB,GB,2200,GB@PHI,0,FG_superbowl_exportin.csv
2024,22,superbowl,WR,Bo,Melton,GB,GB,2200,CHI@GB,0,FG_superbowl_exportin.csv
2024,22,superbowl,WR,John,Metchie III,HOU,HOU,2200,LAC@HOU,0,FG_superbowl_exportin.csv
2024,22,superbowl,WR,Scotty,Miller,PIT,PIT,2200,PIT@BAL,0,FG_superbowl_exportin.csv
2024,22,superbowl,WR,Ryan,Miller,TB,TB,2200,WAS@TB,0,FG_superbowl_exportin.csv
2024,22,superbowl,WR,Ryan,Miller,TB,TB,2200,NO@TB,0,FG_superbowl_exportin.csv
2024,22,superbowl,WR,Scotty,Miller,PIT,PIT,2200,CIN@PIT,0,FG_superbowl_exportin.csv
2024,22,superbowl,WR,Jonathan,Mingo,DAL,DAL,2200,WAS@DAL,0,FG_superbowl_exportin.csv
2024,22,superbowl,WR,Adonai,Mitchell,IND,IND,2200,JAC@IND,0,FG_superbowl_exportin.csv
2024,22,superbowl,WR,Elijah,Moore,CLE,CLE,2200,CLE@BAL,0,FG_superbowl_exportin.csv
2024,22,superbowl,WR,Skyy,Moore,KC,KC,2200,KC@DEN,0,FG_superbowl_exportin.csv
2024,22,superbowl,WR,Jaylon,Moore,JAX,JAC,2200,JAC@IND,0,FG_superbowl_exportin.csv
2024,22,superbowl,TE,Quintin,Morris,BUF,BUF,2200,BUF@NE,0,FG_superbowl_exportin.csv
2024,22,superbowl,WR,Jalen,Nailor,MIN,MIN,2200,MIN@LA,0,FG_superbowl_exportin.csv
2024,22,superbowl,WR,Jalen,Nailor,MIN,MIN,2200,MIN@DET,0,FG_superbowl_exportin.csv
2024,22,superbowl,WR,Joseph,Ngata,PHI,PHI,2200,KC@PHI,1,FG_superbowl_exportin.csv
2024,22,superbowl,WR,Joseph,Ngata,PHI,PHI,2200,WAS@PHI,0,FG_superbowl_exportin.csv
2024,22,superbowl,WR,Joseph,Ngata,PHI,PHI,2200,LA@PHI,0,FG_superbowl_exportin.csv
2024,22,superbowl,WR,Joseph,Ngata,PHI,PHI,2200,GB@PHI,0,FG_superbowl_exportin.csv
2024,22,superbowl,RB,Lew,Nichols,PHI,PHI,2200,KC@PHI,1,FG_superbowl_exportin.csv
2024,22,superbowl,WR,Bryce,Oliver,TEN,TEN,2200,HOU@TEN,0,FG_superbowl_exportin.csv
2024,22,superbowl,WR,Gunner,Olszewski,NYG,NYG,2200,NYG@PHI,0,FG_superbowl_exportin.csv
2024,22,superbowl,WR,K.J.,Osborn,WAS,WAS,2200,WAS@PHI,0,FG_superbowl_exportin.csv
2024,22,superbowl,WR,K.J.,Osborn,WAS,WAS,2200,WAS@DET,0,FG_superbowl_exportin.csv
2024,22,superbowl,WR,K.J.,Osborn,WAS,WAS,2200,WAS@TB,0,FG_superbowl_exportin.csv
2024,22,superbowl,WR,K.J.,Osborn,WAS,WAS,2200,WAS@DAL,0,FG_superbowl_exportin.csv
2024,22,superbowl,WR,Trey,Palmer,TB,TB,2200,WAS@TB,0,FG_superbowl_exportin.csv
2024,22,superbowl,WR,Trey,Palmer,TB,TB,2200,NO@TB,0,FG_superbowl_exportin.csv
2024,22,superbowl,TE,Colby,Parkinson,LAR,LA,2200,SEA@LA,0,FG_superbowl_exportin.csv
2024,22,superbowl,WR,Zach,Pascal,ARI,ARI,2200,SF@ARI,0,FG_superbowl_exportin.csv
2024,22,superbowl,WR,Tim,Patrick,DET,DET,2200,WAS@DET,0,FG_superbowl_exportin.csv
2024,22,superbowl,WR,Ricky,Pearsall,SF,SF,2200,SF@ARI,0,FG_superbowl_exportin.csv
2024,22,superbowl,RB,Samaje,Perine,KC,KC,2200,KC@PHI,1,FG_superbowl_exportin.csv
2024,22,superbowl,WR,Dante,Pettis,NO,NO,2200,NO@TB,0,FG_superbowl_exportin.csv
2024,22,superbowl,WR,Ja'Lynn,Polk,NE,NE,2200,BUF@NE,0,FG_superbowl_exportin.csv
2024,22,superbowl,RB,Trey,Potts,KC,KC,2200,KC@PHI,1,FG_superbowl_exportin.csv
2024,22,superbowl,WR,Brandon,Powell,MIN,MIN,2200,MIN@LA,0,FG_superbowl_exportin.csv
2024,22,superbowl,WR,Brandon,Powell,MIN,MIN,2200,MIN@DET,0,FG_superbowl_exportin.csv
2024,22,superbowl,WR,Byron,Pringle,WAS,WAS,2200,WAS@PHI,0,FG_superbowl_exportin.csv
2024,22,superbowl,WR,Byron,Pringle,WAS,WAS,2200,WAS@DET,0,FG_superbowl_exportin.csv
2024,22,superbowl,WR,Byron,Pringle,WAS,WAS,2200,WAS@TB,0,FG_superbowl_exportin.csv
2024,22,superbowl,WR,James,Proche II,CLE,CLE,2200,CLE@BAL,0,FG_superbowl_exportin.csv
2024,22,superbowl,TE,MyCole,Pruitt,PIT,PIT,2200,CIN@PIT,0,FG_superbowl_exportin.csv
2024,22,superbowl,WR,Kalif,Raymond,DET,DET,2200,WAS@DET,0,FG_superbowl_exportin.csv
2024,22,superbowl,WR,Kalif,Raymond,DET,DET,2200,MIN@DET,0,FG_superbowl_exportin.csv
2024,22,superbowl,WR,Jalen,Reagor,LAC,LAC,2200,LAC@HOU,0,FG_superbowl_exportin.csv
2024,22,superbowl,WR,Nikko,Remigio,KC,KC,2200,KC@PHI,1,FG_superbowl_exportin.csv
2024,22,superbowl,WR,Nikko,Remigio,KC,KC,2200,BUF@KC,0,FG_superbowl_exportin.csv
2024,22,superbowl,WR,Nikko,Remigio,KC,KC,2200,HOU@KC,0,FG_superbowl_exportin.csv
2024,22,superbowl,WR,Nikko,Remigio,KC,KC,2200,KC@DEN,0,FG_superbowl_exportin.csv
2024,22,superbowl,WR,Josh,Reynolds,JAX,JAC,2200,JAC@IND,0,FG_superbowl_exportin.csv
2024,22,superbowl,WR,Josh,Reynolds,DEN,DEN,2200,CLE@DEN,0,FG_superbowl_exportin.csv
2024,22,superbowl,WR,Brenden,Rice,LAC,LAC,2200,LAC@HOU,0,FG_superbowl_exportin.csv
2024,22,superbowl,WR,Brenden,Rice,LAC,LAC,2200,LAC@LV,0,FG_superbowl_exportin.csv
2024,22,superbowl,WR,Allen,Robinson,DET,DET,2200,WAS@DET,0,FG_superbowl_exportin.csv
2024,22,superbowl,WR,Demarcus,Robinson,LAR,LA,2200,LA@PHI,0,FG_superbowl_exportin.csv
2024,22,superbowl,WR,Demarcus,Robinson,LAR,LA,2200,MIN@LA,0,FG_superbowl_exportin.csv
2024,22,superbowl,WR,Allen,Robinson,DET,DET,2200,MIN@DET,0,FG_superbowl_exportin.csv
2024,22,superbowl,WR,Demarcus,Robinson,LAR,LA,2200,SEA@LA,0,FG_superbowl_exportin.csv
2024,22,superbowl,WR,Marcus,Rosemy-Jacksaint,PHI,PHI,2200,KC@PHI,1,FG_superbowl_exportin.csv
2024,22,superbowl,WR,Marcus,Rosemy-Jacksaint,PHI,PHI,2200,WAS@PHI,0,FG_superbowl_exportin.csv
2024,22,superbowl,WR,Marcus,Rosemy-Jacksaint,PHI,PHI,2200,LA@PHI,0,FG_superbowl_exportin.csv
2024,22,superbowl,WR,Marcus,Rosemy-Jacksaint,PHI,PHI,2200,GB@PHI,0,FG_superbowl_exportin.csv
2024,22,superbowl,WR,Justyn,Ross,KC,KC,2200,KC@PHI,1,FG_superbowl_exportin.csv
2024,22,superbowl,WR,John,Ross,PHI,PHI,2200,KC@PHI,1,FG_superbowl_exportin.csv
2024,22,superbowl,WR,John,Ross,PHI,PHI,2200,WAS@PHI,0,FG_superbowl_exportin.csv
2024,22,superbowl,WR,John,Ross,PHI,PHI,2200,LA@PHI,0,FG_superbowl_exportin.csv
2024,22,superbowl,WR,John,Ross,PHI,PHI,2200,GB@PHI,0,FG_superbowl_exportin.csv
2024,22,superbowl,TE,Jeremy,Ruckert,NYJ,NYJ,2200,MIA@NYJ,0,FG_superbowl_exportin.csv
2024,22,superbowl,TE,Brady,Russell,SEA,SEA,2200,SEA@LA,0,FG_superbowl_exportin.csv
2024,22,superbowl,WR,Sean,Ryan,BAL,BAL,2200,BAL@BUF,0,FG_superbowl_exportin.csv
2024,22,superbowl,WR,Sean,Ryan,BAL,BAL,2200,PIT@BAL,0,FG_superbowl_exportin.csv
2024,22,superbowl,TE,Drew,Sample,CIN,CIN,2200,CIN@PIT,0,FG_superbowl_exportin.csv
2024,22,superbowl,WR,Curtis,Samuel,BUF,BUF,2200,DEN@BUF,0,FG_superbowl_exportin.csv
2024,22,superbowl,WR,Curtis,Samuel,BUF,BUF,2200,BUF@NE,0,FG_superbowl_exportin.csv
2024,22,superbowl,WR,Tyler,Scott,CHI,CHI,2200,CHI@GB,0,FG_superbowl_exportin.csv
2024,22,superbowl,RB,Mathieu,Severance,KC,KC,2200,KC@PHI,1,FG_superbowl_exportin.csv
2024,22,superbowl,WR,Kyle,Sheets,KC,KC,2200,KC@PHI,1,FG_superbowl_exportin.csv
2024,22,superbowl,WR,Kyle,Sheets,KC,KC,2200,BUF@KC,0,FG_superbowl_exportin.csv
2024,22,superbowl,WR,Kyle,Sheets,KC,KC,2200,HOU@KC,0,FG_superbowl_exportin.csv
2024,22,superbowl,TE,John Samuel,Shenker,LV,LV,2200,LAC@LV,0,FG_superbowl_exportin.csv
2024,22,superbowl,WR,Trent,Sherfield Sr.,MIN,MIN,2200,MIN@LA,0,FG_superbowl_exportin.csv
2024,22,superbowl,WR,Trent,Sherfield Sr.,MIN,MIN,2200,MIN@DET,0,FG_superbowl_exportin.csv
2024,22,superbowl,RB,Will,Shipley,PHI,PHI,2200,KC@PHI,1,FG_superbowl_exportin.csv
2024,22,superbowl,TE,Justin,Shorter,LV,LV,2200,LAC@LV,0,FG_superbowl_exportin.csv
2024,22,superbowl,WR,David,Sills V,DEN,DEN,2200,KC@DEN,0,FG_superbowl_exportin.csv
2024,22,superbowl,WR,Steven,Sims,BAL,BAL,2200,BAL@BUF,0,FG_superbowl_exportin.csv
2024,22,superbowl,WR,Steven,Sims,BAL,BAL,2200,PIT@BAL,0,FG_superbowl_exportin.csv
2024,22,superbowl,WR,Steven,Sims,BAL,BAL,2200,CLE@BAL,0,FG_superbowl_exportin.csv
2024,22,superbowl,WR,Ben,Skowronek,PIT,PIT,2200,PIT@BAL,0,FG_superbowl_exportin.csv
2024,22,superbowl,WR,Ben,Skowronek,PIT,PIT,2200,CIN@PIT,0,FG_superbowl_exportin.csv
2024,22,superbowl,TE,Stone,Smartt,LAC,LAC,2200,LAC@LV,0,FG_superbowl_exportin.csv
2024,22,superbowl,WR,Ainias,Smith,PHI,PHI,2200,KC@PHI,1,FG_superbowl_exportin.csv
2024,22,superbowl,WR,Ainias,Smith,PHI,PHI,2200,WAS@PHI,0,FG_superbowl_exportin.csv
2024,22,superbowl,WR,Tre'Quan,Smith,DET,DET,2200,WAS@DET,0,FG_superbowl_exportin.csv
2024,22,superbowl,WR,Xavier,Smith,LAR,LA,2200,LA@PHI,0,FG_superbowl_exportin.csv
2024,22,superbowl,WR,Ainias,Smith,PHI,PHI,2200,LA@PHI,0,FG_superbowl_exportin.csv
2024,22,superbowl,WR,Ainias,Smith,PHI,PHI,2200,GB@PHI,0,FG_superbowl_exportin.csv
2024,22,superbowl,WR,Xavier,Smith,LAR,LA,2200,MIN@LA,0,FG_superbowl_exportin.csv
2024,22,superbowl,WR,Ainias,Smith,PHI,PHI,2200,NYG@PHI,0,FG_superbowl_exportin.csv
2024,22,superbowl,WR,Xavier,Smith,LAR,LA,2200,SEA@LA,0,FG_superbowl_exportin.csv
2024,22,superbowl,WR,Ihmir,Smith-Marsette,NYG,NYG,2200,NYG@PHI,0,FG_superbowl_exportin.csv
2024,22,superbowl,WR,JuJu,Smith-Schuster,KC,KC,2200,KC@PHI,1,FG_superbowl_exportin.csv
2024,22,superbowl,WR,JuJu,Smith-Schuster,KC,KC,2200,BUF@KC,0,FG_superbowl_exportin.csv
2024,22,superbowl,WR,JuJu,Smith-Schuster,KC,KC,2200,HOU@KC,0,FG_superbowl_exportin.csv
2024,22,superbowl,WR,JuJu,Smith-Schuster,KC,KC,2200,KC@DEN,0,FG_superbowl_exportin.csv
2024,22,superbowl,TE,Durham,Smythe,MIA,MIA,2200,MIA@NYJ,0,FG_superbowl_exportin.csv
2024,22,superbowl,TE,Geor'Quarius,Spivey,KC,KC,2200,KC@PHI,1,FG_superbowl_exportin.csv
2024,22,superbowl,WR,Dimitri,Stanley,GB,GB,2200,GB@PHI,0,FG_superbowl_exportin.csv
2024,22,superbowl,WR,Rory,Starkey,GB,GB,2200,GB@PHI,0,FG_superbowl_exportin.csv
2024,22,superbowl,RB,Carson,Steele,KC,KC,2200,KC@PHI,1,FG_superbowl_exportin.csv
2024,22,superbowl,TE,Jack,Stoll,MIA,MIA,2200,MIA@NYJ,0,FG_superbowl_exportin.csv
2024,22,superbowl,WR,Michael,Strachan,WAS,WAS,2200,WAS@DET,0,FG_superbowl_exportin.csv
2024,22,superbowl,WR,Michael,Strachan,WAS,WAS,2200,WAS@TB,0,FG_superbowl_exportin.csv
2024,22,superbowl,WR,Deven,Thompkins,CAR,CAR,2200,CAR@ATL,0,FG_superbowl_exportin.csv
2024,22,superbowl,WR,Bryan,Thompson,BUF,BUF,2200,BUF@KC,0,FG_superbowl_exportin.csv
2024,22,superbowl,WR,Bryan,Thompson,BUF,BUF,2200,BAL@BUF,0,FG_superbowl_exportin.csv
2024,22,superbowl,WR,Bryan,Thompson,BUF,BUF,2200,DEN@BUF,0,FG_superbowl_exportin.csv
2024,22,superbowl,WR,Jamari,Thrash,CLE,CLE,2200,CLE@BAL,0,FG_superbowl_exportin.csv
2024,22,superbowl,WR,Mason,Tipton,NO,NO,2200,NO@TB,0,FG_superbowl_exportin.csv
2024,22,superbowl,TE,Robert,Tonyan,KC,KC,2200,KC@PHI,1,FG_superbowl_exportin.csv
2024,22,superbowl,WR,Brycen,Tremayne,WAS,WAS,2200,WAS@DAL,0,FG_superbowl_exportin.csv
2024,22,superbowl,WR,DJ,Turner,LV,LV,2200,LAC@LV,0,FG_superbowl_exportin.csv
2024,22,superbowl,WR,Lincoln,Victor,DEN,DEN,2200,DEN@BUF,0,FG_superbowl_exportin.csv
2024,22,superbowl,WR,Jalen,Virgil,BUF,BUF,2200,BUF@KC,0,FG_superbowl_exportin.csv
2024,22,superbowl,WR,Xavier,Wade,PIT,PIT,2200,PIT@BAL,0,FG_superbowl_exportin.csv
2024,22,superbowl,WR,Devontez,Walker,BAL,BAL,2200,BAL@BUF,0,FG_superbowl_exportin.csv
2024,22,superbowl,WR,Devontez,Walker,BAL,BAL,2200,PIT@BAL,0,FG_superbowl_exportin.csv
2024,22,superbowl,WR,Devontez,Walker,BAL,BAL,2200,CLE@BAL,0,FG_superbowl_exportin.csv
2024,22,superbowl,WR,Tylan,Wallace,BAL,BAL,2200,BAL@BUF,0,FG_superbowl_exportin.csv
2024,22,superbowl,WR,Tylan,Wallace,BAL,BAL,2200,PIT@BAL,0,FG_superbowl_exportin.csv
2024,22,superbowl,WR,Tylan,Wallace,BAL,BAL,2200,CLE@BAL,0,FG_superbowl_exportin.csv
2024,22,superbowl,WR,Isaiah,Washington,BAL,BAL,2200,BAL@BUF,0,FG_superbowl_exportin.csv
2024,22,superbowl,WR,Isaiah,Washington,BAL,BAL,2200,PIT@BAL,0,FG_superbowl_exportin.csv
2024,22,superbowl,TE,Darnell,Washington,PIT,PIT,2200,CIN@PIT,0,FG_superbowl_exportin.csv
2024,22,superbowl,WR,Casey,Washington,ATL,ATL,2200,CAR@ATL,0,FG_superbowl_exportin.csv
2024,22,superbowl,WR,Malik,Washington,MIA,MIA,2200,MIA@NYJ,0,FG_superbowl_exportin.csv
2024,22,superbowl,WR,Quez,Watkins,PIT,PIT,2200,PIT@BAL,0,FG_superbowl_exportin.csv
2024,22,superbowl,WR,Austin,Watkins Jr.,PHI,PHI,2200,KC@PHI,1,FG_superbowl_exportin.csv
2024,22,superbowl,WR,Austin,Watkins Jr.,PHI,PHI,2200,WAS@PHI,0,FG_superbowl_exportin.csv
2024,22,superbowl,WR,Austin,Watkins Jr.,PHI,PHI,2200,LA@PHI,0,FG_superbowl_exportin.csv
2024,22,superbowl,WR,Austin,Watkins Jr.,PHI,PHI,2200,GB@PHI,0,FG_superbowl_exportin.csv
2024,22,superbowl,WR,Justin,Watson,KC,KC,2200,KC@PHI,1,FG_superbowl_exportin.csv
2024,22,superbowl,WR,Justin,Watson,KC,KC,2200,BUF@KC,0,FG_superbowl_exportin.csv
2024,22,superbowl,WR,Justin,Watson,KC,KC,2200,HOU@KC,0,FG_superbowl_exportin.csv
2024,22,superbowl,WR,Justin,Watson,KC,KC,2200,KC@DEN,0,FG_superbowl_exportin.csv
2024,22,superbowl,WR,Duece,Watts,PIT,PIT,2200,PIT@BAL,0,FG_superbowl_exportin.csv
2024,22,superbowl,WR,Jared,Wayne,HOU,HOU,2200,HOU@KC,0,FG_superbowl_exportin.csv
2024,22,superbowl,WR,Jalen,Wayne,GB,GB,2200,GB@PHI,0,FG_superbowl_exportin.csv
2024,22,superbowl,WR,Xavier,Weaver,ARI,ARI,2200,SF@ARI,0,FG_superbowl_exportin.csv
2024,22,superbowl,WR,Raleigh,Webb,TB,TB,2200,WAS@TB,0,FG_superbowl_exportin.csv
2024,22,superbowl,WR,Cody,White,SEA,SEA,2200,SEA@LA,0,FG_superbowl_exportin.csv
2024,22,superbowl,TE,Blake,Whiteheart,CLE,CLE,2200,CLE@DEN,0,FG_superbowl_exportin.csv
2024,22,superbowl,WR,Jordan,Whittington,LAR,LA,2200,LA@PHI,0,FG_superbowl_exportin.csv
2024,22,superbowl,WR,Jordan,Whittington,LAR,LA,2200,MIN@LA,0,FG_superbowl_exportin.csv
2024,22,superbowl,WR,Jordan,Whittington,LAR,LA,2200,SEA@LA,0,FG_superbowl_exportin.csv
2024,22,superbowl,WR,Sam,Wiglusz,LAR,LA,2200,LA@PHI,0,FG_superbowl_exportin.csv
2024,22,superbowl,WR,Sam,Wiglusz,LAR,LA,2200,MIN@LA,0,FG_superbowl_exportin.csv
2024,22,superbowl,WR,Mike,Williams,PIT,PIT,2200,PIT@BAL,0,FG_superbowl_exportin.csv
2024,22,superbowl,WR,Isaiah,Williams,CIN,CIN,2200,CIN@PIT,0,FG_superbowl_exportin.csv
2024,22,superbowl,WR,Mike,Williams,PIT,PIT,2200,CIN@PIT,0,FG_superbowl_exportin.csv
2024,22,superbowl,WR,Johnny,Wilson,PHI,PHI,2200,KC@PHI,1,FG_superbowl_exportin.csv
2024,22,superbowl,WR,Johnny,Wilson,PHI,PHI,2200,WAS@PHI,0,FG_superbowl_exportin.csv
2024,22,superbowl,WR,Johnny,Wilson,PHI,PHI,2200,LA@PHI,0,FG_superbowl_exportin.csv
2024,22,superbowl,WR,Roman,Wilson,PIT,PIT,2200,PIT@BAL,0,FG_superbowl_exportin.csv
2024,22,superbowl,WR,Johnny,Wilson,PHI,PHI,2200,GB@PHI,0,FG_superbowl_exportin.csv
2024,22,superbowl,WR,Johnny,Wilson,PHI,PHI,2200,NYG@PHI,0,FG_superbowl_exportin.csv
2024,22,superbowl,WR,Roman,Wilson,PIT,PIT,2200,CIN@PIT,0,FG_superbowl_exportin.csv
2024,22,superbowl,WR,Cedrick,Wilson Jr.,NO,NO,2200,NO@TB,0,FG_superbowl_exportin.csv
2024,22,superbowl,WR,Isaiah,Wooden,LAC,LAC,2200,LAC@HOU,0,FG_superbowl_exportin.csv
2024,22,superbowl,WR,Robert,Woods,HOU,HOU,2200,HOU@KC,0,FG_superbowl_exportin.csv
2024,22,superbowl,WR,Robert,Woods,HOU,HOU,2200,LAC@HOU,0,FG_superbowl_exportin.csv
2024,22,superbowl,WR,Robert,Woods,HOU,HOU,2200,HOU@TEN,0,FG_superbowl_exportin.csv
2024,22,superbowl,WR,Michael,Woods II,CLE,CLE,2200,CLE@BAL,0,FG_superbowl_exportin.csv
2024,22,superbowl,TE,Kenny,Yeboah,NYJ,NYJ,2200,MIA@NYJ,0,FG_superbowl_exportin.csv
2024,22,superbowl,WR,Dareke,Young,SEA,SEA,2200,SEA@LA,0,FG_superbowl_exportin.csv
2025,1,week1,QB,Josh,Allen,BUF,BUF,8200,BAL@BUF,1,FG_week1_2025_export.xlsx
2025,1,week1,RB,Saquon,Barkley,PHI,PHI,8200,DAL@PHI,1,FG_week1_2025_export.xlsx
2025,1,week1,WR,Ja'Marr,Chase,CIN,CIN,8200,CIN@CLE,1,FG_week1_2025_export.xlsx
2025,1,week1,RB,Jahmyr,Gibbs,DET,DET,8000,DET@GB,1,FG_week1_2025_export.xlsx
2025,1,week1,QB,Jalen,Hurts,PHI,PHI,8000,DAL@PHI,1,FG_week1_2025_export.xlsx
2025,1,week1,RB,Bijan,Robinson,ATL,ATL,8000,TB@ATL,1,FG_week1_2025_export.xlsx
2025,1,week1,RB,Derrick,Henry,BAL,BAL,7800,BAL@BUF,1,FG_week1_2025_export.xlsx
2025,1,week1,WR,Justin,Jefferson,MIN,MIN,7800,MIN@CHI,1,FG_week1_2025_export.xlsx
2025,1,week1,QB,Jayden,Daniels,WAS,WAS,7600,NYG@WAS,1,FG_week1_2025_export.xlsx
2025,1,week1,QB,Lamar,Jackson,BAL,BAL,7600,BAL@BUF,1,FG_week1_2025_export.xlsx
2025,1,week1,RB,Josh,Jacobs,GB,GB,7600,DET@GB,1,FG_week1_2025_export.xlsx
2025,1,week1,RB,Jonathan,Taylor,IND,IND,7600,MIA@IND,1,FG_week1_2025_export.xlsx
2025,1,week1,RB,De'Von,Achane,MIA,MIA,7400,MIA@IND,1,FG_week1_2025_export.xlsx
2025,1,week1,QB,Joe,Burrow,CIN,CIN,7400,CIN@CLE,1,FG_week1_2025_export.xlsx
2025,1,week1,WR,Amon-Ra,St. Brown,DET,DET,7400,DET@GB,1,FG_week1_2025_export.xlsx
2025,1,week1,RB,James,Conner,ARI,ARI,7200,ARI@NO,1,FG_week1_2025_export.xlsx
2025,1,week1,WR,Tee,Higgins,CIN,CIN,7200,CIN@CLE,1,FG_week1_2025_export.xlsx
2025,1,week1,QB,Patrick,Mahomes,KC,KC,7200,KC@LAC,1,FG_week1_2025_export.xlsx
2025,1,week1,WR,Brian,Thomas Jr.,JAX,JAC,7200,CAR@JAC,1,FG_week1_2025_export.xlsx
2025,1,week1,RB,Chase,Brown,CIN,CIN,7000,CIN@CLE,1,FG_week1_2025_export.xlsx
2025,1,week1,RB,Bucky,Irving,TB,TB,7000,TB@ATL,1,FG_week1_2025_export.xlsx
2025,1,week1,WR,CeeDee,Lamb,DAL,DAL,7000,DAL@PHI,1,FG_week1_2025_export.xlsx
2025,1,week1,QB,Baker,Mayfield,TB,TB,7000,TB@ATL,1,FG_week1_2025_export.xlsx
2025,1,week1,WR,Malik,Nabers,NYG,NYG,7000,NYG@WAS,1,FG_week1_2025_export.xlsx
2025,1,week1,WR,Davante,Adams,LAR,LA,6800,HOU@LA,1,FG_week1_2025_export.xlsx
2025,1,week1,WR,Mike,Evans,TB,TB,6800,TB@ATL,1,FG_week1_2025_export.xlsx
2025,1,week1,WR,Drake,London,ATL,ATL,6800,TB@ATL,1,FG_week1_2025_export.xlsx
2025,1,week1,WR,Ladd,McConkey,LAC,LAC,6800,KC@LAC,1,FG_week1_2025_export.xlsx
2025,1,week1,QB,Bo,Nix,DEN,DEN,6800,TEN@DEN,1,FG_week1_2025_export.xlsx
2025,1,week1,RB,Kyren,Williams,LAR,LA,6800,HOU@LA,1,FG_week1_2025_export.xlsx
2025,1,week1,RB,James,Cook,BUF,BUF,6600,BAL@BUF,1,FG_week1_2025_export.xlsx
2025,1,week1,RB,Chuba,Hubbard,CAR,CAR,6600,CAR@JAC,1,FG_week1_2025_export.xlsx
2025,1,week1,RB,Christian,McCaffrey,SF,SF,6600,SF@SEA,1,FG_week1_2025_export.xlsx
2025,1,week1,WR,Puka,Nacua,LAR,LA,6600,HOU@LA,1,FG_week1_2025_export.xlsx
2025,1,week1,QB,Brock,Purdy,SF,SF,6600,SF@SEA,1,FG_week1_2025_export.xlsx
2025,1,week1,WR,Nico,Collins,HOU,HOU,6400,HOU@LA,1,FG_week1_2025_export.xlsx
2025,1,week1,WR,Terry,McLaurin,WAS,WAS,6400,NYG@WAS,1,FG_week1_2025_export.xlsx
2025,1,week1,QB,Kyler,Murray,ARI,ARI,6400,ARI@NO,1,FG_week1_2025_export.xlsx
2025,1,week1,QB,Jared,Goff,DET,DET,6200,DET@GB,1,FG_week1_2025_export.xlsx
2025,1,week1,RB,Alvin,Kamara,NO,NO,6200,ARI@NO,1,FG_week1_2025_export.xlsx
2025,1,week1,WR,Xavier,Worthy,KC,KC,6200,KC@LAC,1,FG_week1_2025_export.xlsx
2025,1,week1,QB,Justin,Herbert,LAC,LAC,6000,KC@LAC,1,FG_week1_2025_export.xlsx
2025,1,week1,RB,Ashton,Jeanty,LV,LV,6000,LV@NE,1,FG_week1_2025_export.xlsx
2025,1,week1,WR,Jameson,Williams,DET,DET,6000,DET@GB,1,FG_week1_2025_export.xlsx
2025,1,week1,QB,Bryce,Young,CAR,CAR,6000,CAR@JAC,1,FG_week1_2025_export.xlsx
2025,1,week1,QB,Sam,Darnold,SEA,SEA,5800,SF@SEA,1,FG_week1_2025_export.xlsx
2025,1,week1,RB,Breece,Hall,NYJ,NYJ,5800,PIT@NYJ,1,FG_week1_2025_export.xlsx
2025,1,week1,WR,Rashee,Rice,KC,KC,5800,KC@LAC,1,FG_week1_2025_export.xlsx
2025,1,week1,QB,Aaron,Rodgers,PIT,PIT,5800,PIT@NYJ,1,FG_week1_2025_export.xlsx
2025,1,week1,WR,Courtland,Sutton,DEN,DEN,5800,TEN@DEN,1,FG_week1_2025_export.xlsx
2025,1,week1,WR,A.J.,Brown,PHI,PHI,5600,DAL@PHI,1,FG_week1_2025_export.xlsx
2025,1,week1,WR,Chris,Godwin Jr.,TB,TB,5600,TB@ATL,1,FG_week1_2025_export.xlsx
2025,1,week1,QB,Trevor,Lawrence,JAX,JAC,5600,CAR@JAC,1,FG_week1_2025_export.xlsx
2025,1,week1,TE,Trey,McBride,ARI,ARI,5600,ARI@NO,1,FG_week1_2025_export.xlsx
2025,1,week1,RB,David,Montgomery,DET,DET,5600,DET@GB,1,FG_week1_2025_export.xlsx
2025,1,week1,WR,DJ,Moore,CHI,CHI,5600,MIN@CHI,1,FG_week1_2025_export.xlsx
2025,1,week1,WR,Jaxon,Smith-Njigba,SEA,SEA,5600,SF@SEA,1,FG_week1_2025_export.xlsx
2025,1,week1,RB,Omarion,Hampton,LAC,LAC,5400,KC@LAC,1,FG_week1_2025_export.xlsx
2025,1,week1,WR,Tyreek,Hill,MIA,MIA,5400,MIA@IND,1,FG_week1_2025_export.xlsx
2025,1,week1,WR,Jerry,Jeudy,CLE,CLE,5400,CIN@CLE,1,FG_week1_2025_export.xlsx
2025,1,week1,QB,Tua,Tagovailoa,MIA,MIA,5400,MIA@IND,1,FG_week1_2025_export.xlsx
2025,1,week1,RB,Kenneth,Walker III,SEA,SEA,5400,SF@SEA,1,FG_week1_2025_export.xlsx
2025,1,week1,QB,Russell,Wilson,NYG,NYG,5400,NYG@WAS,1,FG_week1_2025_export.xlsx
2025,1,week1,RB,Aaron,Jones Sr.,MIN,MIN,5200,MIN@CHI,1,FG_week1_2025_export.xlsx
2025,1,week1,QB,Drake,Maye,NE,NE,5200,LV@NE,1,FG_week1_2025_export.xlsx
2025,1,week1,WR,Jakobi,Meyers,LV,LV,5200,LV@NE,1,FG_week1_2025_export.xlsx
2025,1,week1,QB,Geno,Smith,LV,LV,5200,LV@NE,1,FG_week1_2025_export.xlsx
2025,1,week1,WR,Garrett,Wilson,NYJ,NYJ,5200,PIT@NYJ,1,FG_week1_2025_export.xlsx
2025,1,week1,TE,Brock,Bowers,LV,LV,5000,LV@NE,1,FG_week1_2025_export.xlsx
2025,1,week1,RB,J.K.,Dobbins,DEN,DEN,5000,TEN@DEN,1,FG_week1_2025_export.xlsx
2025,1,week1,WR,Marvin,Harrison Jr.,ARI,ARI,5000,ARI@NO,1,FG_week1_2025_export.xlsx
2025,1,week1,WR,Travis,Hunter,JAX,JAC,5000,CAR@JAC,1,FG_week1_2025_export.xlsx
2025,1,week1,TE,George,Kittle,SF,SF,5000,SF@SEA,1,FG_week1_2025_export.xlsx
2025,1,week1,QB,Jordan,Love,GB,GB,5000,DET@GB,1,FG_week1_2025_export.xlsx
2025,1,week1,WR,DK,Metcalf,PIT,PIT,5000,PIT@NYJ,1,FG_week1_2025_export.xlsx
2025,1,week1,QB,Dak,Prescott,DAL,DAL,5000,DAL@PHI,1,FG_week1_2025_export.xlsx
2025,1,week1,QB,Matthew,Stafford,LAR,LA,5000,HOU@LA,1,FG_week1_2025_export.xlsx
2025,1,week1,WR,Stefon,Diggs,NE,NE,4800,LV@NE,1,FG_week1_2025_export.xlsx
2025,1,week1,WR,George,Pickens,DAL,DAL,4800,DAL@PHI,1,FG_week1_2025_export.xlsx
2025,1,week1,RB,Tony,Pollard,TEN,TEN,4800,TEN@DEN,1,FG_week1_2025_export.xlsx
2025,1,week1,WR,Calvin,Ridley,TEN,TEN,4800,TEN@DEN,1,FG_week1_2025_export.xlsx
2025,1,week1,RB,Brian,Robinson Jr.,SF,SF,4800,SF@SEA,1,FG_week1_2025_export.xlsx
2025,1,week1,WR,DeVonta,Smith,PHI,PHI,4800,DAL@PHI,1,FG_week1_2025_export.xlsx
2025,1,week1,QB,C.J.,Stroud,HOU,HOU,4800,HOU@LA,1,FG_week1_2025_export.xlsx
2025,1,week1,QB,Caleb,Williams,CHI,CHI,4800,MIN@CHI,1,FG_week1_2025_export.xlsx
2025,1,week1,WR,Zay,Flowers,BAL,BAL,4600,BAL@BUF,1,FG_week1_2025_export.xlsx
2025,1,week1,RB,TreVeyon,Henderson,NE,NE,4600,LV@NE,1,FG_week1_2025_export.xlsx
2025,1,week1,TE,Sam,LaPorta,DET,DET,4600,DET@GB,1,FG_week1_2025_export.xlsx
2025,1,week1,WR,Jalen,McMillan,TB,TB,4600,TB@ATL,1,FG_week1_2025_export.xlsx
2025,1,week1,WR,Ricky,Pearsall,SF,SF,4600,SF@SEA,1,FG_week1_2025_export.xlsx
2025,1,week1,QB,Michael,Penix Jr.,ATL,ATL,4600,TB@ATL,1,FG_week1_2025_export.xlsx
2025,1,week1,RB,D'Andre,Swift,CHI,CHI,4600,MIN@CHI,1,FG_week1_2025_export.xlsx
2025,1,week1,WR,Adam,Thielen,MIN,MIN,4600,CAR@JAC,1,FG_week1_2025_export.xlsx
2025,1,week1,RB,Tyrone,Tracy Jr.,NYG,NYG,4600,NYG@WAS,1,FG_week1_2025_export.xlsx
2025,1,week1,WR,Keenan,Allen,LAC,LAC,4400,KC@LAC,1,FG_week1_2025_export.xlsx
2025,1,week1,WR,Rashod,Bateman,BAL,BAL,4400,BAL@BUF,1,FG_week1_2025_export.xlsx
2025,1,week1,QB,Joe,Flacco,CLE,CLE,4400,CIN@CLE,1,FG_week1_2025_export.xlsx
2025,1,week1,QB,Jimmy,Garoppolo,LAR,LA,4400,HOU@LA,1,FG_week1_2025_export.xlsx
2025,1,week1,RB,RJ,Harvey,DEN,DEN,4400,TEN@DEN,1,FG_week1_2025_export.xlsx
2025,1,week1,WR,Jauan,Jennings,SF,SF,4400,SF@SEA,1,FG_week1_2025_export.xlsx
2025,1,week1,RB,Kaleb,Johnson,PIT,PIT,4400,PIT@NYJ,1,FG_week1_2025_export.xlsx
2025,1,week1,WR,Tetairoa,McMillan,CAR,CAR,4400,CAR@JAC,1,FG_week1_2025_export.xlsx
2025,1,week1,TE,David,Njoku,CLE,CLE,4400,CIN@CLE,1,FG_week1_2025_export.xlsx
2025,1,week1,QB,Anthony,Richardson Sr.,IND,IND,4400,MIA@IND,1,FG_week1_2025_export.xlsx
2025,1,week1,WR,Deebo,Samuel,WAS,WAS,4400,NYG@WAS,1,FG_week1_2025_export.xlsx
2025,1,week1,WR,Rashid,Shaheed,NO,NO,4400,ARI@NO,1,FG_week1_2025_export.xlsx
2025,1,week1,RB,Jaylen,Warren,PIT,PIT,4400,PIT@NYJ,1,FG_week1_2025_export.xlsx
2025,1,week1,QB,Brandon,Allen,TEN,TEN,4200,TEN@DEN,1,FG_week1_2025_export.xlsx
2025,1,week1,QB,Kyle,Allen,DET,DET,4200,DET@GB,1,FG_week1_2025_export.xlsx
2025,1,week1,TE,Mark,Andrews,BAL,BAL,4200,BAL@BUF,1,FG_week1_2025_export.xlsx
2025,1,week1,QB,Tyson,Bagent,CHI,CHI,4200,MIN@CHI,1,FG_week1_2025_export.xlsx
2025,1,week1,QB,Connor,Bazelak,TB,TB,4200,TB@ATL,1,FG_week1_2025_export.xlsx
2025,1,week1,QB,Jason,Bean,IND,IND,4200,MIA@IND,1,FG_week1_2025_export.xlsx
2025,1,week1,QB,Stetson,Bennett IV,LAR,LA,4200,HOU@LA,1,FG_week1_2025_export.xlsx
2025,1,week1,QB,Carter,Bradley,SF,SF,4200,SF@SEA,1,FG_week1_2025_export.xlsx
2025,1,week1,QB,Teddy,Bridgewater,TB,TB,4200,TB@ATL,1,FG_week1_2025_export.xlsx
2025,1,week1,QB,Jacoby,Brissett,ARI,ARI,4200,ARI@NO,1,FG_week1_2025_export.xlsx
2025,1,week1,QB,Max,Brosmer,MIN,MIN,4200,MIN@CHI,1,FG_week1_2025_export.xlsx
2025,1,week1,QB,Jake,Browning,CIN,CIN,4200,CIN@CLE,1,FG_week1_2025_export.xlsx
2025,1,week1,QB,Shane,Buechele,BUF,BUF,4200,BAL@BUF,1,FG_week1_2025_export.xlsx
2025,1,week1,QB,Sean,Clifford,GB,GB,4200,DET@GB,1,FG_week1_2025_export.xlsx
2025,1,week1,QB,Brady,Cook,NYJ,NYJ,4200,PIT@NYJ,1,FG_week1_2025_export.xlsx
2025,1,week1,QB,Kirk,Cousins,ATL,ATL,4200,TB@ATL,1,FG_week1_2025_export.xlsx
2025,1,week1,QB,Andy,Dalton,CAR,CAR,4200,CAR@JAC,1,FG_week1_2025_export.xlsx
2025,1,week1,QB,Jaxson,Dart,NYG,NYG,4200,NYG@WAS,1,FG_week1_2025_export.xlsx
2025,1,week1,QB,Tommy,DeVito,NE,NE,4200,LV@NE,1,FG_week1_2025_export.xlsx
2025,1,week1,QB,Hunter,Dekkers,NO,NO,4200,ARI@NO,1,FG_week1_2025_export.xlsx
2025,1,week1,QB,Joshua,Dobbs,NE,NE,4200,LV@NE,1,FG_week1_2025_export.xlsx
2025,1,week1,WR,Josh,Downs,IND,IND,4200,MIA@IND,1,FG_week1_2025_export.xlsx
2025,1,week1,QB,Sam,Ehlinger,DEN,DEN,4200,TEN@DEN,1,FG_week1_2025_export.xlsx
2025,1,week1,QB,Taylor,Elgersma,GB,GB,4200,DET@GB,1,FG_week1_2025_export.xlsx
2025,1,week1,QB,Quinn,Ewers,MIA,MIA,4200,MIA@IND,1,FG_week1_2025_export.xlsx
2025,1,week1,QB,Justin,Fields,NYJ,NYJ,4200,PIT@NYJ,1,FG_week1_2025_export.xlsx
2025,1,week1,QB,Dillon,Gabriel,CLE,CLE,4200,CIN@CLE,1,FG_week1_2025_export.xlsx
2025,1,week1,WR,Matthew,Golden,GB,GB,4200,DET@GB,1,FG_week1_2025_export.xlsx
2025,1,week1,QB,Will,Grier,DAL,DAL,4200,DAL@PHI,1,FG_week1_2025_export.xlsx
2025,1,week1,QB,Jake,Haener,NO,NO,4200,ARI@NO,1,FG_week1_2025_export.xlsx
2025,1,week1,QB,Sam,Hartman,WAS,WAS,4200,NYG@WAS,1,FG_week1_2025_export.xlsx
2025,1,week1,QB,Taylor,Heinicke,LAC,LAC,4200,KC@LAC,1,FG_week1_2025_export.xlsx
2025,1,week1,QB,Seth,Henigan,JAX,JAC,4200,CAR@JAC,1,FG_week1_2025_export.xlsx
2025,1,week1,QB,Hendon,Hooker,DET,DET,4200,DET@GB,1,FG_week1_2025_export.xlsx
2025,1,week1,QB,Will,Howard,PIT,PIT,4200,PIT@NYJ,1,FG_week1_2025_export.xlsx
2025,1,week1,QB,Sam,Howell,PHI,PHI,4200,MIN@CHI,1,FG_week1_2025_export.xlsx
2025,1,week1,QB,Tyler,Huntley,CLE,CLE,4200,CIN@CLE,1,FG_week1_2025_export.xlsx
2025,1,week1,QB,Josh,Johnson,WAS,WAS,4200,NYG@WAS,1,FG_week1_2025_export.xlsx
2025,1,week1,QB,Emory,Jones,ATL,ATL,4200,TB@ATL,1,FG_week1_2025_export.xlsx
2025,1,week1,QB,Daniel,Jones,IND,IND,4200,MIA@IND,1,FG_week1_2025_export.xlsx
2025,1,week1,QB,Mac,Jones,SF,SF,4200,SF@SEA,1,FG_week1_2025_export.xlsx
2025,1,week1,QB,Case,Keenum,CHI,CHI,4200,MIN@CHI,1,FG_week1_2025_export.xlsx
2025,1,week1,QB,Trey,Lance,LAC,LAC,4200,KC@LAC,1,FG_week1_2025_export.xlsx
2025,1,week1,QB,Devin,Leary,BAL,BAL,4200,BAL@BUF,1,FG_week1_2025_export.xlsx
2025,1,week1,QB,Riley,Leonard,IND,IND,4200,MIA@IND,1,FG_week1_2025_export.xlsx
2025,1,week1,QB,Drew,Lock,SEA,SEA,4200,SF@SEA,1,FG_week1_2025_export.xlsx
2025,1,week1,QB,Marcus,Mariota,WAS,WAS,4200,NYG@WAS,1,FG_week1_2025_export.xlsx
2025,1,week1,QB,Adrian,Martinez,NYJ,NYJ,4200,PIT@NYJ,1,FG_week1_2025_export.xlsx
2025,1,week1,QB,J.J.,McCarthy,MIN,MIN,4200,MIN@CHI,1,FG_week1_2025_export.xlsx
2025,1,week1,QB,Kyle,McCord,PHI,PHI,4200,DAL@PHI,1,FG_week1_2025_export.xlsx
2025,1,week1,QB,Tanner,McKee,PHI,PHI,4200,DAL@PHI,1,FG_week1_2025_export.xlsx
2025,1,week1,QB,Graham,Mertz,HOU,HOU,4200,HOU@LA,1,FG_week1_2025_export.xlsx
2025,1,week1,QB,Cam,Miller,LV,LV,4200,LV@NE,1,FG_week1_2025_export.xlsx
2025,1,week1,QB,Davis,Mills,HOU,HOU,4200,HOU@LA,1,FG_week1_2025_export.xlsx
2025,1,week1,QB,Jalen,Milroe,SEA,SEA,4200,SF@SEA,1,FG_week1_2025_export.xlsx
2025,1,week1,QB,Joe,Milton III,DAL,DAL,4200,DAL@PHI,1,FG_week1_2025_export.xlsx
2025,1,week1,QB,Gardner,Minshew,KC,KC,4200,KC@LAC,1,FG_week1_2025_export.xlsx
2025,1,week1,QB,Nick,Mullens,JAX,JAC,4200,CAR@JAC,1,FG_week1_2025_export.xlsx
2025,1,week1,QB,Aidan,O'Connell,LV,LV,4200,LV@NE,1,FG_week1_2025_export.xlsx
2025,1,week1,QB,Chris,Oladokun,KC,KC,4200,KC@LAC,1,FG_week1_2025_export.xlsx
2025,1,week1,QB,Kenny,Pickett,LV,LV,4200,LV@NE,1,FG_week1_2025_export.xlsx
2025,1,week1,WR,Michael,Pittman Jr.,IND,IND,4200,MIA@IND,1,FG_week1_2025_export.xlsx
2025,1,week1,QB,Jack,Plummer,CAR,CAR,4200,CAR@JAC,1,FG_week1_2025_export.xlsx
2025,1,week1,QB,Spencer,Rattler,NO,NO,4200,ARI@NO,1,FG_week1_2025_export.xlsx
2025,1,week1,QB,Austin,Reed,CHI,CHI,4200,MIN@CHI,1,FG_week1_2025_export.xlsx
2025,1,week1,QB,Desmond,Ridder,CIN,CIN,4200,CIN@CLE,1,FG_week1_2025_export.xlsx
2025,1,week1,QB,Kurtis,Rourke,SF,SF,4200,SF@SEA,1,FG_week1_2025_export.xlsx
2025,1,week1,QB,Mason,Rudolph,PIT,PIT,4200,PIT@NYJ,1,FG_week1_2025_export.xlsx
2025,1,week1,QB,Cooper,Rush,BAL,BAL,4200,BAL@BUF,1,FG_week1_2025_export.xlsx
2025,1,week1,QB,Brett,Rypien,MIN,MIN,4200,MIN@CHI,1,FG_week1_2025_export.xlsx
2025,1,week1,QB,Shedeur,Sanders,CLE,CLE,4200,CIN@CLE,1,FG_week1_2025_export.xlsx
2025,1,week1,WR,Khalil,Shakir,BUF,BUF,4200,BAL@BUF,1,FG_week1_2025_export.xlsx
2025,1,week1,QB,Tyler,Shough,NO,NO,4200,ARI@NO,1,FG_week1_2025_export.xlsx
2025,1,week1,QB,Trevor,Siemian,TEN,TEN,4200,TEN@DEN,1,FG_week1_2025_export.xlsx
2025,1,week1,QB,Kedon,Slovis,HOU,HOU,4200,HOU@LA,1,FG_week1_2025_export.xlsx
2025,1,week1,RB,Rhamondre,Stevenson,NE,NE,4200,LV@NE,1,FG_week1_2025_export.xlsx
2025,1,week1,QB,Easton,Stick,ATL,ATL,4200,TB@ATL,1,FG_week1_2025_export.xlsx
2025,1,week1,QB,Jarrett,Stidham,DEN,DEN,4200,TEN@DEN,1,FG_week1_2025_export.xlsx
2025,1,week1,QB,Tyrod,Taylor,NYJ,NYJ,4200,PIT@NYJ,1,FG_week1_2025_export.xlsx
2025,1,week1,QB,Skylar,Thompson,PIT,PIT,4200,PIT@NYJ,1,FG_week1_2025_export.xlsx
2025,1,week1,QB,Dorian,Thompson-Robinson,PHI,PHI,4200,DAL@PHI,1,FG_week1_2025_export.xlsx
2025,1,week1,QB,Payton,Thorne,CIN,CIN,4200,CIN@CLE,1,FG_week1_2025_export.xlsx
2025,1,week1,QB,Kyle,Trask,TB,TB,4200,TB@ATL,1,FG_week1_2025_export.xlsx
2025,1,week1,QB,Mitchell,Trubisky,BUF,BUF,4200,BAL@BUF,1,FG_week1_2025_export.xlsx
2025,1,week1,QB,Clayton,Tune,ARI,ARI,4200,ARI@NO,1,FG_week1_2025_export.xlsx
2025,1,week1,QB,DJ,Uiagalelei,LAC,LAC,4200,KC@LAC,1,FG_week1_2025_export.xlsx
2025,1,week1,QB,Cam,Ward,TEN,TEN,4200,TEN@DEN,1,FG_week1_2025_export.xlsx
2025,1,week1,QB,Deshaun,Watson,CLE,CLE,4200,CIN@CLE,1,FG_week1_2025_export.xlsx
2025,1,week1,QB,Mike,White,BUF,BUF,4200,BAL@BUF,1,FG_week1_2025_export.xlsx
2025,1,week1,QB,Malik,Willis,GB,GB,4200,DET@GB,1,FG_week1_2025_export.xlsx
2025,1,week1,QB,Zach,Wilson,MIA,MIA,4200,MIA@IND,1,FG_week1_2025_export.xlsx
2025,1,week1,QB,Dresser,Winn,LAR,LA,4200,HOU@LA,1,FG_week1_2025_export.xlsx
2025,1,week1,QB,Jameis,Winston,NYG,NYG,4200,NYG@WAS,1,FG_week1_2025_export.xlsx
2025,1,week1,QB,John,Wolford,JAX,JAC,4200,CAR@JAC,1,FG_week1_2025_export.xlsx
2025,1,week1,QB,Logan,Woodside,PIT,PIT,4200,PIT@NYJ,1,FG_week1_2025_export.xlsx
2025,1,week1,QB,Ben,Wooldridge,NE,NE,4200,LV@NE,1,FG_week1_2025_export.xlsx
2025,1,week1,QB,Bailey,Zappe,KC,KC,4200,KC@LAC,1,FG_week1_2025_export.xlsx
2025,1,week1,RB,Zach,Charbonnet,SEA,SEA,4000,SF@SEA,1,FG_week1_2025_export.xlsx
2025,1,week1,RB,Rico,Dowdle,CAR,CAR,4000,CAR@JAC,1,FG_week1_2025_export.xlsx
2025,1,week1,RB,Travis,Etienne Jr.,JAX,JAC,4000,CAR@JAC,1,FG_week1_2025_export.xlsx
2025,1,week1,TE,Travis,Kelce,KC,KC,4000,KC@LAC,1,FG_week1_2025_export.xlsx
2025,1,week1,WR,Marvin,Mims Jr.,DEN,DEN,4000,TEN@DEN,1,FG_week1_2025_export.xlsx
2025,1,week1,WR,Darnell,Mooney,ATL,ATL,4000,TB@ATL,1,FG_week1_2025_export.xlsx
2025,1,week1,RB,Tyjae,Spears,TEN,TEN,4000,TEN@DEN,1,FG_week1_2025_export.xlsx
2025,1,week1,WR,Jaylen,Waddle,MIA,MIA,4000,MIA@IND,1,FG_week1_2025_export.xlsx
2025,1,week1,TE,Zach,Ertz,WAS,WAS,3800,NYG@WAS,1,FG_week1_2025_export.xlsx
2025,1,week1,RB,Jerome,Ford,CLE,CLE,3800,CIN@CLE,1,FG_week1_2025_export.xlsx
2025,1,week1,WR,Cooper,Kupp,SEA,SEA,3800,SF@SEA,1,FG_week1_2025_export.xlsx
2025,1,week1,WR,Alec,Pierce,IND,IND,3800,MIA@IND,1,FG_week1_2025_export.xlsx
2025,1,week1,WR,Jayden,Reed,GB,GB,3800,DET@GB,1,FG_week1_2025_export.xlsx
2025,1,week1,TE,Jonnu,Smith,PIT,PIT,3800,PIT@NYJ,1,FG_week1_2025_export.xlsx
2025,1,week1,WR,Cedric,Tillman,CLE,CLE,3800,CIN@CLE,1,FG_week1_2025_export.xlsx
2025,1,week1,WR,Kayshon,Boutte,NE,NE,3600,LV@NE,1,FG_week1_2025_export.xlsx
2025,1,week1,WR,Romeo,Doubs,GB,GB,3600,DET@GB,1,FG_week1_2025_export.xlsx
2025,1,week1,TE,Dallas,Goedert,PHI,PHI,3600,DAL@PHI,1,FG_week1_2025_export.xlsx
2025,1,week1,WR,Quentin,Johnston,LAC,LAC,3600,KC@LAC,1,FG_week1_2025_export.xlsx
2025,1,week1,WR,Rome,Odunze,CHI,CHI,3600,MIN@CHI,1,FG_week1_2025_export.xlsx
2025,1,week1,WR,Wan'Dale,Robinson,NYG,NYG,3600,NYG@WAS,1,FG_week1_2025_export.xlsx
2025,1,week1,WR,Dyami,Brown,JAX,JAC,3400,CAR@JAC,1,FG_week1_2025_export.xlsx
2025,1,week1,RB,Nick,Chubb,HOU,HOU,3400,HOU@LA,1,FG_week1_2025_export.xlsx
2025,1,week1,WR,Jalen,Coker,CAR,CAR,3400,CAR@JAC,1,FG_week1_2025_export.xlsx
2025,1,week1,WR,DeMario,Douglas,NE,NE,3400,LV@NE,1,FG_week1_2025_export.xlsx
2025,1,week1,RB,Austin,Ekeler,WAS,WAS,3400,NYG@WAS,1,FG_week1_2025_export.xlsx
2025,1,week1,RB,Isaac,Guerendo,SF,SF,3400,SF@SEA,1,FG_week1_2025_export.xlsx
2025,1,week1,TE,T.J.,Hockenson,MIN,MIN,3400,MIN@CHI,1,FG_week1_2025_export.xlsx
2025,1,week1,WR,Christian,Kirk,HOU,HOU,3400,HOU@LA,1,FG_week1_2025_export.xlsx
2025,1,week1,WR,Chris,Olave,NO,NO,3400,ARI@NO,1,FG_week1_2025_export.xlsx
2025,1,week1,WR,Joshua,Palmer,BUF,BUF,3400,BAL@BUF,1,FG_week1_2025_export.xlsx
2025,1,week1,WR,Tyrell,Shavers,BUF,BUF,3400,BAL@BUF,1,FG_week1_2025_export.xlsx
2025,1,week1,RB,Rachaad,White,TB,TB,3400,TB@ATL,1,FG_week1_2025_export.xlsx
2025,1,week1,WR,Jack,Bech,LV,LV,3200,LV@NE,1,FG_week1_2025_export.xlsx
2025,1,week1,RB,Tank,Bigsby,JAX,JAC,3200,CAR@JAC,1,FG_week1_2025_export.xlsx
2025,1,week1,RB,Ray,Davis,BUF,BUF,3200,BAL@BUF,1,FG_week1_2025_export.xlsx
2025,1,week1,WR,Emeka,Egbuka,TB,TB,3200,TB@ATL,1,FG_week1_2025_export.xlsx
2025,1,week1,TE,Evan,Engram,DEN,DEN,3200,TEN@DEN,1,FG_week1_2025_export.xlsx
2025,1,week1,TE,Mike,Gesicki,CIN,CIN,3200,CIN@CLE,1,FG_week1_2025_export.xlsx
2025,1,week1,TE,Tyler,Higbee,LAR,LA,3200,HOU@LA,1,FG_week1_2025_export.xlsx
2025,1,week1,WR,Jayden,Higgins,HOU,HOU,3200,HOU@LA,1,FG_week1_2025_export.xlsx
2025,1,week1,RB,Justice,Hill,BAL,BAL,3200,BAL@BUF,1,FG_week1_2025_export.xlsx
2025,1,week1,TE,Taysom,Hill,NO,NO,3200,ARI@NO,1,FG_week1_2025_export.xlsx
2025,1,week1,RB,Kareem,Hunt,KC,KC,3200,KC@LAC,1,FG_week1_2025_export.xlsx
2025,1,week1,RB,Isiah,Pacheco,KC,KC,3200,KC@LAC,1,FG_week1_2025_export.xlsx
2025,1,week1,RB,Javonte,Williams,DAL,DAL,3200,DAL@PHI,1,FG_week1_2025_export.xlsx
2025,1,week1,WR,Luther,Burden III,CHI,CHI,3000,MIN@CHI,1,FG_week1_2025_export.xlsx
2025,1,week1,WR,Keon,Coleman,BUF,BUF,3000,BAL@BUF,1,FG_week1_2025_export.xlsx
2025,1,week1,TE,Pat,Freiermuth,PIT,PIT,3000,PIT@NYJ,1,FG_week1_2025_export.xlsx
2025,1,week1,WR,Tre',Harris,LAC,LAC,3000,KC@LAC,1,FG_week1_2025_export.xlsx
2025,1,week1,TE,Hunter,Henry,NE,NE,3000,LV@NE,1,FG_week1_2025_export.xlsx
2025,1,week1,TE,Tucker,Kraft,GB,GB,3000,DET@GB,1,FG_week1_2025_export.xlsx
2025,1,week1,RB,Jordan,Mason,MIN,MIN,3000,MIN@CHI,1,FG_week1_2025_export.xlsx
2025,1,week1,WR,Jalen,Tolbert,DAL,DAL,3000,DAL@PHI,1,FG_week1_2025_export.xlsx
2025,1,week1,WR,Nick,Westbrook-Ikhine,MIA,MIA,3000,MIA@IND,1,FG_week1_2025_export.xlsx
2025,1,week1,WR,Kyle,Williams,NE,NE,3000,LV@NE,1,FG_week1_2025_export.xlsx
2025,1,week1,WR,Michael,Wilson,ARI,ARI,3000,ARI@NO,1,FG_week1_2025_export.xlsx
2025,1,week1,WR,Hollywood,Brown,KC,KC,2800,KC@LAC,1,FG_week1_2025_export.xlsx
2025,1,week1,TE,Tyler,Conklin,LAC,LAC,2800,KC@LAC,1,FG_week1_2025_export.xlsx
2025,1,week1,WR,Tay,Martin,WAS,WAS,2800,NYG@WAS,1,FG_week1_2025_export.xlsx
2025,1,week1,TE,Chig,Okonkwo,TEN,TEN,2800,TEN@DEN,1,FG_week1_2025_export.xlsx
2025,1,week1,TE,Cade,Otton,TB,TB,2800,TB@ATL,1,FG_week1_2025_export.xlsx
2025,1,week1,WR,Curtis,Samuel,BUF,BUF,2800,BAL@BUF,1,FG_week1_2025_export.xlsx
2025,1,week1,RB,Miles,Sanders,DAL,DAL,2800,DAL@PHI,1,FG_week1_2025_export.xlsx
2025,1,week1,RB,Cam,Skattebo,NYG,NYG,2800,NYG@WAS,1,FG_week1_2025_export.xlsx
2025,1,week1,RB,Bhayshul,Tuten,JAX,JAC,2800,CAR@JAC,1,FG_week1_2025_export.xlsx
2025,1,week1,TE,Tyler,Warren,IND,IND,2800,MIA@IND,1,FG_week1_2025_export.xlsx
2025,1,week1,WR,Dontayvion,Wicks,GB,GB,2800,DET@GB,1,FG_week1_2025_export.xlsx
2025,1,week1,WR,Jordan,Addison,MIN,MIN,2600,MIN@CHI,1,FG_week1_2025_export.xlsx
2025,1,week1,RB,Tyler,Allgeier,ATL,ATL,2600,TB@ATL,1,FG_week1_2025_export.xlsx
2025,1,week1,RB,Jaydon,Blue,DAL,DAL,2600,DAL@PHI,1,FG_week1_2025_export.xlsx
2025,1,week1,WR,Greg,Dortch,ARI,ARI,2600,ARI@NO,1,FG_week1_2025_export.xlsx
2025,1,week1,WR,DeAndre,Hopkins,BAL,BAL,2600,BAL@BUF,1,FG_week1_2025_export.xlsx
2025,1,week1,RB,Ty,Johnson,BUF,BUF,2600,BAL@BUF,1,FG_week1_2025_export.xlsx
2025,1,week1,TE,Theo,Johnson,NYG,NYG,2600,NYG@WAS,1,FG_week1_2025_export.xlsx
2025,1,week1,WR,Allen,Lazard,NYJ,NYJ,2600,PIT@NYJ,1,FG_week1_2025_export.xlsx
2025,1,week1,TE,Isaiah,Likely,BAL,BAL,2600,BAL@BUF,1,FG_week1_2025_export.xlsx
2025,1,week1,WR,Jalen,Nailor,MIN,MIN,2600,MIN@CHI,1,FG_week1_2025_export.xlsx
2025,1,week1,TE,Kyle,Pitts Sr.,ATL,ATL,2600,TB@ATL,1,FG_week1_2025_export.xlsx
2025,1,week1,WR,Marquez,Valdes-Scantling,SF,SF,2600,SF@SEA,1,FG_week1_2025_export.xlsx
2025,1,week1,WR,Devaughn,Vele,NO,NO,2600,TEN@DEN,1,FG_week1_2025_export.xlsx
2025,1,week1,RB,Emanuel,Wilson,GB,GB,2600,DET@GB,1,FG_week1_2025_export.xlsx
2025,1,week1,WR,Calvin,Austin III,PIT,PIT,2400,PIT@NYJ,1,FG_week1_2025_export.xlsx
2025,1,week1,RB,Trey,Benson,ARI,ARI,2400,ARI@NO,1,FG_week1_2025_export.xlsx
2025,1,week1,WR,Noah,Brown,WAS,WAS,2400,NYG@WAS,1,FG_week1_2025_export.xlsx
2025,1,week1,WR,Brandin,Cooks,NO,NO,2400,ARI@NO,1,FG_week1_2025_export.xlsx
2025,1,week1,WR,Tank,Dell,HOU,HOU,2400,HOU@LA,1,FG_week1_2025_export.xlsx
2025,1,week1,RB,A.J.,Dillon,PHI,PHI,2400,DAL@PHI,1,FG_week1_2025_export.xlsx
2025,1,week1,TE,Noah,Fant,CIN,CIN,2400,CIN@CLE,1,FG_week1_2025_export.xlsx
2025,1,week1,WR,Andrei,Iosivas,CIN,CIN,2400,CIN@CLE,1,FG_week1_2025_export.xlsx
2025,1,week1,TE,Juwan,Johnson,NO,NO,2400,ARI@NO,1,FG_week1_2025_export.xlsx
2025,1,week1,TE,Dalton,Kincaid,BUF,BUF,2400,BAL@BUF,1,FG_week1_2025_export.xlsx
2025,1,week1,WR,Xavier,Legette,CAR,CAR,2400,CAR@JAC,1,FG_week1_2025_export.xlsx
2025,1,week1,TE,Colston,Loveland,CHI,CHI,2400,MIN@CHI,1,FG_week1_2025_export.xlsx
2025,1,week1,RB,Elijah,Mitchell,KC,KC,2400,KC@LAC,1,FG_week1_2025_export.xlsx
2025,1,week1,WR,Jaylin,Noel,HOU,HOU,2400,HOU@LA,1,FG_week1_2025_export.xlsx
2025,1,week1,WR,Jalen,Royals,KC,KC,2400,KC@LAC,1,FG_week1_2025_export.xlsx
2025,1,week1,TE,Dalton,Schultz,HOU,HOU,2400,HOU@LA,1,FG_week1_2025_export.xlsx
2025,1,week1,WR,Darius,Slayton,NYG,NYG,2400,NYG@WAS,1,FG_week1_2025_export.xlsx
2025,1,week1,TE,Brenton,Strange,JAX,JAC,2400,CAR@JAC,1,FG_week1_2025_export.xlsx
2025,1,week1,WR,Parker,Washington,JAX,JAC,2400,CAR@JAC,1,FG_week1_2025_export.xlsx
2025,1,week1,RB,Israel,Abanikanda,GB,GB,2200,DET@GB,1,FG_week1_2025_export.xlsx
2025,1,week1,WR,Ife,Adeyi,PHI,PHI,2200,DAL@PHI,1,FG_week1_2025_export.xlsx
2025,1,week1,TE,Nate,Adkins,DEN,DEN,2200,TEN@DEN,1,FG_week1_2025_export.xlsx
2025,1,week1,WR,Jamal,Agnew,ATL,ATL,2200,TB@ATL,1,FG_week1_2025_export.xlsx
2025,1,week1,WR,Brandon,Aiyuk,SF,SF,2200,SF@SEA,1,FG_week1_2025_export.xlsx
2025,1,week1,WR,Ajou,Ajou,IND,IND,2200,MIA@IND,1,FG_week1_2025_export.xlsx
2025,1,week1,RB,Cam,Akers,NO,NO,2200,ARI@NO,1,FG_week1_2025_export.xlsx
2025,1,week1,WR,Kelly,Akharaiyi,ARI,ARI,2200,ARI@NO,1,FG_week1_2025_export.xlsx
2025,1,week1,WR,Maurice,Alexander,CHI,CHI,2200,MIN@CHI,1,FG_week1_2025_export.xlsx
2025,1,week1,RB,Rasheen,Ali,BAL,BAL,2200,BAL@BUF,1,FG_week1_2025_export.xlsx
2025,1,week1,TE,Mo,Alie-Cox,IND,IND,2200,MIA@IND,1,FG_week1_2025_export.xlsx
2025,1,week1,TE,Erick,All Jr.,CIN,CIN,2200,CIN@CLE,1,FG_week1_2025_export.xlsx
2025,1,week1,RB,Braelon,Allen,NYJ,NYJ,2200,PIT@NYJ,1,FG_week1_2025_export.xlsx
2025,1,week1,RB,Kazmeir,Allen,WAS,WAS,2200,NYG@WAS,1,FG_week1_2025_export.xlsx
2025,1,week1,TE,Davis,Allen,LAR,LA,2200,HOU@LA,1,FG_week1_2025_export.xlsx
2025,1,week1,RB,LeQuint,Allen Jr.,JAX,JAC,2200,CAR@JAC,1,FG_week1_2025_export.xlsx
2025,1,week1,WR,Andrew,Armstrong,MIA,MIA,2200,MIA@IND,1,FG_week1_2025_export.xlsx
2025,1,week1,TE,Elijah,Arroyo,SEA,SEA,2200,SF@SEA,1,FG_week1_2025_export.xlsx
2025,1,week1,WR,Tutu,Atwell,LAR,LA,2200,HOU@LA,1,FG_week1_2025_export.xlsx
2025,1,week1,WR,Kevin,Austin Jr.,NO,NO,2200,ARI@NO,1,FG_week1_2025_export.xlsx
2025,1,week1,WR,Elic,Ayomanor,TEN,TEN,2200,TEN@DEN,1,FG_week1_2025_export.xlsx
2025,1,week1,WR,Andre,Baccellia,ARI,ARI,2200,ARI@NO,1,FG_week1_2025_export.xlsx
2025,1,week1,WR,Alex,Bachman,LV,LV,2200,LV@NE,1,FG_week1_2025_export.xlsx
2025,1,week1,WR,Elijhah,Badger,KC,KC,2200,KC@LAC,1,FG_week1_2025_export.xlsx
2025,1,week1,RB,Tyler,Badie,DEN,DEN,2200,TEN@DEN,1,FG_week1_2025_export.xlsx
2025,1,week1,RB,Emani,Bailey,CAR,CAR,2200,CAR@JAC,1,FG_week1_2025_export.xlsx
2025,1,week1,WR,Javon,Baker,NE,NE,2200,LV@NE,1,FG_week1_2025_export.xlsx
2025,1,week1,WR,Kawaan,Baker,GB,GB,2200,DET@GB,1,FG_week1_2025_export.xlsx
2025,1,week1,WR,Michael,Bandy,DEN,DEN,2200,TEN@DEN,1,FG_week1_2025_export.xlsx
2025,1,week1,WR,Jahmal,Banks,BAL,BAL,2200,BAL@BUF,1,FG_week1_2025_export.xlsx
2025,1,week1,TE,AJ,Barner,SEA,SEA,2200,SF@SEA,1,FG_week1_2025_export.xlsx
2025,1,week1,TE,Gavin,Bartholomew,MIN,MIN,2200,MIN@CHI,1,FG_week1_2025_export.xlsx
2025,1,week1,TE,John,Bates,WAS,WAS,2200,NYG@WAS,1,FG_week1_2025_export.xlsx
2025,1,week1,TE,Brenden,Bates,CLE,CLE,2200,CIN@CLE,1,FG_week1_2025_export.xlsx
2025,1,week1,RB,Andrew,Beck,NYJ,NYJ,2200,PIT@NYJ,1,FG_week1_2025_export.xlsx
2025,1,week1,TE,Jaheim,Bell,NE,NE,2200,LV@NE,1,FG_week1_2025_export.xlsx
2025,1,week1,WR,Ronnie,Bell,DET,DET,2200,DET@GB,1,FG_week1_2025_export.xlsx
2025,1,week1,TE,Daniel,Bellinger,NYG,NYG,2200,NYG@WAS,1,FG_week1_2025_export.xlsx
2025,1,week1,RB,Ulysses,Bentley IV,IND,IND,2200,MIA@IND,1,FG_week1_2025_export.xlsx
2025,1,week1,WR,Junior,Bergen,SF,SF,2200,SF@SEA,1,FG_week1_2025_export.xlsx
2025,1,week1,WR,Braxton,Berrios,HOU,HOU,2200,HOU@LA,1,FG_week1_2025_export.xlsx
2025,1,week1,WR,Tarik,Black,MIA,MIA,2200,MIA@IND,1,FG_week1_2025_export.xlsx
2025,1,week1,RB,Raheem,Blackshear,CAR,CAR,2200,CAR@JAC,1,FG_week1_2025_export.xlsx
2025,1,week1,WR,Chris,Blair,ATL,ATL,2200,TB@ATL,1,FG_week1_2025_export.xlsx
2025,1,week1,WR,Jordan,Bly,NYG,NYG,2200,NYG@WAS,1,FG_week1_2025_export.xlsx
2025,1,week1,WR,Jake,Bobo,SEA,SEA,2200,SF@SEA,1,FG_week1_2025_export.xlsx
2025,1,week1,WR,Silas,Bolden,MIN,MIN,2200,MIN@CHI,1,FG_week1_2025_export.xlsx
2025,1,week1,RB,Mike,Boone,MIA,MIA,2200,MIA@IND,1,FG_week1_2025_export.xlsx
2025,1,week1,WR,Kendrick,Bourne,NE,NE,2200,LV@NE,1,FG_week1_2025_export.xlsx
2025,1,week1,TE,Shawn,Bowman,JAX,JAC,2200,CAR@JAC,1,FG_week1_2025_export.xlsx
2025,1,week1,WR,Miles,Boykin,CHI,CHI,2200,MIN@CHI,1,FG_week1_2025_export.xlsx
2025,1,week1,WR,Chandler,Brayboy,JAX,JAC,2200,CAR@JAC,1,FG_week1_2025_export.xlsx
2025,1,week1,RB,Gary,Brightwell,CIN,CIN,2200,CIN@CLE,1,FG_week1_2025_export.xlsx
2025,1,week1,TE,Jake,Briningstool,KC,KC,2200,KC@LAC,1,FG_week1_2025_export.xlsx
2025,1,week1,WR,Tyrone,Broden,SEA,SEA,2200,SF@SEA,1,FG_week1_2025_export.xlsx
2025,1,week1,RB,Jonathon,Brooks,CAR,CAR,2200,CAR@JAC,1,FG_week1_2025_export.xlsx
2025,1,week1,RB,Tahj,Brooks,CIN,CIN,2200,CIN@CLE,1,FG_week1_2025_export.xlsx
2025,1,week1,RB,Chris,Brooks,GB,GB,2200,DET@GB,1,FG_week1_2025_export.xlsx
2025,1,week1,RB,British,Brooks,HOU,HOU,2200,HOU@LA,1,FG_week1_2025_export.xlsx
2025,1,week1,WR,Jalen,Brooks,DAL,DAL,2200,DAL@PHI,1,FG_week1_2025_export.xlsx
2025,1,week1,WR,Ja'Corey,Brooks,WAS,WAS,2200,NYG@WAS,1,FG_week1_2025_export.xlsx
2025,1,week1,RB,Brittain,Brown,CHI,CHI,2200,MIN@CHI,1,FG_week1_2025_export.xlsx
2025,1,week1,TE,Pharaoh,Brown,MIA,MIA,2200,MIA@IND,1,FG_week1_2025_export.xlsx
2025,1,week1,WR,Jason,Brownlee,KC,KC,2200,KC@LAC,1,FG_week1_2025_export.xlsx
2025,1,week1,TE,Harrison,Bryant,HOU,HOU,2200,DAL@PHI,1,FG_week1_2025_export.xlsx
2025,1,week1,WR,Pat,Bryant,DEN,DEN,2200,TEN@DEN,1,FG_week1_2025_export.xlsx
2025,1,week1,WR,Cole,Burgess,CIN,CIN,2200,CIN@CLE,1,FG_week1_2025_export.xlsx
2025,1,week1,RB,Michael,Burton,DEN,DEN,2200,TEN@DEN,1,FG_week1_2025_export.xlsx
2025,1,week1,WR,Jermaine,Burton,CIN,CIN,2200,CIN@CLE,1,FG_week1_2025_export.xlsx
2025,1,week1,TE,Lawrence,Cager,WAS,WAS,2200,NYG@WAS,1,FG_week1_2025_export.xlsx
2025,1,week1,WR,Deon,Cain,BUF,BUF,2200,BAL@BUF,1,FG_week1_2025_export.xlsx
2025,1,week1,TE,Grant,Calcaterra,PHI,PHI,2200,DAL@PHI,1,FG_week1_2025_export.xlsx
2025,1,week1,WR,Marquez,Callaway,LV,LV,2200,LV@NE,1,FG_week1_2025_export.xlsx
2025,1,week1,WR,Dalen,Cambre,NYG,NYG,2200,NYG@WAS,1,FG_week1_2025_export.xlsx
2025,1,week1,WR,Dalevon,Campbell,CAR,CAR,2200,KC@LAC,1,FG_week1_2025_export.xlsx
2025,1,week1,WR,Cam,Camper,JAX,JAC,2200,CAR@JAC,1,FG_week1_2025_export.xlsx
2025,1,week1,TE,Sal,Cannella,CLE,CLE,2200,CIN@CLE,1,FG_week1_2025_export.xlsx
2025,1,week1,TE,Oscar,Cardenas,ARI,ARI,2200,ARI@NO,1,FG_week1_2025_export.xlsx
2025,1,week1,TE,Stephen,Carlson,CHI,CHI,2200,MIN@CHI,1,FG_week1_2025_export.xlsx
2025,1,week1,RB,Nathan,Carter,ATL,ATL,2200,TB@ATL,1,FG_week1_2025_export.xlsx
2025,1,week1,RB,Michael,Carter,ARI,ARI,2200,ARI@NO,1,FG_week1_2025_export.xlsx
2025,1,week1,WR,DeAndre,Carter,CLE,CLE,2200,CIN@CLE,1,FG_week1_2025_export.xlsx
2025,1,week1,TE,McCallan,Castles,LAR,LA,2200,HOU@LA,1,FG_week1_2025_export.xlsx
2025,1,week1,WR,Joshua,Cephus,JAX,JAC,2200,CAR@JAC,1,FG_week1_2025_export.xlsx
2025,1,week1,WR,Quintez,Cephus,HOU,HOU,2200,HOU@LA,1,FG_week1_2025_export.xlsx
2025,1,week1,RB,Ty,Chandler,MIN,MIN,2200,MIN@CHI,1,FG_week1_2025_export.xlsx
2025,1,week1,WR,DJ,Chark,ATL,ATL,2200,TB@ATL,1,FG_week1_2025_export.xlsx
2025,1,week1,WR,Irvin,Charles,NYJ,NYJ,2200,PIT@NYJ,1,FG_week1_2025_export.xlsx
2025,1,week1,RB,Julius,Chestnut,TEN,TEN,2200,TEN@DEN,1,FG_week1_2025_export.xlsx
2025,1,week1,WR,Efton,Chism III,NE,NE,2200,LV@NE,1,FG_week1_2025_export.xlsx
2025,1,week1,WR,Robbie,Chosen,SF,SF,2200,SF@SEA,1,FG_week1_2025_export.xlsx
2025,1,week1,RB,Chris,Collier,LV,LV,2200,LV@NE,1,FG_week1_2025_export.xlsx
2025,1,week1,WR,Beaux,Collins,NYG,NYG,2200,NYG@WAS,1,FG_week1_2025_export.xlsx
2025,1,week1,RB,Quali,Conley,CIN,CIN,2200,CIN@CLE,1,FG_week1_2025_export.xlsx
2025,1,week1,TE,Tanner,Conner,MIA,MIA,2200,MIA@IND,1,FG_week1_2025_export.xlsx
2025,1,week1,WR,Elijah,Cooks,PHI,PHI,2200,DAL@PHI,1,FG_week1_2025_export.xlsx
2025,1,week1,WR,Darius,Cooper,PHI,PHI,2200,DAL@PHI,1,FG_week1_2025_export.xlsx
2025,1,week1,TE,John,Copenhaver,JAX,JAC,2200,CAR@JAC,1,FG_week1_2025_export.xlsx
2025,1,week1,RB,Jashaun,Corbin,ATL,ATL,2200,TB@ATL,1,FG_week1_2025_export.xlsx
2025,1,week1,WR,Malachi,Corley,CLE,CLE,2200,CIN@CLE,1,FG_week1_2025_export.xlsx
2025,1,week1,RB,Blake,Corum,LAR,LA,2200,HOU@LA,1,FG_week1_2025_export.xlsx
2025,1,week1,WR,Britain,Covey,LAR,LA,2200,HOU@LA,1,FG_week1_2025_export.xlsx
2025,1,week1,WR,Jacob,Cowing,SF,SF,2200,SF@SEA,1,FG_week1_2025_export.xlsx
2025,1,week1,WR,Jalen,Cropper,DAL,DAL,2200,DAL@PHI,1,FG_week1_2025_export.xlsx
2025,1,week1,RB,Jacory,Croskey-Merritt,WAS,WAS,2200,NYG@WAS,1,FG_week1_2025_export.xlsx
2025,1,week1,TE,Devin,Culp,TB,TB,2200,TB@ATL,1,FG_week1_2025_export.xlsx
2025,1,week1,WR,Malik,Cunningham,BAL,BAL,2200,BAL@BUF,1,FG_week1_2025_export.xlsx
2025,1,week1,TE,Baylor,Cupp,BAL,BAL,2200,BAL@BUF,1,FG_week1_2025_export.xlsx
2025,1,week1,TE,Drake,Dabney,TEN,TEN,2200,TEN@DEN,1,FG_week1_2025_export.xlsx
2025,1,week1,TE,Dominique,Dafney,CAR,CAR,2200,CAR@JAC,1,FG_week1_2025_export.xlsx
2025,1,week1,WR,Mac,Dalena,KC,KC,2200,KC@LAC,1,FG_week1_2025_export.xlsx
2025,1,week1,RB,DeeJay,Dallas,ARI,ARI,2200,ARI@NO,1,FG_week1_2025_export.xlsx
2025,1,week1,WR,Roderick,Daniels Jr.,NO,NO,2200,ARI@NO,1,FG_week1_2025_export.xlsx
2025,1,week1,TE,Zach,Davidson,BUF,BUF,2200,BAL@BUF,1,FG_week1_2025_export.xlsx
2025,1,week1,RB,Malik,Davis,DAL,DAL,2200,DAL@PHI,1,FG_week1_2025_export.xlsx
2025,1,week1,RB,Isaiah,Davis,NYJ,NYJ,2200,PIT@NYJ,1,FG_week1_2025_export.xlsx
2025,1,week1,WR,Derius,Davis,LAC,LAC,2200,KC@LAC,1,FG_week1_2025_export.xlsx
2025,1,week1,WR,Kaden,Davis,CLE,CLE,2200,CIN@CLE,1,FG_week1_2025_export.xlsx
2025,1,week1,WR,Joaquin,Davis,DEN,DEN,2200,TEN@DEN,1,FG_week1_2025_export.xlsx
2025,1,week1,RB,Tyrion,Davis-Price,GB,GB,2200,DET@GB,1,FG_week1_2025_export.xlsx
2025,1,week1,TE,Josiah,Deguara,ARI,ARI,2200,ARI@NO,1,FG_week1_2025_export.xlsx
2025,1,week1,RB,Emari,Demercado,ARI,ARI,2200,ARI@NO,1,FG_week1_2025_export.xlsx
2025,1,week1,WR,Chimere,Dike,TEN,TEN,2200,TEN@DEN,1,FG_week1_2025_export.xlsx
2025,1,week1,TE,CJ,Dippre,NE,NE,2200,LV@NE,1,FG_week1_2025_export.xlsx
2025,1,week1,TE,Will,Dissly,LAC,LAC,2200,KC@LAC,1,FG_week1_2025_export.xlsx
2025,1,week1,WR,Moochie,Dixon,NO,NO,2200,ARI@NO,1,FG_week1_2025_export.xlsx
2025,1,week1,WR,Phillip,Dorsett,LV,LV,2200,LV@NE,1,FG_week1_2025_export.xlsx
2025,1,week1,RB,Elijah,Dotson,ATL,ATL,2200,TB@ATL,1,FG_week1_2025_export.xlsx
2025,1,week1,WR,Jahan,Dotson,PHI,PHI,2200,DAL@PHI,1,FG_week1_2025_export.xlsx
2025,1,week1,WR,Dylan,Drummond,ATL,ATL,2200,TB@ATL,1,FG_week1_2025_export.xlsx
2025,1,week1,TE,Greg,Dulcich,NYG,NYG,2200,NYG@WAS,1,FG_week1_2025_export.xlsx
2025,1,week1,WR,Ashton,Dulin,IND,IND,2200,MIA@IND,1,FG_week1_2025_export.xlsx
2025,1,week1,TE,Payne,Durham,TB,TB,2200,TB@ATL,1,FG_week1_2025_export.xlsx
2025,1,week1,WR,Devin,Duvernay,CHI,CHI,2200,MIN@CHI,1,FG_week1_2025_export.xlsx
2025,1,week1,TE,Ross,Dwelley,SF,SF,2200,SF@SEA,1,FG_week1_2025_export.xlsx
2025,1,week1,RB,Donovan,Edwards,NYJ,NYJ,2200,PIT@NYJ,1,FG_week1_2025_export.xlsx
2025,1,week1,WR,Tru,Edwards,LAR,LA,2200,HOU@LA,1,FG_week1_2025_export.xlsx
2025,1,week1,RB,Clyde,Edwards-Helaire,NO,NO,2200,ARI@NO,1,FG_week1_2025_export.xlsx
2025,1,week1,WR,Dee,Eskridge,MIA,MIA,2200,MIA@IND,1,FG_week1_2025_export.xlsx
2025,1,week1,RB,Audric,Estime,DEN,DEN,2200,TEN@DEN,1,FG_week1_2025_export.xlsx
2025,1,week1,RB,Trevor,Etienne,CAR,CAR,2200,CAR@JAC,1,FG_week1_2025_export.xlsx
2025,1,week1,RB,Darrynton,Evans,BUF,BUF,2200,BAL@BUF,1,FG_week1_2025_export.xlsx
2025,1,week1,TE,Mitchell,Evans,CAR,CAR,2200,CAR@JAC,1,FG_week1_2025_export.xlsx
2025,1,week1,WR,Erik,Ezukanma,MIA,MIA,2200,MIA@IND,1,FG_week1_2025_export.xlsx
2025,1,week1,TE,Rivaldo,Fairweather,DAL,DAL,2200,DAL@PHI,1,FG_week1_2025_export.xlsx
2025,1,week1,TE,Harold,Fannin Jr.,CLE,CLE,2200,CIN@CLE,1,FG_week1_2025_export.xlsx
2025,1,week1,TE,Princeton,Fant,DAL,DAL,2200,DAL@PHI,1,FG_week1_2025_export.xlsx
2025,1,week1,TE,Luke,Farrell,SF,SF,2200,SF@SEA,1,FG_week1_2025_export.xlsx
2025,1,week1,WR,Simi,Fehoko,ARI,ARI,2200,ARI@NO,1,FG_week1_2025_export.xlsx
2025,1,week1,RB,Demetric,Felton,WAS,WAS,2200,NYG@WAS,1,FG_week1_2025_export.xlsx
2025,1,week1,WR,Da'Quan,Felton,NYG,NYG,2200,NYG@WAS,1,FG_week1_2025_export.xlsx
2025,1,week1,WR,Tai,Felton,MIN,MIN,2200,MIN@CHI,1,FG_week1_2025_export.xlsx
2025,1,week1,TE,Jake,Ferguson,DAL,DAL,2200,DAL@PHI,1,FG_week1_2025_export.xlsx
2025,1,week1,TE,Terrance,Ferguson,LAR,LA,2200,HOU@LA,1,FG_week1_2025_export.xlsx
2025,1,week1,TE,Thomas,Fidone II,NYG,NYG,2200,NYG@WAS,1,FG_week1_2025_export.xlsx
2025,1,week1,TE,Tucker,Fisk,LAC,LAC,2200,KC@LAC,1,FG_week1_2025_export.xlsx
2025,1,week1,TE,John,FitzPatrick,GB,GB,2200,DET@GB,1,FG_week1_2025_export.xlsx
2025,1,week1,WR,Dez,Fitzpatrick,LAC,LAC,2200,KC@LAC,1,FG_week1_2025_export.xlsx
2025,1,week1,WR,Dontae,Fleming,MIN,MIN,2200,MIN@CHI,1,FG_week1_2025_export.xlsx
2025,1,week1,WR,Ryan,Flournoy,DAL,DAL,2200,DAL@PHI,1,FG_week1_2025_export.xlsx
2025,1,week1,TE,Kevin,Foelsch,PIT,PIT,2200,PIT@NYJ,1,FG_week1_2025_export.xlsx
2025,1,week1,TE,Cole,Fotheringham,NE,NE,2200,LV@NE,1,FG_week1_2025_export.xlsx
2025,1,week1,WR,Troy,Franklin,DEN,DEN,2200,TEN@DEN,1,FG_week1_2025_export.xlsx
2025,1,week1,TE,Feleipe,Franks,ATL,ATL,2200,TB@ATL,1,FG_week1_2025_export.xlsx
2025,1,week1,TE,Oronde,Gadsden,LAC,LAC,2200,KC@LAC,1,FG_week1_2025_export.xlsx
2025,1,week1,WR,Russell,Gage Jr.,SF,SF,2200,SF@SEA,1,FG_week1_2025_export.xlsx
2025,1,week1,RB,Kenneth,Gainwell,PIT,PIT,2200,PIT@NYJ,1,FG_week1_2025_export.xlsx
2025,1,week1,TE,JJ,Galbreath,PIT,PIT,2200,PIT@NYJ,1,FG_week1_2025_export.xlsx
2025,1,week1,WR,Michael,Gallup,WAS,WAS,2200,NYG@WAS,1,FG_week1_2025_export.xlsx
2025,1,week1,RB,Myles,Gaskin,BAL,BAL,2200,BAL@BUF,1,FG_week1_2025_export.xlsx
2025,1,week1,WR,Jacolby,George,CAR,CAR,2200,CAR@JAC,1,FG_week1_2025_export.xlsx
2025,1,week1,RB,Antonio,Gibson,NE,NE,2200,LV@NE,1,FG_week1_2025_export.xlsx
2025,1,week1,RB,DJ,Giddens,IND,IND,2200,MIA@IND,1,FG_week1_2025_export.xlsx
2025,1,week1,RB,Reggie,Gilliam,BUF,BUF,2200,BAL@BUF,1,FG_week1_2025_export.xlsx
2025,1,week1,WR,Xavier,Gipson,NYJ,NYJ,2200,PIT@NYJ,1,FG_week1_2025_export.xlsx
2025,1,week1,RB,Tyler,Goodson,IND,IND,2200,MIA@IND,1,FG_week1_2025_export.xlsx
2025,1,week1,TE,Thomas,Gordon,CHI,CHI,2200,MIN@CHI,1,FG_week1_2025_export.xlsx
2025,1,week1,RB,Ollie,Gordon II,MIA,MIA,2200,MIA@IND,1,FG_week1_2025_export.xlsx
2025,1,week1,RB,Frank,Gore Jr.,BUF,BUF,2200,BAL@BUF,1,FG_week1_2025_export.xlsx
2025,1,week1,WR,Stephen,Gosnell,BUF,BUF,2200,BAL@BUF,1,FG_week1_2025_export.xlsx
2025,1,week1,WR,Anthony,Gould,IND,IND,2200,MIA@IND,1,FG_week1_2025_export.xlsx
2025,1,week1,TE,Cam,Grandy,CIN,CIN,2200,CIN@CLE,1,FG_week1_2025_export.xlsx
2025,1,week1,TE,Kylen,Granson,PHI,PHI,2200,DAL@PHI,1,FG_week1_2025_export.xlsx
2025,1,week1,RB,Eric,Gray,NYG,NYG,2200,NYG@WAS,1,FG_week1_2025_export.xlsx
2025,1,week1,TE,Noah,Gray,KC,KC,2200,KC@LAC,1,FG_week1_2025_export.xlsx
2025,1,week1,TE,Seth,Green,NO,NO,2200,ARI@NO,1,FG_week1_2025_export.xlsx
2025,1,week1,WR,Bryson,Green,ARI,ARI,2200,ARI@NO,1,FG_week1_2025_export.xlsx
2025,1,week1,WR,Garrett,Greene,TB,TB,2200,TB@ATL,1,FG_week1_2025_export.xlsx
2025,1,week1,WR,Luke,Grimm,LAC,LAC,2200,KC@LAC,1,FG_week1_2025_export.xlsx
2025,1,week1,WR,Xavier,Guillory,BAL,BAL,2200,BAL@BUF,1,FG_week1_2025_export.xlsx
2025,1,week1,RB,C.J.,Ham,MIN,MIN,2200,MIN@CHI,1,FG_week1_2025_export.xlsx
2025,1,week1,WR,KJ,Hamler,BUF,BUF,2200,BAL@BUF,1,FG_week1_2025_export.xlsx
2025,1,week1,RB,Deion,Hankins,CHI,CHI,2200,MIN@CHI,1,FG_week1_2025_export.xlsx
2025,1,week1,WR,Mecole,Hardman,GB,GB,2200,DET@GB,1,FG_week1_2025_export.xlsx
2025,1,week1,WR,Jacob,Harris,TB,TB,2200,TB@ATL,1,FG_week1_2025_export.xlsx
2025,1,week1,RB,Hassan,Haskins,LAC,LAC,2200,KC@LAC,1,FG_week1_2025_export.xlsx
2025,1,week1,RB,JaMycal,Hasty,NE,NE,2200,LV@NE,1,FG_week1_2025_export.xlsx
2025,1,week1,TE,Jackson,Hawes,BUF,BUF,2200,BAL@BUF,1,FG_week1_2025_export.xlsx
2025,1,week1,WR,Malik,Heath,GB,GB,2200,DET@GB,1,FG_week1_2025_export.xlsx
2025,1,week1,TE,Gunnar,Helm,TEN,TEN,2200,TEN@DEN,1,FG_week1_2025_export.xlsx
2025,1,week1,WR,AJ,Henning,MIA,MIA,2200,MIA@IND,1,FG_week1_2025_export.xlsx
2025,1,week1,RB,Khalil,Herbert,IND,IND,2200,MIA@IND,1,FG_week1_2025_export.xlsx
2025,1,week1,TE,Patrick,Herbert,JAX,JAC,2200,CAR@JAC,1,FG_week1_2025_export.xlsx
2025,1,week1,TE,Connor,Heyward,PIT,PIT,2200,PIT@NYJ,1,FG_week1_2025_export.xlsx
2025,1,week1,WR,Julian,Hicks,GB,GB,2200,DET@GB,1,FG_week1_2025_export.xlsx
2025,1,week1,TE,Elijah,Higgins,ARI,ARI,2200,ARI@NO,1,FG_week1_2025_export.xlsx
2025,1,week1,TE,Julian,Hill,MIA,MIA,2200,MIA@IND,1,FG_week1_2025_export.xlsx
2025,1,week1,WR,KhaDarel,Hodge,ATL,ATL,2200,TB@ATL,1,FG_week1_2025_export.xlsx
2025,1,week1,WR,Isaiah,Hodgins,SF,SF,2200,SF@SEA,1,FG_week1_2025_export.xlsx
2025,1,week1,RB,George,Holani,SEA,SEA,2200,SF@SEA,1,FG_week1_2025_export.xlsx
2025,1,week1,WR,Traeshon,Holden,DAL,DAL,2200,DAL@PHI,1,FG_week1_2025_export.xlsx
2025,1,week1,WR,Jimmy,Holiday,KC,KC,2200,KC@LAC,1,FG_week1_2025_export.xlsx
2025,1,week1,WR,Mack,Hollins,NE,NE,2200,LV@NE,1,FG_week1_2025_export.xlsx
2025,1,week1,RB,Travis,Homer,CHI,CHI,2200,MIN@CHI,1,FG_week1_2025_export.xlsx
2025,1,week1,TE,Austin,Hooper,NE,NE,2200,LV@NE,1,FG_week1_2025_export.xlsx
2025,1,week1,WR,Jimmy,Horn Jr.,CAR,CAR,2200,CAR@JAC,1,FG_week1_2025_export.xlsx
2025,1,week1,TE,Zach,Horton,DET,DET,2200,DET@GB,1,FG_week1_2025_export.xlsx
2025,1,week1,WR,Tory,Horton,SEA,SEA,2200,SF@SEA,1,FG_week1_2025_export.xlsx
2025,1,week1,WR,Dennis,Houston,TB,TB,2200,TB@ATL,1,FG_week1_2025_export.xlsx
2025,1,week1,TE,Tanner,Hudson,CIN,CIN,2200,CIN@CLE,1,FG_week1_2025_export.xlsx
2025,1,week1,WR,Kobe,Hudson,CAR,CAR,2200,CAR@JAC,1,FG_week1_2025_export.xlsx
2025,1,week1,RB,Evan,Hull,PIT,PIT,2200,PIT@NYJ,1,FG_week1_2025_export.xlsx
2025,1,week1,WR,Lil'Jordan,Humphrey,NYG,NYG,2200,NYG@WAS,1,FG_week1_2025_export.xlsx
2025,1,week1,RB,Jarquez,Hunter,LAR,LA,2200,HOU@LA,1,FG_week1_2025_export.xlsx
2025,1,week1,RB,Max,Hurleman,PIT,PIT,2200,PIT@NYJ,1,FG_week1_2025_export.xlsx
2025,1,week1,WR,Xavier,Hutchinson,HOU,HOU,2200,HOU@LA,1,FG_week1_2025_export.xlsx
2025,1,week1,WR,Jalin,Hyatt,NYG,NYG,2200,NYG@WAS,1,FG_week1_2025_export.xlsx
2025,1,week1,RB,Alec,Ingold,MIA,MIA,2200,MIA@IND,1,FG_week1_2025_export.xlsx
2025,1,week1,WR,Trenton,Irwin,JAX,JAC,2200,CAR@JAC,1,FG_week1_2025_export.xlsx
2025,1,week1,TE,Qadir,Ismail,LV,LV,2200,LV@NE,1,FG_week1_2025_export.xlsx
2025,1,week1,RB,Ja'Quinden,Jackson,JAX,JAC,2200,CAR@JAC,1,FG_week1_2025_export.xlsx
2025,1,week1,RB,Deon,Jackson,DET,DET,2200,DET@GB,1,FG_week1_2025_export.xlsx
2025,1,week1,WR,Giles,Jackson,PHI,PHI,2200,DAL@PHI,1,FG_week1_2025_export.xlsx
2025,1,week1,WR,JaQuae,Jackson,LAC,LAC,2200,KC@LAC,1,FG_week1_2025_export.xlsx
2025,1,week1,WR,Shedrick,Jackson,LV,LV,2200,LV@NE,1,FG_week1_2025_export.xlsx
2025,1,week1,WR,Jha'Quan,Jackson,TEN,TEN,2200,TEN@DEN,1,FG_week1_2025_export.xlsx
2025,1,week1,WR,Courtney,Jackson,DEN,DEN,2200,TEN@DEN,1,FG_week1_2025_export.xlsx
2025,1,week1,WR,Daniel,Jackson,HOU,HOU,2200,HOU@LA,1,FG_week1_2025_export.xlsx
2025,1,week1,WR,Lucky,Jackson,MIN,MIN,2200,MIN@CHI,1,FG_week1_2025_export.xlsx
2025,1,week1,WR,Ketron,Jackson Jr.,LV,LV,2200,LV@NE,1,FG_week1_2025_export.xlsx
2025,1,week1,TE,Michael,Jacobson,NO,NO,2200,ARI@NO,1,FG_week1_2025_export.xlsx
2025,1,week1,RB,Jordan,James,SF,SF,2200,SF@SEA,1,FG_week1_2025_export.xlsx
2025,1,week1,WR,Rakim,Jarrett,TB,TB,2200,TB@ATL,1,FG_week1_2025_export.xlsx
2025,1,week1,RB,Jermar,Jefferson,TEN,TEN,2200,TEN@DEN,1,FG_week1_2025_export.xlsx
2025,1,week1,WR,Van,Jefferson,TEN,TEN,2200,TEN@DEN,1,FG_week1_2025_export.xlsx
2025,1,week1,TE,E.J.,Jenkins,PHI,PHI,2200,DAL@PHI,1,FG_week1_2025_export.xlsx
2025,1,week1,RB,Terrell,Jennings,NE,NE,2200,LV@NE,1,FG_week1_2025_export.xlsx
2025,1,week1,WR,John,Jiles,NE,NE,2200,LV@NE,1,FG_week1_2025_export.xlsx
2025,1,week1,RB,Amar,Johnson,GB,GB,2200,DET@GB,1,FG_week1_2025_export.xlsx
2025,1,week1,RB,Jakob,Johnson,HOU,HOU,2200,HOU@LA,1,FG_week1_2025_export.xlsx
2025,1,week1,RB,D'Ernest,Johnson,BAL,BAL,2200,BAL@BUF,1,FG_week1_2025_export.xlsx
2025,1,week1,RB,Roschon,Johnson,CHI,CHI,2200,MIN@CHI,1,FG_week1_2025_export.xlsx
2025,1,week1,TE,Neal,Johnson,NYJ,NYJ,2200,PIT@NYJ,1,FG_week1_2025_export.xlsx
2025,1,week1,WR,Jaylen,Johnson,LAC,LAC,2200,KC@LAC,1,FG_week1_2025_export.xlsx
2025,1,week1,WR,Kameron,Johnson,TB,TB,2200,TB@ATL,1,FG_week1_2025_export.xlsx
2025,1,week1,WR,Tez,Johnson,TB,TB,2200,TB@ATL,1,FG_week1_2025_export.xlsx
2025,1,week1,WR,Brandon,Johnson,PIT,PIT,2200,PIT@NYJ,1,FG_week1_2025_export.xlsx
2025,1,week1,WR,Tyler,Johnson,NYJ,NYJ,2200,PIT@NYJ,1,FG_week1_2025_export.xlsx
2025,1,week1,WR,Diontae,Johnson,CLE,CLE,2200,CIN@CLE,1,FG_week1_2025_export.xlsx
2025,1,week1,WR,Kisean,Johnson,CLE,CLE,2200,CIN@CLE,1,FG_week1_2025_export.xlsx
2025,1,week1,WR,Collin,Johnson,LV,LV,2200,LV@NE,1,FG_week1_2025_export.xlsx
2025,1,week1,WR,Cornelius,Johnson,GB,GB,2200,DET@GB,1,FG_week1_2025_export.xlsx
2025,1,week1,WR,Xavier,Johnson,HOU,HOU,2200,HOU@LA,1,FG_week1_2025_export.xlsx
2025,1,week1,RB,Montrell,Johnson Jr.,PHI,PHI,2200,DAL@PHI,1,FG_week1_2025_export.xlsx
2025,1,week1,WR,Jacoby,Jones,WAS,WAS,2200,NYG@WAS,1,FG_week1_2025_export.xlsx
2025,1,week1,WR,Zay,Jones,ARI,ARI,2200,ARI@NO,1,FG_week1_2025_export.xlsx
2025,1,week1,WR,Charlie,Jones,CIN,CIN,2200,CIN@CLE,1,FG_week1_2025_export.xlsx
2025,1,week1,WR,Tim,Jones,MIN,MIN,2200,MIN@CHI,1,FG_week1_2025_export.xlsx
2025,1,week1,WR,Jeshaun,Jones,MIN,MIN,2200,MIN@CHI,1,FG_week1_2025_export.xlsx
2025,1,week1,RB,Velus,Jones Jr.,NO,NO,2200,ARI@NO,1,FG_week1_2025_export.xlsx
2025,1,week1,RB,Jawhar,Jordan,HOU,HOU,2200,HOU@LA,1,FG_week1_2025_export.xlsx
2025,1,week1,RB,Kyle,Juszczyk,SF,SF,2200,SF@SEA,1,FG_week1_2025_export.xlsx
2025,1,week1,WR,Tyler,Kahmann,IND,IND,2200,MIA@IND,1,FG_week1_2025_export.xlsx
2025,1,week1,TE,Nikola,Kalinic,ATL,ATL,2200,TB@ATL,1,FG_week1_2025_export.xlsx
2025,1,week1,TE,Nick,Kallerup,SEA,SEA,2200,SF@SEA,1,FG_week1_2025_export.xlsx
2025,1,week1,WR,Jakobie,Keeney-James,DET,DET,2200,DET@GB,1,FG_week1_2025_export.xlsx
2025,1,week1,WR,Josh,Kelly,DAL,DAL,2200,DAL@PHI,1,FG_week1_2025_export.xlsx
2025,1,week1,WR,Tom,Kennedy,DET,DET,2200,DET@GB,1,FG_week1_2025_export.xlsx
2025,1,week1,TE,Ko,Kieft,TB,TB,2200,TB@ATL,1,FG_week1_2025_export.xlsx
2025,1,week1,RB,Corey,Kiner,SF,SF,2200,SF@SEA,1,FG_week1_2025_export.xlsx
2025,1,week1,WR,Mason,Kinsey,TEN,TEN,2200,TEN@DEN,1,FG_week1_2025_export.xlsx
2025,1,week1,WR,Keith,Kirkwood,BAL,BAL,2200,BAL@BUF,1,FG_week1_2025_export.xlsx
2025,1,week1,TE,Stevo,Klotz,LAC,LAC,2200,KC@LAC,1,FG_week1_2025_export.xlsx
2025,1,week1,TE,Cole,Kmet,CHI,CHI,2200,MIN@CHI,1,FG_week1_2025_export.xlsx
2025,1,week1,RB,Bam,Knight,ARI,ARI,2200,ARI@NO,1,FG_week1_2025_export.xlsx
2025,1,week1,TE,Dawson,Knox,BUF,BUF,2200,BAL@BUF,1,FG_week1_2025_export.xlsx
2025,1,week1,TE,Charlie,Kolar,BAL,BAL,2200,BAL@BUF,1,FG_week1_2025_export.xlsx
2025,1,week1,TE,Lucas,Krull,DEN,DEN,2200,TEN@DEN,1,FG_week1_2025_export.xlsx
2025,1,week1,TE,Zack,Kuntz,NYJ,NYJ,2200,PIT@NYJ,1,FG_week1_2025_export.xlsx
2025,1,week1,TE,Luke,Lachey,HOU,HOU,2200,HOU@LA,1,FG_week1_2025_export.xlsx
2025,1,week1,WR,KeAndre,Lambert-Smith,LAC,LAC,2200,KC@LAC,1,FG_week1_2025_export.xlsx
2025,1,week1,WR,Matt,Landers,TEN,TEN,2200,TEN@DEN,1,FG_week1_2025_export.xlsx
2025,1,week1,WR,Jaylin,Lane,WAS,WAS,2200,NYG@WAS,1,FG_week1_2025_export.xlsx
2025,1,week1,TE,Marshall,Lang,SEA,SEA,2200,SF@SEA,1,FG_week1_2025_export.xlsx
2025,1,week1,WR,Gage,Larvadain,CLE,CLE,2200,CIN@CLE,1,FG_week1_2025_export.xlsx
2025,1,week1,WR,Darius,Lassiter,JAX,JAC,2200,CAR@JAC,1,FG_week1_2025_export.xlsx
2025,1,week1,TE,Cameron,Latu,PHI,PHI,2200,DAL@PHI,1,FG_week1_2025_export.xlsx
2025,1,week1,TE,Keleki,Latu,BUF,BUF,2200,BAL@BUF,1,FG_week1_2025_export.xlsx
2025,1,week1,RB,Dylan,Laube,LV,LV,2200,LV@NE,1,FG_week1_2025_export.xlsx
2025,1,week1,WR,Robert,Lewis,MIN,MIN,2200,MIN@CHI,1,FG_week1_2025_export.xlsx
2025,1,week1,RB,MarShawn,Lloyd,GB,GB,2200,DET@GB,1,FG_week1_2025_export.xlsx
2025,1,week1,WR,Tyler,Lockett,TEN,TEN,2200,TEN@DEN,1,FG_week1_2025_export.xlsx
2025,1,week1,TE,Caleb,Lohner,DEN,DEN,2200,TEN@DEN,1,FG_week1_2025_export.xlsx
2025,1,week1,TE,Hunter,Long,JAX,JAC,2200,CAR@JAC,1,FG_week1_2025_export.xlsx
2025,1,week1,WR,Dominic,Lovett,DET,DET,2200,DET@GB,1,FG_week1_2025_export.xlsx
2025,1,week1,RB,Hunter,Luepke,DAL,DAL,2200,DAL@PHI,1,FG_week1_2025_export.xlsx
2025,1,week1,TE,Johnny,Lumpkin,GB,GB,2200,DET@GB,1,FG_week1_2025_export.xlsx
2025,1,week1,WR,T.J.,Luther,CAR,CAR,2200,CAR@JAC,1,FG_week1_2025_export.xlsx
2025,1,week1,RB,Kayron,Lynch-Adams,CAR,CAR,2200,CAR@JAC,1,FG_week1_2025_export.xlsx
2025,1,week1,TE,Tyler,Mabry,CAR,CAR,2200,CAR@JAC,1,FG_week1_2025_export.xlsx
2025,1,week1,RB,Phil,Mafah,DAL,DAL,2200,DAL@PHI,1,FG_week1_2025_export.xlsx
2025,1,week1,TE,Will,Mallory,IND,IND,2200,MIA@IND,1,FG_week1_2025_export.xlsx
2025,1,week1,TE,Max,Mang,IND,IND,2200,MIA@IND,1,FG_week1_2025_export.xlsx
2025,1,week1,TE,Chris,Manhertz,NYG,NYG,2200,NYG@WAS,1,FG_week1_2025_export.xlsx
2025,1,week1,RB,Woody,Marks,HOU,HOU,2200,HOU@LA,1,FG_week1_2025_export.xlsx
2025,1,week1,RB,Ahmani,Marshall,CLE,CLE,2200,CIN@CLE,1,FG_week1_2025_export.xlsx
2025,1,week1,WR,Terrace,Marshall,PHI,PHI,2200,DAL@PHI,1,FG_week1_2025_export.xlsx
2025,1,week1,TE,David,Martin-Robinson,TEN,TEN,2200,TEN@DEN,1,FG_week1_2025_export.xlsx
2025,1,week1,RB,Damien,Martinez,SEA,SEA,2200,SF@SEA,1,FG_week1_2025_export.xlsx
2025,1,week1,TE,Moliki,Matavao,NO,NO,2200,ARI@NO,1,FG_week1_2025_export.xlsx
2025,1,week1,RB,Scott,Matlock,LAC,LAC,2200,KC@LAC,1,FG_week1_2025_export.xlsx
2025,1,week1,WR,Jesse,Matthews,ATL,ATL,2200,TB@ATL,1,FG_week1_2025_export.xlsx
2025,1,week1,TE,Michael,Mayer,LV,LV,2200,LV@NE,1,FG_week1_2025_export.xlsx
2025,1,week1,WR,Jamoi,Mayes,CIN,CIN,2200,CIN@CLE,1,FG_week1_2025_export.xlsx
2025,1,week1,WR,Luke,McCaffrey,WAS,WAS,2200,NYG@WAS,1,FG_week1_2025_export.xlsx
2025,1,week1,RB,Jase,McClellan,TB,TB,2200,TB@ATL,1,FG_week1_2025_export.xlsx
2025,1,week1,WR,Ray-Ray,McCloud III,ATL,ATL,2200,TB@ATL,1,FG_week1_2025_export.xlsx
2025,1,week1,WR,Nate,McCollum,ARI,ARI,2200,ARI@NO,1,FG_week1_2025_export.xlsx
2025,1,week1,RB,Sincere,McCormick,LV,LV,2200,LV@NE,1,FG_week1_2025_export.xlsx
2025,1,week1,WR,Lance,McCutcheon,PIT,PIT,2200,PIT@NYJ,1,FG_week1_2025_export.xlsx
2025,1,week1,WR,Cade,McDonald,CLE,CLE,2200,CIN@CLE,1,FG_week1_2025_export.xlsx
2025,1,week1,TE,Sean,McKeon,IND,IND,2200,MIA@IND,1,FG_week1_2025_export.xlsx
2025,1,week1,TE,Tre',McKitty,HOU,HOU,2200,HOU@LA,1,FG_week1_2025_export.xlsx
2025,1,week1,TE,Tanner,McLachlan,CIN,CIN,2200,CIN@CLE,1,FG_week1_2025_export.xlsx
2025,1,week1,RB,Jaleel,McLaughlin,DEN,DEN,2200,TEN@DEN,1,FG_week1_2025_export.xlsx
2025,1,week1,RB,Jeremy,McNichols,WAS,WAS,2200,NYG@WAS,1,FG_week1_2025_export.xlsx
2025,1,week1,WR,Bub,Means,NO,NO,2200,ARI@NO,1,FG_week1_2025_export.xlsx
2025,1,week1,WR,Jackson,Meeks,DET,DET,2200,DET@GB,1,FG_week1_2025_export.xlsx
2025,1,week1,WR,Tommy,Mellott,LV,LV,2200,LV@NE,1,FG_week1_2025_export.xlsx
2025,1,week1,WR,John,Metchie III,PHI,PHI,2200,HOU@LA,1,FG_week1_2025_export.xlsx
2025,1,week1,RB,Dante,Miller,NYG,NYG,2200,NYG@WAS,1,FG_week1_2025_export.xlsx
2025,1,week1,RB,Kendre,Miller,NO,NO,2200,ARI@NO,1,FG_week1_2025_export.xlsx
2025,1,week1,WR,Ryan,Miller,TB,TB,2200,TB@ATL,1,FG_week1_2025_export.xlsx
2025,1,week1,WR,Scotty,Miller,PIT,PIT,2200,PIT@NYJ,1,FG_week1_2025_export.xlsx
2025,1,week1,WR,Dymere,Miller,NYJ,NYJ,2200,PIT@NYJ,1,FG_week1_2025_export.xlsx
2025,1,week1,WR,Anthony,Miller,BAL,BAL,2200,BAL@BUF,1,FG_week1_2025_export.xlsx
2025,1,week1,RB,Nyheim,Miller-Hines,LAC,LAC,2200,KC@LAC,1,FG_week1_2025_export.xlsx
2025,1,week1,RB,Kendall,Milton,CIN,CIN,2200,CIN@CLE,1,FG_week1_2025_export.xlsx
2025,1,week1,RB,Jordan,Mims,TEN,TEN,2200,TEN@DEN,1,FG_week1_2025_export.xlsx
2025,1,week1,WR,Jonathan,Mingo,DAL,DAL,2200,DAL@PHI,1,FG_week1_2025_export.xlsx
2025,1,week1,RB,Keaton,Mitchell,BAL,BAL,2200,BAL@BUF,1,FG_week1_2025_export.xlsx
2025,1,week1,TE,James,Mitchell,CAR,CAR,2200,CAR@JAC,1,FG_week1_2025_export.xlsx
2025,1,week1,WR,Adonai,Mitchell,IND,IND,2200,MIA@IND,1,FG_week1_2025_export.xlsx
2025,1,week1,TE,Zaire,Mitchell-Paden,BAL,BAL,2200,BAL@BUF,1,FG_week1_2025_export.xlsx
2025,1,week1,RB,Kyle,Monangai,CHI,CHI,2200,MIN@CHI,1,FG_week1_2025_export.xlsx
2025,1,week1,WR,D.J.,Montgomery,IND,IND,2200,MIA@IND,1,FG_week1_2025_export.xlsx
2025,1,week1,WR,David,Moore,CAR,CAR,2200,CAR@JAC,1,FG_week1_2025_export.xlsx
2025,1,week1,WR,Chris,Moore,WAS,WAS,2200,NYG@WAS,1,FG_week1_2025_export.xlsx
2025,1,week1,WR,Jordan,Moore,CIN,CIN,2200,CIN@CLE,1,FG_week1_2025_export.xlsx
2025,1,week1,WR,Skyy,Moore,SF,SF,2200,SF@SEA,1,FG_week1_2025_export.xlsx
2025,1,week1,WR,Elijah,Moore,BUF,BUF,2200,BAL@BUF,1,FG_week1_2025_export.xlsx
2025,1,week1,TE,Foster,Moreau,NO,NO,2200,ARI@NO,1,FG_week1_2025_export.xlsx
2025,1,week1,WR,Taylor,Morin,PHI,PHI,2200,DAL@PHI,1,FG_week1_2025_export.xlsx
2025,1,week1,TE,Quintin,Morris,JAX,JAC,2200,CAR@JAC,1,FG_week1_2025_export.xlsx
2025,1,week1,RB,Raheem,Mostert,LV,LV,2200,LV@NE,1,FG_week1_2025_export.xlsx
2025,1,week1,RB,Kalel,Mullings,TEN,TEN,2200,TEN@DEN,1,FG_week1_2025_export.xlsx
2025,1,week1,WR,Konata,Mumpfield,LAR,LA,2200,HOU@LA,1,FG_week1_2025_export.xlsx
2025,1,week1,TE,Johnny,Mundt,JAX,JAC,2200,CAR@JAC,1,FG_week1_2025_export.xlsx
2025,1,week1,TE,Nick,Muse,PHI,PHI,2200,DAL@PHI,1,FG_week1_2025_export.xlsx
2025,1,week1,TE,Luke,Musgrave,GB,GB,2200,DET@GB,1,FG_week1_2025_export.xlsx
2025,1,week1,TE,Chris,Myarick,MIA,MIA,2200,MIA@IND,1,FG_week1_2025_export.xlsx
2025,1,week1,WR,Nick,Nash,ATL,ATL,2200,TB@ATL,1,FG_week1_2025_export.xlsx
2025,1,week1,RB,Devin,Neal,NO,NO,2200,ARI@NO,1,FG_week1_2025_export.xlsx
2025,1,week1,TE,Bryson,Nesbit,MIN,MIN,2200,MIN@CHI,1,FG_week1_2025_export.xlsx
2025,1,week1,TE,Tyler,Neville,DAL,DAL,2200,DAL@PHI,1,FG_week1_2025_export.xlsx
2025,1,week1,WR,Jerjuan,Newton,DEN,DEN,2200,TEN@DEN,1,FG_week1_2025_export.xlsx
2025,1,week1,WR,Isaiah,Neyor,GB,GB,2200,DET@GB,1,FG_week1_2025_export.xlsx
2025,1,week1,RB,Lew,Nichols,PIT,PIT,2200,PIT@NYJ,1,FG_week1_2025_export.xlsx
2025,1,week1,RB,Nate,Noel,IND,IND,2200,MIA@IND,1,FG_week1_2025_export.xlsx
2025,1,week1,RB,Kene,Nwangwu,NYJ,NYJ,2200,PIT@NYJ,1,FG_week1_2025_export.xlsx
2025,1,week1,TE,Gunnar,Oakes,DET,DET,2200,DET@GB,1,FG_week1_2025_export.xlsx
2025,1,week1,TE,Thomas,Odukoya,TEN,TEN,2200,TEN@DEN,1,FG_week1_2025_export.xlsx
2025,1,week1,TE,Drew,Ogletree,IND,IND,2200,MIA@IND,1,FG_week1_2025_export.xlsx
2025,1,week1,RB,Dare,Ogunbowale,HOU,HOU,2200,HOU@LA,1,FG_week1_2025_export.xlsx
2025,1,week1,TE,Albert,Okwuegbunam,LV,LV,2200,LV@NE,1,FG_week1_2025_export.xlsx
2025,1,week1,TE,Josh,Oliver,MIN,MIN,2200,MIN@CHI,1,FG_week1_2025_export.xlsx
2025,1,week1,WR,Bryce,Oliver,TEN,TEN,2200,TEN@DEN,1,FG_week1_2025_export.xlsx
2025,1,week1,WR,Gunner,Olszewski,NYG,NYG,2200,NYG@WAS,1,FG_week1_2025_export.xlsx
2025,1,week1,WR,K.J.,Osborn,WAS,WAS,2200,NYG@WAS,1,FG_week1_2025_export.xlsx
2025,1,week1,RB,Robbie,Ouzts,SEA,SEA,2200,SF@SEA,1,FG_week1_2025_export.xlsx
2025,1,week1,WR,Coleman,Owen,IND,IND,2200,MIA@IND,1,FG_week1_2025_export.xlsx
2025,1,week1,WR,Rashod,Owens,CIN,CIN,2200,CIN@CLE,1,FG_week1_2025_export.xlsx
2025,1,week1,WR,Terique,Owens,SF,SF,2200,SF@SEA,1,FG_week1_2025_export.xlsx
2025,1,week1,WR,Trey,Palmer,NO,NO,2200,ARI@NO,1,FG_week1_2025_export.xlsx
2025,1,week1,WR,Tejhaun,Palmer,ARI,ARI,2200,ARI@NO,1,FG_week1_2025_export.xlsx
2025,1,week1,WR,Eli,Pancol,JAX,JAC,2200,CAR@JAC,1,FG_week1_2025_export.xlsx
2025,1,week1,WR,Landon,Parker,IND,IND,2200,MIA@IND,1,FG_week1_2025_export.xlsx
2025,1,week1,TE,Colby,Parkinson,LAR,LA,2200,HOU@LA,1,FG_week1_2025_export.xlsx
2025,1,week1,WR,Zach,Pascal,NYG,NYG,2200,NYG@WAS,1,FG_week1_2025_export.xlsx
2025,1,week1,WR,Tim,Patrick,JAX,JAC,2200,CAR@JAC,1,FG_week1_2025_export.xlsx
2025,1,week1,RB,Jaret,Patterson,LAC,LAC,2200,KC@LAC,1,FG_week1_2025_export.xlsx
2025,1,week1,WR,Donovan,Peoples-Jones,NO,NO,2200,ARI@NO,1,FG_week1_2025_export.xlsx
2025,1,week1,RB,Samaje,Perine,CIN,CIN,2200,CIN@CLE,1,FG_week1_2025_export.xlsx
2025,1,week1,WR,A.T.,Perry,DEN,DEN,2200,TEN@DEN,1,FG_week1_2025_export.xlsx
2025,1,week1,WR,Dante,Pettis,NO,NO,2200,ARI@NO,1,FG_week1_2025_export.xlsx
2025,1,week1,RB,Dameon,Pierce,HOU,HOU,2200,HOU@LA,1,FG_week1_2025_export.xlsx
2025,1,week1,TE,Bryce,Pierre,CAR,CAR,2200,CAR@JAC,1,FG_week1_2025_export.xlsx
2025,1,week1,WR,John Rhys,Plumlee,SEA,SEA,2200,SF@SEA,1,FG_week1_2025_export.xlsx
2025,1,week1,WR,Ja'Lynn,Polk,NE,NE,2200,LV@NE,1,FG_week1_2025_export.xlsx
2025,1,week1,RB,ShunDerrick,Powell,PHI,PHI,2200,DAL@PHI,1,FG_week1_2025_export.xlsx
2025,1,week1,WR,Kaden,Prather,BUF,BUF,2200,BAL@BUF,1,FG_week1_2025_export.xlsx
2025,1,week1,WR,Hal,Presley,KC,KC,2200,KC@LAC,1,FG_week1_2025_export.xlsx
2025,1,week1,WR,Brennan,Presley,LAR,LA,2200,HOU@LA,1,FG_week1_2025_export.xlsx
2025,1,week1,WR,Myles,Price,MIN,MIN,2200,MIN@CHI,1,FG_week1_2025_export.xlsx
2025,1,week1,TE,Caden,Prieskorn,DEN,DEN,2200,TEN@DEN,1,FG_week1_2025_export.xlsx
2025,1,week1,WR,Jamaal,Pritchett,NYJ,NYJ,2200,PIT@NYJ,1,FG_week1_2025_export.xlsx
2025,1,week1,WR,James,Proche II,TEN,TEN,2200,TEN@DEN,1,FG_week1_2025_export.xlsx
2025,1,week1,WR,Kendric,Pryor,CIN,CIN,2200,CIN@CLE,1,FG_week1_2025_export.xlsx
2025,1,week1,TE,Teagan,Quitoriano,ATL,ATL,2200,TB@ATL,1,FG_week1_2025_export.xlsx
2025,1,week1,WR,Kalif,Raymond,DET,DET,2200,DET@GB,1,FG_week1_2025_export.xlsx
2025,1,week1,WR,Jalen,Reagor,LAC,LAC,2200,KC@LAC,1,FG_week1_2025_export.xlsx
2025,1,week1,TE,Mark,Redman,LAR,LA,2200,HOU@LA,1,FG_week1_2025_export.xlsx
2025,1,week1,WR,Ja'seem,Reed,CAR,CAR,2200,CAR@JAC,1,FG_week1_2025_export.xlsx
2025,1,week1,TE,Tip,Reiman,ARI,ARI,2200,ARI@NO,1,FG_week1_2025_export.xlsx
2025,1,week1,WR,Nikko,Remigio,KC,KC,2200,KC@LAC,1,FG_week1_2025_export.xlsx
2025,1,week1,WR,Hunter,Renfrow,CAR,CAR,2200,CAR@JAC,1,FG_week1_2025_export.xlsx
2025,1,week1,WR,Xavier,Restrepo,TEN,TEN,2200,TEN@DEN,1,FG_week1_2025_export.xlsx
2025,1,week1,RB,Craig,Reynolds,DET,DET,2200,DET@GB,1,FG_week1_2025_export.xlsx
2025,1,week1,WR,Josh,Reynolds,NYJ,NYJ,2200,PIT@NYJ,1,FG_week1_2025_export.xlsx
2025,1,week1,RB,Patrick,Ricard,BAL,BAL,2200,BAL@BUF,1,FG_week1_2025_export.xlsx
2025,1,week1,TE,Giovanni,Ricci,MIN,MIN,2200,MIN@CHI,1,FG_week1_2025_export.xlsx
2025,1,week1,WR,Brenden,Rice,LAC,LAC,2200,KC@LAC,1,FG_week1_2025_export.xlsx
2025,1,week1,WR,JP,Richardson,CHI,CHI,2200,MIN@CHI,1,FG_week1_2025_export.xlsx
2025,1,week1,RB,Ronnie,Rivers,LAR,LA,2200,HOU@LA,1,FG_week1_2025_export.xlsx
2025,1,week1,RB,Keilan,Robinson,PHI,PHI,2200,DAL@PHI,1,FG_week1_2025_export.xlsx
2025,1,week1,WR,Demarcus,Robinson,SF,SF,2200,SF@SEA,1,FG_week1_2025_export.xlsx
2025,1,week1,RB,Chris,Rodriguez Jr.,WAS,WAS,2200,NYG@WAS,1,FG_week1_2025_export.xlsx
2025,1,week1,WR,Kyrese,Rowan,DEN,DEN,2200,TEN@DEN,1,FG_week1_2025_export.xlsx
2025,1,week1,TE,Hayden,Rucci,MIA,MIA,2200,MIA@IND,1,FG_week1_2025_export.xlsx
2025,1,week1,TE,Jeremy,Ruckert,NYJ,NYJ,2200,PIT@NYJ,1,FG_week1_2025_export.xlsx
2025,1,week1,TE,Carter,Runyon,LV,LV,2200,LV@NE,1,FG_week1_2025_export.xlsx
2025,1,week1,RB,Brady,Russell,SEA,SEA,2200,SF@SEA,1,FG_week1_2025_export.xlsx
2025,1,week1,TE,Drew,Sample,CIN,CIN,2200,CIN@CLE,1,FG_week1_2025_export.xlsx
2025,1,week1,RB,Dylan,Sampson,CLE,CLE,2200,CIN@CLE,1,FG_week1_2025_export.xlsx
2025,1,week1,RB,Raheim,Sanders,CLE,CLE,2200,KC@LAC,1,FG_week1_2025_export.xlsx
2025,1,week1,TE,Ja'Tavion,Sanders,CAR,CAR,2200,CAR@JAC,1,FG_week1_2025_export.xlsx
2025,1,week1,WR,Braylon,Sanders,WAS,WAS,2200,NYG@WAS,1,FG_week1_2025_export.xlsx
2025,1,week1,TE,Eric,Saubert,SEA,SEA,2200,SF@SEA,1,FG_week1_2025_export.xlsx
2025,1,week1,RB,Jacob,Saylors,DET,DET,2200,DET@GB,1,FG_week1_2025_export.xlsx
2025,1,week1,TE,Luke,Schoonmaker,DAL,DAL,2200,DAL@PHI,1,FG_week1_2025_export.xlsx
2025,1,week1,RB,Cody,Schrader,LAR,LA,2200,HOU@LA,1,FG_week1_2025_export.xlsx
2025,1,week1,RB,Lucas,Scott,BAL,BAL,2200,BAL@BUF,1,FG_week1_2025_export.xlsx
2025,1,week1,RB,Zavier,Scott,MIN,MIN,2200,MIN@CHI,1,FG_week1_2025_export.xlsx
2025,1,week1,WR,Tyler,Scott,CHI,CHI,2200,MIN@CHI,1,FG_week1_2025_export.xlsx
2025,1,week1,TE,Gee,Scott Jr.,NE,NE,2200,LV@NE,1,FG_week1_2025_export.xlsx
2025,1,week1,RB,Trey,Sermon,PIT,PIT,2200,PIT@NYJ,1,FG_week1_2025_export.xlsx
2025,1,week1,RB,Aaron,Shampklin,MIA,MIA,2200,MIA@IND,1,FG_week1_2025_export.xlsx
2025,1,week1,WR,TJ,Sheffield,TEN,TEN,2200,TEN@DEN,1,FG_week1_2025_export.xlsx
2025,1,week1,WR,Laviska,Shenault Jr.,BUF,BUF,2200,BAL@BUF,1,FG_week1_2025_export.xlsx
2025,1,week1,WR,Sterling,Shepard,TB,TB,2200,TB@ATL,1,FG_week1_2025_export.xlsx
2025,1,week1,WR,Will,Sheppard,GB,GB,2200,DET@GB,1,FG_week1_2025_export.xlsx
2025,1,week1,WR,Trent,Sherfield Sr.,DEN,DEN,2200,TEN@DEN,1,FG_week1_2025_export.xlsx
2025,1,week1,RB,Will,Shipley,PHI,PHI,2200,DAL@PHI,1,FG_week1_2025_export.xlsx
2025,1,week1,TE,Justin,Shorter,LV,LV,2200,LV@NE,1,FG_week1_2025_export.xlsx
2025,1,week1,WR,David,Sills,ATL,ATL,2200,TB@ATL,1,FG_week1_2025_export.xlsx
2025,1,week1,TE,Joshua,Simon,ATL,ATL,2200,TB@ATL,1,FG_week1_2025_export.xlsx
2025,1,week1,TE,Ben,Sims,GB,GB,2200,DET@GB,1,FG_week1_2025_export.xlsx
2025,1,week1,WR,Steven,Sims,SEA,SEA,2200,SF@SEA,1,FG_week1_2025_export.xlsx
2025,1,week1,WR,Dorian,Singer,JAX,JAC,2200,CAR@JAC,1,FG_week1_2025_export.xlsx
2025,1,week1,RB,Devin,Singletary,NYG,NYG,2200,NYG@WAS,1,FG_week1_2025_export.xlsx
2025,1,week1,TE,Ben,Sinnott,WAS,WAS,2200,NYG@WAS,1,FG_week1_2025_export.xlsx
2025,1,week1,WR,Quentin,Skinner,NYJ,NYJ,2200,PIT@NYJ,1,FG_week1_2025_export.xlsx
2025,1,week1,WR,Quincy,Skinner Jr.,ATL,ATL,2200,TB@ATL,1,FG_week1_2025_export.xlsx
2025,1,week1,WR,Ben,Skowronek,PIT,PIT,2200,PIT@NYJ,1,FG_week1_2025_export.xlsx
2025,1,week1,TE,Stone,Smartt,NYJ,NYJ,2200,PIT@NYJ,1,FG_week1_2025_export.xlsx
2025,1,week1,RB,Brashard,Smith,KC,KC,2200,KC@LAC,1,FG_week1_2025_export.xlsx
2025,1,week1,WR,Ainias,Smith,PHI,PHI,2200,DAL@PHI,1,FG_week1_2025_export.xlsx
2025,1,week1,WR,Key'Shawn,Smith,KC,KC,2200,KC@LAC,1,FG_week1_2025_export.xlsx
2025,1,week1,WR,Jaden,Smith,TB,TB,2200,TB@ATL,1,FG_week1_2025_export.xlsx
2025,1,week1,WR,Brandon,Smith,NYJ,NYJ,2200,PIT@NYJ,1,FG_week1_2025_export.xlsx
2025,1,week1,WR,Arian,Smith,NYJ,NYJ,2200,PIT@NYJ,1,FG_week1_2025_export.xlsx
2025,1,week1,WR,Xavier,Smith,LAR,LA,2200,HOU@LA,1,FG_week1_2025_export.xlsx
2025,1,week1,TE,Irv,Smith Jr.,HOU,HOU,2200,HOU@LA,1,FG_week1_2025_export.xlsx
2025,1,week1,WR,Ihmir,Smith-Marsette,NYG,NYG,2200,NYG@WAS,1,FG_week1_2025_export.xlsx
2025,1,week1,WR,JuJu,Smith-Schuster,KC,KC,2200,KC@LAC,1,FG_week1_2025_export.xlsx
2025,1,week1,TE,Durham,Smythe,CHI,CHI,2200,MIN@CHI,1,FG_week1_2025_export.xlsx
2025,1,week1,TE,Brevyn,Spann-Ford,DAL,DAL,2200,DAL@PHI,1,FG_week1_2025_export.xlsx
2025,1,week1,TE,Geor'Quarius,Spivey,KC,KC,2200,KC@LAC,1,FG_week1_2025_export.xlsx
2025,1,week1,RB,Carson,Steele,KC,KC,2200,KC@LAC,1,FG_week1_2025_export.xlsx
2025,1,week1,TE,John,Stephens Jr.,DAL,DAL,2200,DAL@PHI,1,FG_week1_2025_export.xlsx
2025,1,week1,RB,Tre,Stewart,MIN,MIN,2200,MIN@CHI,1,FG_week1_2025_export.xlsx
2025,1,week1,TE,Steven,Stilianos,DET,DET,2200,DET@GB,1,FG_week1_2025_export.xlsx
2025,1,week1,TE,Jack,Stoll,NO,NO,2200,ARI@NO,1,FG_week1_2025_export.xlsx
2025,1,week1,WR,Drake,Stoops,LAR,LA,2200,HOU@LA,1,FG_week1_2025_export.xlsx
2025,1,week1,TE,Cade,Stover,HOU,HOU,2200,HOU@LA,1,FG_week1_2025_export.xlsx
2025,1,week1,WR,Michael,Strachan,WAS,WAS,2200,NYG@WAS,1,FG_week1_2025_export.xlsx
2025,1,week1,RB,Pierre,Strong Jr.,CLE,CLE,2200,CIN@CLE,1,FG_week1_2025_export.xlsx
2025,1,week1,TE,Messiah,Swinson,GB,GB,2200,DET@GB,1,FG_week1_2025_export.xlsx
2025,1,week1,RB,Toa,Taua,CLE,CLE,2200,CIN@CLE,1,FG_week1_2025_export.xlsx
2025,1,week1,TE,Tanner,Taula,TB,TB,2200,TB@ATL,1,FG_week1_2025_export.xlsx
2025,1,week1,RB,J.J.,Taylor,HOU,HOU,2200,HOU@LA,1,FG_week1_2025_export.xlsx
2025,1,week1,TE,Mason,Taylor,NYJ,NYJ,2200,PIT@NYJ,1,FG_week1_2025_export.xlsx
2025,1,week1,WR,Roc,Taylor,PIT,PIT,2200,PIT@NYJ,1,FG_week1_2025_export.xlsx
2025,1,week1,WR,Blayne,Taylor,IND,IND,2200,MIA@IND,1,FG_week1_2025_export.xlsx
2025,1,week1,WR,Malik,Taylor,DET,DET,2200,DET@GB,1,FG_week1_2025_export.xlsx
2025,1,week1,RB,Patrick,Taylor Jr.,SF,SF,2200,SF@SEA,1,FG_week1_2025_export.xlsx
2025,1,week1,WR,Isaac,TeSlaa,DET,DET,2200,DET@GB,1,FG_week1_2025_export.xlsx
2025,1,week1,TE,Jermaine,Terry II,NYG,NYG,2200,NYG@WAS,1,FG_week1_2025_export.xlsx
2025,1,week1,TE,Ian,Thomas,LV,LV,2200,LV@NE,1,FG_week1_2025_export.xlsx
2025,1,week1,WR,Thayer,Thomas,MIN,MIN,2200,MIN@CHI,1,FG_week1_2025_export.xlsx
2025,1,week1,WR,Tyquan,Thornton,KC,KC,2200,KC@LAC,1,FG_week1_2025_export.xlsx
2025,1,week1,WR,Dont'e,Thornton Jr.,LV,LV,2200,LV@NE,1,FG_week1_2025_export.xlsx
2025,1,week1,WR,Jamari,Thrash,CLE,CLE,2200,CIN@CLE,1,FG_week1_2025_export.xlsx
2025,1,week1,WR,Mitchell,Tinsley,CIN,CIN,2200,CIN@CLE,1,FG_week1_2025_export.xlsx
2025,1,week1,WR,Mason,Tipton,NO,NO,2200,ARI@NO,1,FG_week1_2025_export.xlsx
2025,1,week1,RB,Lawrance,Toafili,NYJ,NYJ,2200,PIT@NYJ,1,FG_week1_2025_export.xlsx
2025,1,week1,TE,Jake,Tonges,SF,SF,2200,SF@SEA,1,FG_week1_2025_export.xlsx
2025,1,week1,TE,Robert,Tonyan,KC,KC,2200,KC@LAC,1,FG_week1_2025_export.xlsx
2025,1,week1,WR,Samori,Toure,CHI,CHI,2200,MIN@CHI,1,FG_week1_2025_export.xlsx
2025,1,week1,WR,Austin,Trammell,JAX,JAC,2200,CAR@JAC,1,FG_week1_2025_export.xlsx
2025,1,week1,TE,Adam,Trautman,DEN,DEN,2200,TEN@DEN,1,FG_week1_2025_export.xlsx
2025,1,week1,WR,Laquon,Treadwell,IND,IND,2200,MIA@IND,1,FG_week1_2025_export.xlsx
2025,1,week1,WR,Brycen,Tremayne,CAR,CAR,2200,CAR@JAC,1,FG_week1_2025_export.xlsx
2025,1,week1,TE,Tommy,Tremble,CAR,CAR,2200,CAR@JAC,1,FG_week1_2025_export.xlsx
2025,1,week1,RB,Sean,Tucker,TB,TB,2200,TB@ATL,1,FG_week1_2025_export.xlsx
2025,1,week1,WR,Tre,Tucker,LV,LV,2200,LV@NE,1,FG_week1_2025_export.xlsx
2025,1,week1,TE,Cole,Turner,WAS,WAS,2200,NYG@WAS,1,FG_week1_2025_export.xlsx
2025,1,week1,WR,Malik,Turner,SF,SF,2200,SF@SEA,1,FG_week1_2025_export.xlsx
2025,1,week1,WR,KaVontae,Turpin,DAL,DAL,2200,DAL@PHI,1,FG_week1_2025_export.xlsx
2025,1,week1,RB,Anthony,Tyus III,SEA,SEA,2200,SF@SEA,1,FG_week1_2025_export.xlsx
2025,1,week1,RB,Sione,Vaki,DET,DET,2200,DET@GB,1,FG_week1_2025_export.xlsx
2025,1,week1,TE,Mitch,Van Vooren,CLE,CLE,2200,CIN@CLE,1,FG_week1_2025_export.xlsx
2025,1,week1,RB,Ben,VanSumeren,PHI,PHI,2200,DAL@PHI,1,FG_week1_2025_export.xlsx
2025,1,week1,TE,Nick,Vannett,MIN,MIN,2200,MIN@CHI,1,FG_week1_2025_export.xlsx
2025,1,week1,RB,Deuce,Vaughn,DAL,DAL,2200,DAL@PHI,1,FG_week1_2025_export.xlsx
2025,1,week1,RB,Ke'Shawn,Vaughn,SF,SF,2200,SF@SEA,1,FG_week1_2025_export.xlsx
2025,1,week1,RB,Kimani,Vidal,LAC,LAC,2200,KC@LAC,1,FG_week1_2025_export.xlsx
2025,1,week1,WR,Jalen,Virgil,BUF,BUF,2200,BAL@BUF,1,FG_week1_2025_export.xlsx
2025,1,week1,TE,Travis,Vokolek,ARI,ARI,2200,ARI@NO,1,FG_week1_2025_export.xlsx
2025,1,week1,WR,Dayton,Wade,BAL,BAL,2200,BAL@BUF,1,FG_week1_2025_export.xlsx
2025,1,week1,WR,Devontez,Walker,BAL,BAL,2200,BAL@BUF,1,FG_week1_2025_export.xlsx
2025,1,week1,WR,Jahdae,Walker,CHI,CHI,2200,MIN@CHI,1,FG_week1_2025_export.xlsx
2025,1,week1,WR,Tylan,Wallace,BAL,BAL,2200,BAL@BUF,1,FG_week1_2025_export.xlsx
2025,1,week1,TE,Darren,Waller,MIA,MIA,2200,MIA@IND,1,FG_week1_2025_export.xlsx
2025,1,week1,RB,Jonathan,Ward,NYG,NYG,2200,NYG@WAS,1,FG_week1_2025_export.xlsx
2025,1,week1,TE,Darnell,Washington,PIT,PIT,2200,PIT@NYJ,1,FG_week1_2025_export.xlsx
2025,1,week1,TE,Scotty,Washington,BAL,BAL,2200,BAL@BUF,1,FG_week1_2025_export.xlsx
2025,1,week1,WR,Casey,Washington,ATL,ATL,2200,TB@ATL,1,FG_week1_2025_export.xlsx
2025,1,week1,WR,Malik,Washington,MIA,MIA,2200,MIA@IND,1,FG_week1_2025_export.xlsx
2025,1,week1,WR,Tahj,Washington,MIA,MIA,2200,MIA@IND,1,FG_week1_2025_export.xlsx
2025,1,week1,WR,Montrell,Washington,NYG,NYG,2200,NYG@WAS,1,FG_week1_2025_export.xlsx
2025,1,week1,RB,Carlos,Washington Jr.,ATL,ATL,2200,TB@ATL,1,FG_week1_2025_export.xlsx
2025,1,week1,RB,Jordan,Waters,LAR,LA,2200,HOU@LA,1,FG_week1_2025_export.xlsx
2025,1,week1,WR,Jordan,Watkins,SF,SF,2200,SF@SEA,1,FG_week1_2025_export.xlsx
2025,1,week1,RB,Blake,Watson,DEN,DEN,2200,TEN@DEN,1,FG_week1_2025_export.xlsx
2025,1,week1,TE,Tre,Watson,KC,KC,2200,KC@LAC,1,FG_week1_2025_export.xlsx
2025,1,week1,WR,Christian,Watson,GB,GB,2200,DET@GB,1,FG_week1_2025_export.xlsx
2025,1,week1,WR,Justin,Watson,HOU,HOU,2200,HOU@LA,1,FG_week1_2025_export.xlsx
2025,1,week1,RB,Shane,Watts,NE,NE,2200,LV@NE,1,FG_week1_2025_export.xlsx
2025,1,week1,WR,Theo,Wease Jr.,MIA,MIA,2200,MIA@IND,1,FG_week1_2025_export.xlsx
2025,1,week1,WR,Xavier,Weaver,ARI,ARI,2200,ARI@NO,1,FG_week1_2025_export.xlsx
2025,1,week1,WR,Jeremiah,Webb,NE,NE,2200,LV@NE,1,FG_week1_2025_export.xlsx
2025,1,week1,TE,Treyton,Welch,NO,NO,2200,ARI@NO,1,FG_week1_2025_export.xlsx
2025,1,week1,WR,Antwane,Wells Jr.,NYG,NYG,2200,NYG@WAS,1,FG_week1_2025_export.xlsx
2025,1,week1,WR,LaJohntay,Wester,BAL,BAL,2200,BAL@BUF,1,FG_week1_2025_export.xlsx
2025,1,week1,TE,Jack,Westover,NE,NE,2200,LV@NE,1,FG_week1_2025_export.xlsx
2025,1,week1,RB,Ian,Wheeler,CHI,CHI,2200,MIN@CHI,1,FG_week1_2025_export.xlsx
2025,1,week1,RB,Zamir,White,LV,LV,2200,LV@NE,1,FG_week1_2025_export.xlsx
2025,1,week1,WR,Cody,White,SEA,SEA,2200,SF@SEA,1,FG_week1_2025_export.xlsx
2025,1,week1,WR,Ricky,White III,SEA,SEA,2200,SF@SEA,1,FG_week1_2025_export.xlsx
2025,1,week1,TE,Blake,Whiteheart,CLE,CLE,2200,CIN@CLE,1,FG_week1_2025_export.xlsx
2025,1,week1,WR,Jordan,Whittington,LAR,LA,2200,HOU@LA,1,FG_week1_2025_export.xlsx
2025,1,week1,TE,Josh,Whyle,TEN,TEN,2200,TEN@DEN,1,FG_week1_2025_export.xlsx
2025,1,week1,TE,Mitchell,Wilcox,MIA,MIA,2200,MIA@IND,1,FG_week1_2025_export.xlsx
2025,1,week1,RB,Michael,Wiley,KC,KC,2200,KC@LAC,1,FG_week1_2025_export.xlsx
2025,1,week1,TE,Jared,Wiley,KC,KC,2200,KC@LAC,1,FG_week1_2025_export.xlsx
2025,1,week1,WR,Kristian,Wilkerson,BUF,BUF,2200,BAL@BUF,1,FG_week1_2025_export.xlsx
2025,1,week1,RB,Josh,Williams,TB,TB,2200,TB@ATL,1,FG_week1_2025_export.xlsx
2025,1,week1,RB,Trayveon,Williams,CLE,CLE,2200,CIN@CLE,1,FG_week1_2025_export.xlsx
2025,1,week1,WR,Avery,Williams,PHI,PHI,2200,DAL@PHI,1,FG_week1_2025_export.xlsx
2025,1,week1,WR,Ke'Shawn,Williams,PIT,PIT,2200,PIT@NYJ,1,FG_week1_2025_export.xlsx
2025,1,week1,WR,Isaiah,Williams,CIN,CIN,2200,CIN@CLE,1,FG_week1_2025_export.xlsx
2025,1,week1,WR,Savion,Williams,GB,GB,2200,DET@GB,1,FG_week1_2025_export.xlsx
2025,1,week1,WR,Mario,Williams,LAR,LA,2200,HOU@LA,1,FG_week1_2025_export.xlsx
2025,1,week1,TE,Brayden,Willis,SF,SF,2200,SF@SEA,1,FG_week1_2025_export.xlsx
2025,1,week1,RB,Jeff,Wilson,SF,SF,2200,SF@SEA,1,FG_week1_2025_export.xlsx
2025,1,week1,TE,Joel,Wilson,CHI,CHI,2200,MIN@CHI,1,FG_week1_2025_export.xlsx
2025,1,week1,WR,Johnny,Wilson,PHI,PHI,2200,DAL@PHI,1,FG_week1_2025_export.xlsx
2025,1,week1,WR,Roman,Wilson,PIT,PIT,2200,PIT@NYJ,1,FG_week1_2025_export.xlsx
2025,1,week1,WR,Pokey,Wilson,NYJ,NYJ,2200,PIT@NYJ,1,FG_week1_2025_export.xlsx
2025,1,week1,WR,Cedrick,Wilson Jr.,NO,NO,2200,ARI@NO,1,FG_week1_2025_export.xlsx
2025,1,week1,TE,Charlie,Woerner,ATL,ATL,2200,TB@ATL,1,FG_week1_2025_export.xlsx
2025,1,week1,TE,Jelani,Woods,NYJ,NYJ,2200,PIT@NYJ,1,FG_week1_2025_export.xlsx
2025,1,week1,WR,Robert,Woods,PIT,PIT,2200,PIT@NYJ,1,FG_week1_2025_export.xlsx
2025,1,week1,RB,Owen,Wright,TB,TB,2200,TB@ATL,1,FG_week1_2025_export.xlsx
2025,1,week1,RB,Jaylen,Wright,MIA,MIA,2200,MIA@IND,1,FG_week1_2025_export.xlsx
2025,1,week1,RB,Nay'Quan,Wright,IND,IND,2200,MIA@IND,1,FG_week1_2025_export.xlsx
2025,1,week1,RB,Jacardia,Wright,SEA,SEA,2200,SF@SEA,1,FG_week1_2025_export.xlsx
2025,1,week1,TE,Brock,Wright,DET,DET,2200,DET@GB,1,FG_week1_2025_export.xlsx
2025,1,week1,TE,Colson,Yankoff,WAS,WAS,2200,NYG@WAS,1,FG_week1_2025_export.xlsx
2025,1,week1,RB,Marcus,Yarns,NO,NO,2200,ARI@NO,1,FG_week1_2025_export.xlsx
2025,1,week1,TE,Thomas,Yassmin,LAC,LAC,2200,KC@LAC,1,FG_week1_2025_export.xlsx
2025,1,week1,RB,Elijah,Young,BUF,BUF,2200,BAL@BUF,1,FG_week1_2025_export.xlsx
2025,1,week1,WR,Dareke,Young,SEA,SEA,2200,SF@SEA,1,FG_week1_2025_export.xlsx
2025,1,week1,TE,Ben,Yurosek,MIN,MIN,2200,MIN@CHI,1,FG_week1_2025_export.xlsx
2025,1,week1,WR,Olamide,Zaccheaus,CHI,CHI,2200,MIN@CHI,1,FG_week1_2025_export.xlsx
2025,1,week1,TE,Shane,Zylstra,DET,DET,2200,DET@GB,1,FG_week1_2025_export.xlsx
2025,2,week2,RB,Jahmyr,Gibbs,DET,DET,9200,CHI@DET,1,FG_week2_2025_exportSheet1-1.csv
2025,2,week2,RB,Derrick,Henry,BAL,BAL,9000,CLE@BAL,1,FG_week2_2025_exportSheet1-1.csv
2025,2,week2,RB,Bijan,Robinson,ATL,ATL,8800,ATL@MIN,1,FG_week2_2025_exportSheet1-1.csv
2025,2,week2,RB,Saquon,Barkley,PHI,PHI,8600,PHI@KC,1,FG_week2_2025_exportSheet1-1.csv
2025,2,week2,WR,CeeDee,Lamb,DAL,DAL,8400,NYG@DAL,1,FG_week2_2025_exportSheet1-1.csv
2025,2,week2,QB,Josh,Allen,BUF,BUF,8200,BUF@NYJ,1,FG_week2_2025_exportSheet1-1.csv
2025,2,week2,WR,Ja'Marr,Chase,CIN,CIN,8200,JAC@CIN,1,FG_week2_2025_exportSheet1-1.csv
2025,2,week2,WR,Ja'Marr,Chase,CIN,CIN,8000,CIN@CLE,1,FG_week2_2025_exportSheet1-1.csv
2025,2,week2,QB,Jayden,Daniels,WAS,WAS,7800,WAS@GB,1,FG_week2_2025_exportSheet1-1.csv
2025,2,week2,QB,Lamar,Jackson,BAL,BAL,7800,CLE@BAL,1,FG_week2_2025_exportSheet1-1.csv
2025,2,week2,WR,Justin,Jefferson,MIN,MIN,7600,MIN@CHI,1,FG_week2_2025_exportSheet1-1.csv
2025,2,week2,RB,Jonathan,Taylor,IND,IND,7600,DEN@IND,1,FG_week2_2025_exportSheet1-1.csv
2025,2,week2,QB,Jalen,Hurts,PHI,PHI,7400,PHI@KC,1,FG_week2_2025_exportSheet1-1.csv
2025,2,week2,RB,Bucky,Irving,TB,TB,7200,TB@HOU,1,FG_week2_2025_exportSheet1-1.csv
2025,2,week2,WR,Ladd,McConkey,LAC,LAC,7200,LAC@LV,1,FG_week2_2025_exportSheet1-1.csv
2025,2,week2,WR,Amon-Ra,St. Brown,DET,DET,7200,DET@GB,1,FG_week2_2025_exportSheet1-1.csv
2025,2,week2,RB,Chase,Brown,CIN,CIN,7000,JAC@CIN,1,FG_week2_2025_exportSheet1-1.csv
2025,2,week2,QB,Joe,Burrow,CIN,CIN,7000,JAC@CIN,1,FG_week2_2025_exportSheet1-1.csv
2025,2,week2,RB,James,Conner,ARI,ARI,7000,CAR@ARI,1,FG_week2_2025_exportSheet1-1.csv
2025,2,week2,RB,James,Cook,BUF,BUF,7000,BUF@NYJ,1,FG_week2_2025_exportSheet1-1.csv
2025,2,week2,WR,Emeka,Egbuka,TB,TB,7000,TB@HOU,1,FG_week2_2025_exportSheet1-1.csv
2025,2,week2,WR,Tee,Higgins,CIN,CIN,7000,CIN@CLE,1,FG_week2_2025_exportSheet1-1.csv
2025,2,week2,RB,Josh,Jacobs,GB,GB,7000,WAS@GB,1,FG_week2_2025_exportSheet1-1.csv
2025,2,week2,WR,Justin,Jefferson,MIN,MIN,7000,ATL@MIN,1,FG_week2_2025_exportSheet1-1.csv
2025,2,week2,WR,Puka,Nacua,LAR,LA,7000,LA@TEN,1,FG_week2_2025_exportSheet1-1.csv
2025,2,week2,WR,Brian,Thomas Jr.,JAX,JAC,7000,CAR@JAC,1,FG_week2_2025_exportSheet1-1.csv
2025,2,week2,RB,De'Von,Achane,MIA,MIA,6800,NE@MIA,1,FG_week2_2025_exportSheet1-1.csv
2025,2,week2,WR,Tee,Higgins,CIN,CIN,6800,JAC@CIN,1,FG_week2_2025_exportSheet1-1.csv
2025,2,week2,WR,CeeDee,Lamb,DAL,DAL,6800,DAL@PHI,1,FG_week2_2025_exportSheet1-1.csv
2025,2,week2,WR,Drake,London,ATL,ATL,6800,ATL@MIN,1,FG_week2_2025_exportSheet1-1.csv
2025,2,week2,QB,Patrick,Mahomes,KC,KC,6800,PHI@KC,1,FG_week2_2025_exportSheet1-1.csv
2025,2,week2,WR,Malik,Nabers,NYG,NYG,6800,NYG@DAL,1,FG_week2_2025_exportSheet1-1.csv
2025,2,week2,WR,Malik,Nabers,NYG,NYG,6800,NYG@WAS,1,FG_week2_2025_exportSheet1-1.csv
2025,2,week2,WR,Davante,Adams,LAR,LA,6600,HOU@LA,1,FG_week2_2025_exportSheet1-1.csv
2025,2,week2,WR,Mike,Evans,TB,TB,6600,TB@HOU,1,FG_week2_2025_exportSheet1-1.csv
2025,2,week2,WR,Mike,Evans,TB,TB,6600,TB@ATL,1,FG_week2_2025_exportSheet1-1.csv
2025,2,week2,WR,Drake,London,ATL,ATL,6600,TB@ATL,1,FG_week2_2025_exportSheet1-1.csv
2025,2,week2,QB,Baker,Mayfield,TB,TB,6600,TB@HOU,1,FG_week2_2025_exportSheet1-1.csv
2025,2,week2,WR,Ladd,McConkey,LAC,LAC,6600,KC@LAC,1,FG_week2_2025_exportSheet1-1.csv
2025,2,week2,QB,Kyler,Murray,ARI,ARI,6600,CAR@ARI,1,FG_week2_2025_exportSheet1-1.csv
2025,2,week2,WR,Brian,Thomas Jr.,JAX,JAC,6600,JAC@CIN,1,FG_week2_2025_exportSheet1-1.csv
2025,2,week2,RB,Kyren,Williams,LAR,LA,6600,LA@TEN,1,FG_week2_2025_exportSheet1-1.csv
2025,2,week2,RB,Chuba,Hubbard,CAR,CAR,6400,CAR@ARI,1,FG_week2_2025_exportSheet1-1.csv
2025,2,week2,WR,Puka,Nacua,LAR,LA,6400,HOU@LA,1,FG_week2_2025_exportSheet1-1.csv
2025,2,week2,WR,Amon-Ra,St. Brown,DET,DET,6400,CHI@DET,1,FG_week2_2025_exportSheet1-1.csv
2025,2,week2,WR,Nico,Collins,HOU,HOU,6200,TB@HOU,1,FG_week2_2025_exportSheet1-1.csv
2025,2,week2,WR,Nico,Collins,HOU,HOU,6200,HOU@LA,1,FG_week2_2025_exportSheet1-1.csv
2025,2,week2,QB,Justin,Herbert,LAC,LAC,6200,LAC@LV,1,FG_week2_2025_exportSheet1-1.csv
2025,2,week2,RB,Alvin,Kamara,NO,NO,6200,SF@NO,1,FG_week2_2025_exportSheet1-1.csv
2025,2,week2,RB,Christian,McCaffrey,SF,SF,6200,SF@NO,1,FG_week2_2025_exportSheet1-1.csv
2025,2,week2,WR,Terry,McLaurin,WAS,WAS,6200,NYG@WAS,1,FG_week2_2025_exportSheet1-1.csv
2025,2,week2,QB,Bo,Nix,DEN,DEN,6200,DEN@IND,1,FG_week2_2025_exportSheet1-1.csv
2025,2,week2,QB,Brock,Purdy,SF,SF,6200,SF@NO,1,FG_week2_2025_exportSheet1-1.csv
2025,2,week2,WR,Jaxon,Smith-Njigba,SEA,SEA,6200,SEA@PIT,1,FG_week2_2025_exportSheet1-1.csv
2025,2,week2,WR,Courtland,Sutton,DEN,DEN,6200,DEN@IND,1,FG_week2_2025_exportSheet1-1.csv
2025,2,week2,WR,Marvin,Harrison Jr.,ARI,ARI,6000,CAR@ARI,1,FG_week2_2025_exportSheet1-1.csv
2025,2,week2,RB,Ashton,Jeanty,LV,LV,6000,LAC@LV,1,FG_week2_2025_exportSheet1-1.csv
2025,2,week2,WR,Jakobi,Meyers,LV,LV,6000,LAC@LV,1,FG_week2_2025_exportSheet1-1.csv
2025,2,week2,WR,Xavier,Worthy,KC,KC,6000,KC@LAC,1,FG_week2_2025_exportSheet1-1.csv
2025,2,week2,WR,Davante,Adams,LAR,LA,5800,LA@TEN,1,FG_week2_2025_exportSheet1-1.csv
2025,2,week2,QB,Jared,Goff,DET,DET,5800,CHI@DET,1,FG_week2_2025_exportSheet1-1.csv
2025,2,week2,RB,Breece,Hall,NYJ,NYJ,5800,BUF@NYJ,1,FG_week2_2025_exportSheet1-1.csv
2025,2,week2,WR,Jameson,Williams,DET,DET,5800,DET@GB,1,FG_week2_2025_exportSheet1-1.csv
2025,2,week2,QB,Bryce,Young,CAR,CAR,5800,CAR@ARI,1,FG_week2_2025_exportSheet1-1.csv
2025,2,week2,WR,Terry,McLaurin,WAS,WAS,5600,WAS@GB,1,FG_week2_2025_exportSheet1-1.csv
2025,2,week2,WR,Rashee,Rice,KC,KC,5600,KC@LAC,1,FG_week2_2025_exportSheet1-1.csv
2025,2,week2,WR,Calvin,Ridley,TEN,TEN,5600,LA@TEN,1,FG_week2_2025_exportSheet1-1.csv
2025,2,week2,QB,Geno,Smith,LV,LV,5600,LAC@LV,1,FG_week2_2025_exportSheet1-1.csv
2025,2,week2,WR,Courtland,Sutton,DEN,DEN,5600,TEN@DEN,1,FG_week2_2025_exportSheet1-1.csv
2025,2,week2,TE,Brock,Bowers,LV,LV,5400,LAC@LV,1,FG_week2_2025_exportSheet1-1.csv
2025,2,week2,WR,A.J.,Brown,PHI,PHI,5400,DAL@PHI,1,FG_week2_2025_exportSheet1-1.csv
2025,2,week2,WR,Chris,Godwin Jr.,TB,TB,5400,TB@ATL,1,FG_week2_2025_exportSheet1-1.csv
2025,2,week2,WR,Jerry,Jeudy,CLE,CLE,5400,CLE@BAL,1,FG_week2_2025_exportSheet1-1.csv
2025,2,week2,QB,Daniel,Jones,IND,IND,5400,DEN@IND,1,FG_week2_2025_exportSheet1-1.csv
2025,2,week2,WR,DJ,Moore,CHI,CHI,5400,CHI@DET,1,FG_week2_2025_exportSheet1-1.csv
2025,2,week2,WR,DJ,Moore,CHI,CHI,5400,MIN@CHI,1,FG_week2_2025_exportSheet1-1.csv
2025,2,week2,WR,George,Pickens,DAL,DAL,5400,NYG@DAL,1,FG_week2_2025_exportSheet1-1.csv
2025,2,week2,WR,Jaxon,Smith-Njigba,SEA,SEA,5400,SF@SEA,1,FG_week2_2025_exportSheet1-1.csv
2025,2,week2,WR,Garrett,Wilson,NYJ,NYJ,5400,BUF@NYJ,1,FG_week2_2025_exportSheet1-1.csv
2025,2,week2,WR,Zay,Flowers,BAL,BAL,5200,CLE@BAL,1,FG_week2_2025_exportSheet1-1.csv
2025,2,week2,WR,Tyreek,Hill,MIA,MIA,5200,NE@MIA,1,FG_week2_2025_exportSheet1-1.csv
2025,2,week2,WR,Tyreek,Hill,MIA,MIA,5200,MIA@IND,1,FG_week2_2025_exportSheet1-1.csv
2025,2,week2,WR,Jerry,Jeudy,CLE,CLE,5200,CIN@CLE,1,FG_week2_2025_exportSheet1-1.csv
2025,2,week2,TE,Trey,McBride,ARI,ARI,5200,CAR@ARI,1,FG_week2_2025_exportSheet1-1.csv
2025,2,week2,WR,Jameson,Williams,DET,DET,5200,CHI@DET,1,FG_week2_2025_exportSheet1-1.csv
2025,2,week2,WR,Xavier,Worthy,KC,KC,5200,PHI@KC,1,FG_week2_2025_exportSheet1-1.csv
2025,2,week2,QB,Sam,Darnold,SEA,SEA,5000,SEA@PIT,1,FG_week2_2025_exportSheet1-1.csv
2025,2,week2,RB,Aaron,Jones Sr.,MIN,MIN,5000,ATL@MIN,1,FG_week2_2025_exportSheet1-1.csv
2025,2,week2,QB,Trevor,Lawrence,JAX,JAC,5000,JAC@CIN,1,FG_week2_2025_exportSheet1-1.csv
2025,2,week2,WR,DK,Metcalf,PIT,PIT,5000,SEA@PIT,1,FG_week2_2025_exportSheet1-1.csv
2025,2,week2,WR,Jakobi,Meyers,LV,LV,5000,LV@NE,1,FG_week2_2025_exportSheet1-1.csv
2025,2,week2,QB,Michael,Penix Jr.,ATL,ATL,5000,ATL@MIN,1,FG_week2_2025_exportSheet1-1.csv
2025,2,week2,QB,Aaron,Rodgers,PIT,PIT,5000,SEA@PIT,1,FG_week2_2025_exportSheet1-1.csv
2025,2,week2,WR,Deebo,Samuel,WAS,WAS,5000,WAS@GB,1,FG_week2_2025_exportSheet1-1.csv
2025,2,week2,QB,Tua,Tagovailoa,MIA,MIA,5000,NE@MIA,1,FG_week2_2025_exportSheet1-1.csv
2025,2,week2,WR,Garrett,Wilson,NYJ,NYJ,5000,PIT@NYJ,1,FG_week2_2025_exportSheet1-1.csv
2025,2,week2,WR,A.J.,Brown,PHI,PHI,4800,PHI@KC,1,FG_week2_2025_exportSheet1-1.csv
2025,2,week2,RB,Jacory,Croskey-Merritt,WAS,WAS,4800,WAS@GB,1,FG_week2_2025_exportSheet1-1.csv
2025,2,week2,WR,Marvin,Harrison Jr.,ARI,ARI,4800,ARI@NO,1,FG_week2_2025_exportSheet1-1.csv
2025,2,week2,WR,Travis,Hunter,JAX,JAC,4800,CAR@JAC,1,FG_week2_2025_exportSheet1-1.csv
2025,2,week2,TE,George,Kittle,SF,SF,4800,SF@NO,1,FG_week2_2025_exportSheet1-1.csv
2025,2,week2,QB,Drake,Maye,NE,NE,4800,NE@MIA,1,FG_week2_2025_exportSheet1-1.csv
2025,2,week2,WR,Tetairoa,McMillan,CAR,CAR,4800,CAR@ARI,1,FG_week2_2025_exportSheet1-1.csv
2025,2,week2,WR,DK,Metcalf,PIT,PIT,4800,PIT@NYJ,1,FG_week2_2025_exportSheet1-1.csv
2025,2,week2,RB,David,Montgomery,DET,DET,4800,CHI@DET,1,FG_week2_2025_exportSheet1-1.csv
2025,2,week2,WR,Ricky,Pearsall,SF,SF,4800,SF@NO,1,FG_week2_2025_exportSheet1-1.csv
2025,2,week2,QB,Dak,Prescott,DAL,DAL,4800,NYG@DAL,1,FG_week2_2025_exportSheet1-1.csv
2025,2,week2,WR,Rashee,Rice,KC,KC,4800,PHI@KC,1,FG_week2_2025_exportSheet1-1.csv
2025,2,week2,QB,Matthew,Stafford,LAR,LA,4800,LA@TEN,1,FG_week2_2025_exportSheet1-1.csv
2025,2,week2,RB,Kenneth,Walker III,SEA,SEA,4800,SEA@PIT,1,FG_week2_2025_exportSheet1-1.csv
2025,2,week2,QB,Caleb,Williams,CHI,CHI,4800,CHI@DET,1,FG_week2_2025_exportSheet1-1.csv
2025,2,week2,QB,Russell,Wilson,NYG,NYG,4800,NYG@DAL,1,FG_week2_2025_exportSheet1-1.csv
2025,2,week2,WR,Stefon,Diggs,NE,NE,4600,NE@MIA,1,FG_week2_2025_exportSheet1-1.csv
2025,2,week2,WR,Stefon,Diggs,NE,NE,4600,LV@NE,1,FG_week2_2025_exportSheet1-1.csv
2025,2,week2,QB,Justin,Fields,NYJ,NYJ,4600,BUF@NYJ,1,FG_week2_2025_exportSheet1-1.csv
2025,2,week2,QB,Joe,Flacco,CLE,CLE,4600,CLE@BAL,1,FG_week2_2025_exportSheet1-1.csv
2025,2,week2,WR,Chris,Godwin Jr.,TB,TB,4600,TB@HOU,1,FG_week2_2025_exportSheet1-1.csv
2025,2,week2,WR,Jauan,Jennings,SF,SF,4600,SF@NO,1,FG_week2_2025_exportSheet1-1.csv
2025,2,week2,WR,George,Pickens,DAL,DAL,4600,DAL@PHI,1,FG_week2_2025_exportSheet1-1.csv
2025,2,week2,WR,Michael,Pittman Jr.,IND,IND,4600,DEN@IND,1,FG_week2_2025_exportSheet1-1.csv
2025,2,week2,WR,Calvin,Ridley,TEN,TEN,4600,TEN@DEN,1,FG_week2_2025_exportSheet1-1.csv
2025,2,week2,WR,Rashid,Shaheed,NO,NO,4600,SF@NO,1,FG_week2_2025_exportSheet1-1.csv
2025,2,week2,WR,DeVonta,Smith,PHI,PHI,4600,PHI@KC,1,FG_week2_2025_exportSheet1-1.csv
2025,2,week2,WR,DeVonta,Smith,PHI,PHI,4600,DAL@PHI,1,FG_week2_2025_exportSheet1-1.csv
2025,2,week2,QB,C.J.,Stroud,HOU,HOU,4600,TB@HOU,1,FG_week2_2025_exportSheet1-1.csv
2025,2,week2,WR,Keenan,Allen,LAC,LAC,4400,LAC@LV,1,FG_week2_2025_exportSheet1-1.csv
2025,2,week2,RB,J.K.,Dobbins,DEN,DEN,4400,DEN@IND,1,FG_week2_2025_exportSheet1-1.csv
2025,2,week2,WR,Zay,Flowers,BAL,BAL,4400,BAL@BUF,1,FG_week2_2025_exportSheet1-1.csv
2025,2,week2,QB,Jimmy,Garoppolo,LAR,LA,4400,LA@TEN,1,FG_week2_2025_exportSheet1-1.csv
2025,2,week2,TE,Sam,LaPorta,DET,DET,4400,CHI@DET,1,FG_week2_2025_exportSheet1-1.csv
2025,2,week2,QB,J.J.,McCarthy,MIN,MIN,4400,ATL@MIN,1,FG_week2_2025_exportSheet1-1.csv
2025,2,week2,WR,Jalen,McMillan,TB,TB,4400,TB@ATL,1,FG_week2_2025_exportSheet1-1.csv
2025,2,week2,WR,Marvin,Mims Jr.,DEN,DEN,4400,DEN@IND,1,FG_week2_2025_exportSheet1-1.csv
2025,2,week2,WR,Ricky,Pearsall,SF,SF,4400,SF@SEA,1,FG_week2_2025_exportSheet1-1.csv
2025,2,week2,RB,Tony,Pollard,TEN,TEN,4400,LA@TEN,1,FG_week2_2025_exportSheet1-1.csv
2025,2,week2,RB,D'Andre,Swift,CHI,CHI,4400,CHI@DET,1,FG_week2_2025_exportSheet1-1.csv
2025,2,week2,WR,Adam,Thielen,MIN,MIN,4400,ATL@MIN,1,FG_week2_2025_exportSheet1-1.csv
2025,2,week2,WR,Adam,Thielen,MIN,MIN,4400,CAR@JAC,1,FG_week2_2025_exportSheet1-1.csv
2025,2,week2,RB,Tyrone,Tracy Jr.,NYG,NYG,4400,NYG@DAL,1,FG_week2_2025_exportSheet1-1.csv
2025,2,week2,RB,Javonte,Williams,DAL,DAL,4400,NYG@DAL,1,FG_week2_2025_exportSheet1-1.csv
2025,2,week2,WR,Keenan,Allen,LAC,LAC,4200,KC@LAC,1,FG_week2_2025_exportSheet1-1.csv
2025,2,week2,WR,Rashod,Bateman,BAL,BAL,4200,BAL@BUF,1,FG_week2_2025_exportSheet1-1.csv
2025,2,week2,RB,Omarion,Hampton,LAC,LAC,4200,LAC@LV,1,FG_week2_2025_exportSheet1-1.csv
2025,2,week2,RB,TreVeyon,Henderson,NE,NE,4200,NE@MIA,1,FG_week2_2025_exportSheet1-1.csv
2025,2,week2,WR,Jauan,Jennings,SF,SF,4200,SF@SEA,1,FG_week2_2025_exportSheet1-1.csv
2025,2,week2,TE,Travis,Kelce,KC,KC,4200,PHI@KC,1,FG_week2_2025_exportSheet1-1.csv
2025,2,week2,QB,Jordan,Love,GB,GB,4200,WAS@GB,1,FG_week2_2025_exportSheet1-1.csv
2025,2,week2,WR,Tetairoa,McMillan,CAR,CAR,4200,CAR@JAC,1,FG_week2_2025_exportSheet1-1.csv
2025,2,week2,RB,Dylan,Sampson,CLE,CLE,4200,CLE@BAL,1,FG_week2_2025_exportSheet1-1.csv
2025,2,week2,WR,Deebo,Samuel,WAS,WAS,4200,NYG@WAS,1,FG_week2_2025_exportSheet1-1.csv
2025,2,week2,WR,Rashid,Shaheed,NO,NO,4200,ARI@NO,1,FG_week2_2025_exportSheet1-1.csv
2025,2,week2,WR,Khalil,Shakir,BUF,BUF,4200,BUF@NYJ,1,FG_week2_2025_exportSheet1-1.csv
2025,2,week2,RB,Jaylen,Warren,PIT,PIT,4200,SEA@PIT,1,FG_week2_2025_exportSheet1-1.csv
2025,2,week2,WR,Jordan,Addison,MIN,MIN,4000,ATL@MIN,1,FG_week2_2025_exportSheet1-1.csv
2025,2,week2,QB,Brandon,Allen,TEN,TEN,4000,LA@TEN,1,FG_week2_2025_exportSheet1-1.csv
2025,2,week2,QB,Kyle,Allen,DET,DET,4000,CHI@DET,1,FG_week2_2025_exportSheet1-1.csv
2025,2,week2,QB,Tyson,Bagent,CHI,CHI,4000,CHI@DET,1,FG_week2_2025_exportSheet1-1.csv
2025,2,week2,WR,Rashod,Bateman,BAL,BAL,4000,CLE@BAL,1,FG_week2_2025_exportSheet1-1.csv
2025,2,week2,QB,Stetson,Bennett IV,LAR,LA,4000,LA@TEN,1,FG_week2_2025_exportSheet1-1.csv
2025,2,week2,QB,Teddy,Bridgewater,TB,TB,4000,TB@HOU,1,FG_week2_2025_exportSheet1-1.csv
2025,2,week2,QB,Jacoby,Brissett,ARI,ARI,4000,CAR@ARI,1,FG_week2_2025_exportSheet1-1.csv
2025,2,week2,QB,Max,Brosmer,MIN,MIN,4000,ATL@MIN,1,FG_week2_2025_exportSheet1-1.csv
2025,2,week2,QB,Jake,Browning,CIN,CIN,4000,JAC@CIN,1,FG_week2_2025_exportSheet1-1.csv
2025,2,week2,QB,Kirk,Cousins,ATL,ATL,4000,ATL@MIN,1,FG_week2_2025_exportSheet1-1.csv
2025,2,week2,QB,Andy,Dalton,CAR,CAR,4000,CAR@ARI,1,FG_week2_2025_exportSheet1-1.csv
2025,2,week2,QB,Jaxson,Dart,NYG,NYG,4000,NYG@DAL,1,FG_week2_2025_exportSheet1-1.csv
2025,2,week2,QB,Tommy,DeVito,NE,NE,4000,NE@MIA,1,FG_week2_2025_exportSheet1-1.csv
2025,2,week2,QB,Joshua,Dobbs,NE,NE,4000,NE@MIA,1,FG_week2_2025_exportSheet1-1.csv
2025,2,week2,WR,Josh,Downs,IND,IND,4000,DEN@IND,1,FG_week2_2025_exportSheet1-1.csv
2025,2,week2,WR,Josh,Downs,IND,IND,4000,MIA@IND,1,FG_week2_2025_exportSheet1-1.csv
2025,2,week2,QB,Sam,Ehlinger,DEN,DEN,4000,DEN@IND,1,FG_week2_2025_exportSheet1-1.csv
2025,2,week2,QB,Quinn,Ewers,MIA,MIA,4000,NE@MIA,1,FG_week2_2025_exportSheet1-1.csv
2025,2,week2,QB,Dillon,Gabriel,CLE,CLE,4000,CLE@BAL,1,FG_week2_2025_exportSheet1-1.csv
2025,2,week2,WR,Matthew,Golden,GB,GB,4000,DET@GB,1,FG_week2_2025_exportSheet1-1.csv
2025,2,week2,RB,RJ,Harvey,DEN,DEN,4000,DEN@IND,1,FG_week2_2025_exportSheet1-1.csv
2025,2,week2,QB,Sam,Howell,PHI,PHI,4000,PHI@KC,1,FG_week2_2025_exportSheet1-1.csv
2025,2,week2,QB,Josh,Johnson,WAS,WAS,4000,WAS@GB,1,FG_week2_2025_exportSheet1-1.csv
2025,2,week2,QB,Mac,Jones,SF,SF,4000,SF@NO,1,FG_week2_2025_exportSheet1-1.csv
2025,2,week2,QB,Case,Keenum,CHI,CHI,4000,CHI@DET,1,FG_week2_2025_exportSheet1-1.csv
2025,2,week2,QB,Trey,Lance,LAC,LAC,4000,LAC@LV,1,FG_week2_2025_exportSheet1-1.csv
2025,2,week2,QB,Riley,Leonard,IND,IND,4000,DEN@IND,1,FG_week2_2025_exportSheet1-1.csv
2025,2,week2,QB,Drew,Lock,SEA,SEA,4000,SEA@PIT,1,FG_week2_2025_exportSheet1-1.csv
2025,2,week2,QB,Marcus,Mariota,WAS,WAS,4000,WAS@GB,1,FG_week2_2025_exportSheet1-1.csv
2025,2,week2,QB,Tanner,McKee,PHI,PHI,4000,PHI@KC,1,FG_week2_2025_exportSheet1-1.csv
2025,2,week2,QB,Graham,Mertz,HOU,HOU,4000,TB@HOU,1,FG_week2_2025_exportSheet1-1.csv
2025,2,week2,QB,Davis,Mills,HOU,HOU,4000,TB@HOU,1,FG_week2_2025_exportSheet1-1.csv
2025,2,week2,QB,Jalen,Milroe,SEA,SEA,4000,SEA@PIT,1,FG_week2_2025_exportSheet1-1.csv
2025,2,week2,QB,Joe,Milton III,DAL,DAL,4000,NYG@DAL,1,FG_week2_2025_exportSheet1-1.csv
2025,2,week2,QB,Gardner,Minshew,KC,KC,4000,PHI@KC,1,FG_week2_2025_exportSheet1-1.csv
2025,2,week2,WR,Darnell,Mooney,ATL,ATL,4000,ATL@MIN,1,FG_week2_2025_exportSheet1-1.csv
2025,2,week2,QB,Nick,Mullens,JAX,JAC,4000,JAC@CIN,1,FG_week2_2025_exportSheet1-1.csv
2025,2,week2,QB,Kenny,Pickett,LV,LV,4000,LAC@LV,1,FG_week2_2025_exportSheet1-1.csv
2025,2,week2,WR,Michael,Pittman Jr.,IND,IND,4000,MIA@IND,1,FG_week2_2025_exportSheet1-1.csv
2025,2,week2,QB,Spencer,Rattler,NO,NO,4000,SF@NO,1,FG_week2_2025_exportSheet1-1.csv
2025,2,week2,QB,Anthony,Richardson Sr.,IND,IND,4000,DEN@IND,1,FG_week2_2025_exportSheet1-1.csv
2025,2,week2,QB,Mason,Rudolph,PIT,PIT,4000,SEA@PIT,1,FG_week2_2025_exportSheet1-1.csv
2025,2,week2,QB,Cooper,Rush,BAL,BAL,4000,CLE@BAL,1,FG_week2_2025_exportSheet1-1.csv
2025,2,week2,QB,Shedeur,Sanders,CLE,CLE,4000,CLE@BAL,1,FG_week2_2025_exportSheet1-1.csv
2025,2,week2,WR,Khalil,Shakir,BUF,BUF,4000,BAL@BUF,1,FG_week2_2025_exportSheet1-1.csv
2025,2,week2,QB,Tyler,Shough,NO,NO,4000,SF@NO,1,FG_week2_2025_exportSheet1-1.csv
2025,2,week2,QB,Jarrett,Stidham,DEN,DEN,4000,DEN@IND,1,FG_week2_2025_exportSheet1-1.csv
2025,2,week2,QB,Tyrod,Taylor,NYJ,NYJ,4000,BUF@NYJ,1,FG_week2_2025_exportSheet1-1.csv
2025,2,week2,QB,Skylar,Thompson,PIT,PIT,4000,SEA@PIT,1,FG_week2_2025_exportSheet1-1.csv
2025,2,week2,QB,Mitchell,Trubisky,BUF,BUF,4000,BUF@NYJ,1,FG_week2_2025_exportSheet1-1.csv
2025,2,week2,QB,Cam,Ward,TEN,TEN,4000,LA@TEN,1,FG_week2_2025_exportSheet1-1.csv
2025,2,week2,QB,Deshaun,Watson,CLE,CLE,4000,CLE@BAL,1,FG_week2_2025_exportSheet1-1.csv
2025,2,week2,QB,Carson,Wentz,MIN,MIN,4000,ATL@MIN,1,FG_week2_2025_exportSheet1-1.csv
2025,2,week2,QB,Malik,Willis,GB,GB,4000,WAS@GB,1,FG_week2_2025_exportSheet1-1.csv
2025,2,week2,QB,Zach,Wilson,MIA,MIA,4000,NE@MIA,1,FG_week2_2025_exportSheet1-1.csv
2025,2,week2,QB,Jameis,Winston,NYG,NYG,4000,NYG@DAL,1,FG_week2_2025_exportSheet1-1.csv
2025,2,week2,RB,Zach,Charbonnet,SEA,SEA,3800,SEA@PIT,1,FG_week2_2025_exportSheet1-1.csv
2025,2,week2,WR,Travis,Hunter,JAX,JAC,3800,JAC@CIN,1,FG_week2_2025_exportSheet1-1.csv
2025,2,week2,WR,Quentin,Johnston,LAC,LAC,3800,LAC@LV,1,FG_week2_2025_exportSheet1-1.csv
2025,2,week2,WR,Marvin,Mims Jr.,DEN,DEN,3800,TEN@DEN,1,FG_week2_2025_exportSheet1-1.csv
2025,2,week2,WR,Darnell,Mooney,ATL,ATL,3800,TB@ATL,1,FG_week2_2025_exportSheet1-1.csv
2025,2,week2,TE,David,Njoku,CLE,CLE,3800,CLE@BAL,1,FG_week2_2025_exportSheet1-1.csv
2025,2,week2,WR,Chris,Olave,NO,NO,3800,SF@NO,1,FG_week2_2025_exportSheet1-1.csv
2025,2,week2,WR,Wan'Dale,Robinson,NYG,NYG,3800,NYG@DAL,1,FG_week2_2025_exportSheet1-1.csv
2025,2,week2,WR,Jaylen,Waddle,MIA,MIA,3800,NE@MIA,1,FG_week2_2025_exportSheet1-1.csv
2025,2,week2,WR,Jaylen,Waddle,MIA,MIA,3800,MIA@IND,1,FG_week2_2025_exportSheet1-1.csv
2025,2,week2,TE,Mark,Andrews,BAL,BAL,3600,CLE@BAL,1,FG_week2_2025_exportSheet1-1.csv
2025,2,week2,RB,Travis,Etienne Jr.,JAX,JAC,3600,JAC@CIN,1,FG_week2_2025_exportSheet1-1.csv
2025,2,week2,WR,Cooper,Kupp,SEA,SEA,3600,SEA@PIT,1,FG_week2_2025_exportSheet1-1.csv
2025,2,week2,WR,Cooper,Kupp,SEA,SEA,3600,SF@SEA,1,FG_week2_2025_exportSheet1-1.csv
2025,2,week2,WR,Alec,Pierce,IND,IND,3600,MIA@IND,1,FG_week2_2025_exportSheet1-1.csv
2025,2,week2,WR,Jayden,Reed,GB,GB,3600,DET@GB,1,FG_week2_2025_exportSheet1-1.csv
2025,2,week2,WR,Cedric,Tillman,CLE,CLE,3600,CLE@BAL,1,FG_week2_2025_exportSheet1-1.csv
2025,2,week2,WR,Cedric,Tillman,CLE,CLE,3600,CIN@CLE,1,FG_week2_2025_exportSheet1-1.csv
2025,2,week2,TE,Tyler,Warren,IND,IND,3600,DEN@IND,1,FG_week2_2025_exportSheet1-1.csv
2025,2,week2,WR,Kayshon,Boutte,NE,NE,3400,NE@MIA,1,FG_week2_2025_exportSheet1-1.csv
2025,2,week2,WR,Kayshon,Boutte,NE,NE,3400,LV@NE,1,FG_week2_2025_exportSheet1-1.csv
2025,2,week2,WR,Keon,Coleman,BUF,BUF,3400,BUF@NYJ,1,FG_week2_2025_exportSheet1-1.csv
2025,2,week2,WR,Romeo,Doubs,GB,GB,3400,DET@GB,1,FG_week2_2025_exportSheet1-1.csv
2025,2,week2,RB,Rico,Dowdle,CAR,CAR,3400,CAR@ARI,1,FG_week2_2025_exportSheet1-1.csv
2025,2,week2,RB,Austin,Ekeler,WAS,WAS,3400,WAS@GB,1,FG_week2_2025_exportSheet1-1.csv
2025,2,week2,TE,Zach,Ertz,WAS,WAS,3400,WAS@GB,1,FG_week2_2025_exportSheet1-1.csv
2025,2,week2,RB,Jerome,Ford,CLE,CLE,3400,CLE@BAL,1,FG_week2_2025_exportSheet1-1.csv
2025,2,week2,TE,T.J.,Hockenson,MIN,MIN,3400,ATL@MIN,1,FG_week2_2025_exportSheet1-1.csv
2025,2,week2,WR,Quentin,Johnston,LAC,LAC,3400,KC@LAC,1,FG_week2_2025_exportSheet1-1.csv
2025,2,week2,WR,Christian,Kirk,HOU,HOU,3400,TB@HOU,1,FG_week2_2025_exportSheet1-1.csv
2025,2,week2,TE,Tucker,Kraft,GB,GB,3400,WAS@GB,1,FG_week2_2025_exportSheet1-1.csv
2025,2,week2,WR,Rome,Odunze,CHI,CHI,3400,CHI@DET,1,FG_week2_2025_exportSheet1-1.csv
2025,2,week2,WR,Rome,Odunze,CHI,CHI,3400,MIN@CHI,1,FG_week2_2025_exportSheet1-1.csv
2025,2,week2,WR,Alec,Pierce,IND,IND,3400,DEN@IND,1,FG_week2_2025_exportSheet1-1.csv
2025,2,week2,WR,Wan'Dale,Robinson,NYG,NYG,3400,NYG@WAS,1,FG_week2_2025_exportSheet1-1.csv
2025,2,week2,RB,Brian,Robinson Jr.,SF,SF,3400,SF@NO,1,FG_week2_2025_exportSheet1-1.csv
2025,2,week2,RB,Rhamondre,Stevenson,NE,NE,3400,NE@MIA,1,FG_week2_2025_exportSheet1-1.csv
2025,2,week2,WR,Dyami,Brown,JAX,JAC,3200,JAC@CIN,1,FG_week2_2025_exportSheet1-1.csv
2025,2,week2,WR,Dyami,Brown,JAX,JAC,3200,CAR@JAC,1,FG_week2_2025_exportSheet1-1.csv
2025,2,week2,RB,Nick,Chubb,HOU,HOU,3200,TB@HOU,1,FG_week2_2025_exportSheet1-1.csv
2025,2,week2,WR,Jalen,Coker,CAR,CAR,3200,CAR@JAC,1,FG_week2_2025_exportSheet1-1.csv
2025,2,week2,WR,DeMario,Douglas,NE,NE,3200,NE@MIA,1,FG_week2_2025_exportSheet1-1.csv
2025,2,week2,WR,DeMario,Douglas,NE,NE,3200,LV@NE,1,FG_week2_2025_exportSheet1-1.csv
2025,2,week2,TE,Dallas,Goedert,PHI,PHI,3200,PHI@KC,1,FG_week2_2025_exportSheet1-1.csv
2025,2,week2,RB,Najee,Harris,LAC,LAC,3200,LAC@LV,1,FG_week2_2025_exportSheet1-1.csv
2025,2,week2,TE,Taysom,Hill,NO,NO,3200,SF@NO,1,FG_week2_2025_exportSheet1-1.csv
2025,2,week2,WR,Christian,Kirk,HOU,HOU,3200,HOU@LA,1,FG_week2_2025_exportSheet1-1.csv
2025,2,week2,RB,Jordan,Mason,MIN,MIN,3200,ATL@MIN,1,FG_week2_2025_exportSheet1-1.csv
2025,2,week2,WR,Chris,Olave,NO,NO,3200,ARI@NO,1,FG_week2_2025_exportSheet1-1.csv
2025,2,week2,WR,Joshua,Palmer,BUF,BUF,3200,BAL@BUF,1,FG_week2_2025_exportSheet1-1.csv
2025,2,week2,WR,Jayden,Reed,GB,GB,3200,WAS@GB,1,FG_week2_2025_exportSheet1-1.csv
2025,2,week2,WR,Tyrell,Shavers,BUF,BUF,3200,BUF@NYJ,1,FG_week2_2025_exportSheet1-1.csv
2025,2,week2,WR,Tyrell,Shavers,BUF,BUF,3200,BAL@BUF,1,FG_week2_2025_exportSheet1-1.csv
2025,2,week2,TE,Jonnu,Smith,PIT,PIT,3200,SEA@PIT,1,FG_week2_2025_exportSheet1-1.csv
2025,2,week2,WR,Jack,Bech,LV,LV,3000,LV@NE,1,FG_week2_2025_exportSheet1-1.csv
2025,2,week2,WR,Romeo,Doubs,GB,GB,3000,WAS@GB,1,FG_week2_2025_exportSheet1-1.csv
2025,2,week2,WR,Emeka,Egbuka,TB,TB,3000,TB@ATL,1,FG_week2_2025_exportSheet1-1.csv
2025,2,week2,TE,Harold,Fannin Jr.,CLE,CLE,3000,CLE@BAL,1,FG_week2_2025_exportSheet1-1.csv
2025,2,week2,TE,Pat,Freiermuth,PIT,PIT,3000,SEA@PIT,1,FG_week2_2025_exportSheet1-1.csv
2025,2,week2,WR,Jayden,Higgins,HOU,HOU,3000,HOU@LA,1,FG_week2_2025_exportSheet1-1.csv
2025,2,week2,TE,Chig,Okonkwo,TEN,TEN,3000,LA@TEN,1,FG_week2_2025_exportSheet1-1.csv
2025,2,week2,RB,Isiah,Pacheco,KC,KC,3000,PHI@KC,1,FG_week2_2025_exportSheet1-1.csv
2025,2,week2,WR,Joshua,Palmer,BUF,BUF,3000,BUF@NYJ,1,FG_week2_2025_exportSheet1-1.csv
2025,2,week2,WR,Nick,Westbrook-Ikhine,MIA,MIA,3000,NE@MIA,1,FG_week2_2025_exportSheet1-1.csv
2025,2,week2,RB,Tank,Bigsby,PHI,PHI,2800,JAC@CIN,1,FG_week2_2025_exportSheet1-1.csv
2025,2,week2,RB,Jaydon,Blue,DAL,DAL,2800,NYG@DAL,1,FG_week2_2025_exportSheet1-1.csv
2025,2,week2,WR,Hollywood,Brown,KC,KC,2800,PHI@KC,1,FG_week2_2025_exportSheet1-1.csv
2025,2,week2,WR,Luther,Burden III,CHI,CHI,2800,MIN@CHI,1,FG_week2_2025_exportSheet1-1.csv
2025,2,week2,WR,Keon,Coleman,BUF,BUF,2800,BAL@BUF,1,FG_week2_2025_exportSheet1-1.csv
2025,2,week2,TE,Evan,Engram,DEN,DEN,2800,DEN@IND,1,FG_week2_2025_exportSheet1-1.csv
2025,2,week2,TE,Mike,Gesicki,CIN,CIN,2800,JAC@CIN,1,FG_week2_2025_exportSheet1-1.csv
2025,2,week2,WR,Matthew,Golden,GB,GB,2800,WAS@GB,1,FG_week2_2025_exportSheet1-1.csv
2025,2,week2,WR,Tre',Harris,LAC,LAC,2800,KC@LAC,1,FG_week2_2025_exportSheet1-1.csv
2025,2,week2,TE,Tyler,Higbee,LAR,LA,2800,LA@TEN,1,FG_week2_2025_exportSheet1-1.csv
2025,2,week2,RB,Kareem,Hunt,KC,KC,2800,PHI@KC,1,FG_week2_2025_exportSheet1-1.csv
2025,2,week2,TE,Juwan,Johnson,NO,NO,2800,SF@NO,1,FG_week2_2025_exportSheet1-1.csv
2025,2,week2,WR,Jalen,Tolbert,DAL,DAL,2800,DAL@PHI,1,FG_week2_2025_exportSheet1-1.csv
2025,2,week2,WR,Nick,Westbrook-Ikhine,MIA,MIA,2800,MIA@IND,1,FG_week2_2025_exportSheet1-1.csv
2025,2,week2,WR,Kyle,Williams,NE,NE,2800,LV@NE,1,FG_week2_2025_exportSheet1-1.csv
2025,2,week2,WR,Michael,Wilson,ARI,ARI,2800,ARI@NO,1,FG_week2_2025_exportSheet1-1.csv
2025,2,week2,WR,Calvin,Austin III,PIT,PIT,2600,SEA@PIT,1,FG_week2_2025_exportSheet1-1.csv
2025,2,week2,WR,Hollywood,Brown,KC,KC,2600,KC@LAC,1,FG_week2_2025_exportSheet1-1.csv
2025,2,week2,TE,Noah,Fant,CIN,CIN,2600,JAC@CIN,1,FG_week2_2025_exportSheet1-1.csv
2025,2,week2,TE,Hunter,Henry,NE,NE,2600,NE@MIA,1,FG_week2_2025_exportSheet1-1.csv
2025,2,week2,WR,Allen,Lazard,NYJ,NYJ,2600,BUF@NYJ,1,FG_week2_2025_exportSheet1-1.csv
2025,2,week2,WR,Xavier,Legette,CAR,CAR,2600,CAR@ARI,1,FG_week2_2025_exportSheet1-1.csv
2025,2,week2,WR,Tay,Martin,WAS,WAS,2600,NYG@WAS,1,FG_week2_2025_exportSheet1-1.csv
2025,2,week2,TE,Cade,Otton,TB,TB,2600,TB@HOU,1,FG_week2_2025_exportSheet1-1.csv
2025,2,week2,WR,Curtis,Samuel,BUF,BUF,2600,BAL@BUF,1,FG_week2_2025_exportSheet1-1.csv
2025,2,week2,WR,Isaac,TeSlaa,DET,DET,2600,CHI@DET,1,FG_week2_2025_exportSheet1-1.csv
2025,2,week2,TE,Darren,Waller,MIA,MIA,2600,NE@MIA,1,FG_week2_2025_exportSheet1-1.csv
2025,2,week2,RB,Rachaad,White,TB,TB,2600,TB@HOU,1,FG_week2_2025_exportSheet1-1.csv
2025,2,week2,WR,Dontayvion,Wicks,GB,GB,2600,DET@GB,1,FG_week2_2025_exportSheet1-1.csv
2025,2,week2,WR,Michael,Wilson,ARI,ARI,2600,CAR@ARI,1,FG_week2_2025_exportSheet1-1.csv
2025,2,week2,WR,Jordan,Addison,MIN,MIN,2400,MIN@CHI,1,FG_week2_2025_exportSheet1-1.csv
2025,2,week2,WR,Brandon,Aiyuk,SF,SF,2400,SF@NO,1,FG_week2_2025_exportSheet1-1.csv
2025,2,week2,RB,Trey,Benson,ARI,ARI,2400,CAR@ARI,1,FG_week2_2025_exportSheet1-1.csv
2025,2,week2,TE,Tyler,Conklin,LAC,LAC,2400,LAC@LV,1,FG_week2_2025_exportSheet1-1.csv
2025,2,week2,WR,Greg,Dortch,ARI,ARI,2400,ARI@NO,1,FG_week2_2025_exportSheet1-1.csv
2025,2,week2,WR,DeAndre,Hopkins,BAL,BAL,2400,CLE@BAL,1,FG_week2_2025_exportSheet1-1.csv
2025,2,week2,WR,DeAndre,Hopkins,BAL,BAL,2400,BAL@BUF,1,FG_week2_2025_exportSheet1-1.csv
2025,2,week2,WR,Andrei,Iosivas,CIN,CIN,2400,JAC@CIN,1,FG_week2_2025_exportSheet1-1.csv
2025,2,week2,TE,Dalton,Kincaid,BUF,BUF,2400,BUF@NYJ,1,FG_week2_2025_exportSheet1-1.csv
2025,2,week2,WR,Allen,Lazard,NYJ,NYJ,2400,PIT@NYJ,1,FG_week2_2025_exportSheet1-1.csv
2025,2,week2,TE,Isaiah,Likely,BAL,BAL,2400,CLE@BAL,1,FG_week2_2025_exportSheet1-1.csv
2025,2,week2,TE,Colston,Loveland,CHI,CHI,2400,CHI@DET,1,FG_week2_2025_exportSheet1-1.csv
2025,2,week2,WR,Ray-Ray,McCloud III,ATL,ATL,2400,ATL@MIN,1,FG_week2_2025_exportSheet1-1.csv
2025,2,week2,WR,Jalen,Nailor,MIN,MIN,2400,MIN@CHI,1,FG_week2_2025_exportSheet1-1.csv
2025,2,week2,TE,Kyle,Pitts Sr.,ATL,ATL,2400,ATL@MIN,1,FG_week2_2025_exportSheet1-1.csv
2025,2,week2,RB,Miles,Sanders,DAL,DAL,2400,NYG@DAL,1,FG_week2_2025_exportSheet1-1.csv
2025,2,week2,TE,Dalton,Schultz,HOU,HOU,2400,TB@HOU,1,FG_week2_2025_exportSheet1-1.csv
2025,2,week2,WR,Jalen,Tolbert,DAL,DAL,2400,NYG@DAL,1,FG_week2_2025_exportSheet1-1.csv
2025,2,week2,WR,Tre,Tucker,LV,LV,2400,LAC@LV,1,FG_week2_2025_exportSheet1-1.csv
2025,2,week2,WR,Marquez,Valdes-Scantling,SF,SF,2400,SF@SEA,1,FG_week2_2025_exportSheet1-1.csv
2025,2,week2,WR,Devaughn,Vele,NO,NO,2400,TEN@DEN,1,FG_week2_2025_exportSheet1-1.csv
2025,2,week2,RB,Tyler,Allgeier,ATL,ATL,2200,ATL@MIN,1,FG_week2_2025_exportSheet1-1.csv
2025,2,week2,WR,Calvin,Austin III,PIT,PIT,2200,PIT@NYJ,1,FG_week2_2025_exportSheet1-1.csv
2025,2,week2,WR,Noah,Brown,WAS,WAS,2200,WAS@GB,1,FG_week2_2025_exportSheet1-1.csv
2025,2,week2,WR,Noah,Brown,WAS,WAS,2200,NYG@WAS,1,FG_week2_2025_exportSheet1-1.csv
2025,2,week2,WR,Brandin,Cooks,NO,NO,2200,ARI@NO,1,FG_week2_2025_exportSheet1-1.csv
2025,2,week2,RB,Ray,Davis,BUF,BUF,2200,BUF@NYJ,1,FG_week2_2025_exportSheet1-1.csv
2025,2,week2,WR,Tank,Dell,HOU,HOU,2200,TB@HOU,1,FG_week2_2025_exportSheet1-1.csv
2025,2,week2,WR,Tank,Dell,HOU,HOU,2200,HOU@LA,1,FG_week2_2025_exportSheet1-1.csv
2025,2,week2,TE,Jake,Ferguson,DAL,DAL,2200,NYG@DAL,1,FG_week2_2025_exportSheet1-1.csv
2025,2,week2,WR,Jayden,Higgins,HOU,HOU,2200,TB@HOU,1,FG_week2_2025_exportSheet1-1.csv
2025,2,week2,RB,Justice,Hill,BAL,BAL,2200,CLE@BAL,1,FG_week2_2025_exportSheet1-1.csv
2025,2,week2,WR,Andrei,Iosivas,CIN,CIN,2200,CIN@CLE,1,FG_week2_2025_exportSheet1-1.csv
2025,2,week2,RB,Kaleb,Johnson,PIT,PIT,2200,SEA@PIT,1,FG_week2_2025_exportSheet1-1.csv
2025,2,week2,TE,Theo,Johnson,NYG,NYG,2200,NYG@DAL,1,FG_week2_2025_exportSheet1-1.csv
2025,2,week2,WR,Xavier,Legette,CAR,CAR,2200,CAR@JAC,1,FG_week2_2025_exportSheet1-1.csv
2025,2,week2,WR,Tyler,Lockett,TEN,TEN,2200,LA@TEN,1,FG_week2_2025_exportSheet1-1.csv
2025,2,week2,TE,Colston,Loveland,CHI,CHI,2200,MIN@CHI,1,FG_week2_2025_exportSheet1-1.csv
2025,2,week2,WR,Jalen,Nailor,MIN,MIN,2200,ATL@MIN,1,FG_week2_2025_exportSheet1-1.csv
2025,2,week2,WR,Jaylin,Noel,HOU,HOU,2200,HOU@LA,1,FG_week2_2025_exportSheet1-1.csv
2025,2,week2,WR,Jalen,Royals,KC,KC,2200,KC@LAC,1,FG_week2_2025_exportSheet1-1.csv
2025,2,week2,WR,Curtis,Samuel,BUF,BUF,2200,BUF@NYJ,1,FG_week2_2025_exportSheet1-1.csv
2025,2,week2,WR,Darius,Slayton,NYG,NYG,2200,NYG@DAL,1,FG_week2_2025_exportSheet1-1.csv
2025,2,week2,WR,Darius,Slayton,NYG,NYG,2200,NYG@WAS,1,FG_week2_2025_exportSheet1-1.csv
2025,2,week2,TE,Brenton,Strange,JAX,JAC,2200,JAC@CIN,1,FG_week2_2025_exportSheet1-1.csv
2025,2,week2,WR,Dont'e,Thornton Jr.,LV,LV,2200,LAC@LV,1,FG_week2_2025_exportSheet1-1.csv
2025,2,week2,WR,Parker,Washington,JAX,JAC,2200,JAC@CIN,1,FG_week2_2025_exportSheet1-1.csv
2025,2,week2,WR,Parker,Washington,JAX,JAC,2200,CAR@JAC,1,FG_week2_2025_exportSheet1-1.csv
2025,2,week2,WR,Ife,Adeyi,PHI,PHI,2000,DAL@PHI,1,FG_week2_2025_exportSheet1-1.csv
2025,2,week2,TE,Nate,Adkins,DEN,DEN,2000,DEN@IND,1,FG_week2_2025_exportSheet1-1.csv
2025,2,week2,WR,Jamal,Agnew,ATL,ATL,2000,ATL@MIN,1,FG_week2_2025_exportSheet1-1.csv
2025,2,week2,WR,Jamal,Agnew,ATL,ATL,2000,TB@ATL,1,FG_week2_2025_exportSheet1-1.csv
2025,2,week2,WR,Brandon,Aiyuk,SF,SF,2000,SF@SEA,1,FG_week2_2025_exportSheet1-1.csv
2025,2,week2,WR,Ajou,Ajou,IND,IND,2000,MIA@IND,1,FG_week2_2025_exportSheet1-1.csv
2025,2,week2,WR,Kelly,Akharaiyi,ARI,ARI,2000,ARI@NO,1,FG_week2_2025_exportSheet1-1.csv
2025,2,week2,WR,Maurice,Alexander,CHI,CHI,2000,MIN@CHI,1,FG_week2_2025_exportSheet1-1.csv
2025,2,week2,RB,Rasheen,Ali,BAL,BAL,2000,CLE@BAL,1,FG_week2_2025_exportSheet1-1.csv
2025,2,week2,TE,Mo,Alie-Cox,IND,IND,2000,DEN@IND,1,FG_week2_2025_exportSheet1-1.csv
2025,2,week2,TE,Erick,All Jr.,CIN,CIN,2000,JAC@CIN,1,FG_week2_2025_exportSheet1-1.csv
2025,2,week2,RB,Braelon,Allen,NYJ,NYJ,2000,BUF@NYJ,1,FG_week2_2025_exportSheet1-1.csv
2025,2,week2,TE,Davis,Allen,LAR,LA,2000,LA@TEN,1,FG_week2_2025_exportSheet1-1.csv
2025,2,week2,RB,LeQuint,Allen Jr.,JAX,JAC,2000,JAC@CIN,1,FG_week2_2025_exportSheet1-1.csv
2025,2,week2,WR,Andrew,Armstrong,MIA,MIA,2000,MIA@IND,1,FG_week2_2025_exportSheet1-1.csv
2025,2,week2,TE,Elijah,Arroyo,SEA,SEA,2000,SEA@PIT,1,FG_week2_2025_exportSheet1-1.csv
2025,2,week2,WR,Tutu,Atwell,LAR,LA,2000,LA@TEN,1,FG_week2_2025_exportSheet1-1.csv
2025,2,week2,WR,Tutu,Atwell,LAR,LA,2000,HOU@LA,1,FG_week2_2025_exportSheet1-1.csv
2025,2,week2,WR,Kevin,Austin Jr.,NO,NO,2000,ARI@NO,1,FG_week2_2025_exportSheet1-1.csv
2025,2,week2,WR,Elic,Ayomanor,TEN,TEN,2000,LA@TEN,1,FG_week2_2025_exportSheet1-1.csv
2025,2,week2,WR,Elic,Ayomanor,TEN,TEN,2000,TEN@DEN,1,FG_week2_2025_exportSheet1-1.csv
2025,2,week2,WR,Andre,Baccellia,ARI,ARI,2000,ARI@NO,1,FG_week2_2025_exportSheet1-1.csv
2025,2,week2,WR,Alex,Bachman,LV,LV,2000,LAC@LV,1,FG_week2_2025_exportSheet1-1.csv
2025,2,week2,WR,Alex,Bachman,LV,LV,2000,LV@NE,1,FG_week2_2025_exportSheet1-1.csv
2025,2,week2,WR,Elijhah,Badger,KC,KC,2000,KC@LAC,1,FG_week2_2025_exportSheet1-1.csv
2025,2,week2,RB,Tyler,Badie,DEN,DEN,2000,DEN@IND,1,FG_week2_2025_exportSheet1-1.csv
2025,2,week2,WR,Javon,Baker,NE,NE,2000,LV@NE,1,FG_week2_2025_exportSheet1-1.csv
2025,2,week2,WR,Kawaan,Baker,GB,GB,2000,DET@GB,1,FG_week2_2025_exportSheet1-1.csv
2025,2,week2,WR,Michael,Bandy,DEN,DEN,2000,TEN@DEN,1,FG_week2_2025_exportSheet1-1.csv
2025,2,week2,WR,Jahmal,Banks,BAL,BAL,2000,BAL@BUF,1,FG_week2_2025_exportSheet1-1.csv
2025,2,week2,TE,AJ,Barner,SEA,SEA,2000,SEA@PIT,1,FG_week2_2025_exportSheet1-1.csv
2025,2,week2,TE,Gavin,Bartholomew,MIN,MIN,2000,ATL@MIN,1,FG_week2_2025_exportSheet1-1.csv
2025,2,week2,TE,John,Bates,WAS,WAS,2000,WAS@GB,1,FG_week2_2025_exportSheet1-1.csv
2025,2,week2,WR,Jack,Bech,LV,LV,2000,LAC@LV,1,FG_week2_2025_exportSheet1-1.csv
2025,2,week2,RB,Andrew,Beck,NYJ,NYJ,2000,BUF@NYJ,1,FG_week2_2025_exportSheet1-1.csv
2025,2,week2,WR,Ronnie,Bell,DET,DET,2000,DET@GB,1,FG_week2_2025_exportSheet1-1.csv
2025,2,week2,TE,Daniel,Bellinger,NYG,NYG,2000,NYG@DAL,1,FG_week2_2025_exportSheet1-1.csv
2025,2,week2,RB,Ulysses,Bentley IV,IND,IND,2000,DEN@IND,1,FG_week2_2025_exportSheet1-1.csv
2025,2,week2,WR,Junior,Bergen,SF,SF,2000,SF@SEA,1,FG_week2_2025_exportSheet1-1.csv
2025,2,week2,WR,Braxton,Berrios,HOU,HOU,2000,TB@HOU,1,FG_week2_2025_exportSheet1-1.csv
2025,2,week2,WR,Braxton,Berrios,HOU,HOU,2000,HOU@LA,1,FG_week2_2025_exportSheet1-1.csv
2025,2,week2,WR,Tarik,Black,MIA,MIA,2000,MIA@IND,1,FG_week2_2025_exportSheet1-1.csv
2025,2,week2,WR,Chris,Blair,ATL,ATL,2000,TB@ATL,1,FG_week2_2025_exportSheet1-1.csv
2025,2,week2,WR,Jordan,Bly,NYG,NYG,2000,NYG@WAS,1,FG_week2_2025_exportSheet1-1.csv
2025,2,week2,WR,Jake,Bobo,SEA,SEA,2000,SEA@PIT,1,FG_week2_2025_exportSheet1-1.csv
2025,2,week2,WR,Jake,Bobo,SEA,SEA,2000,SF@SEA,1,FG_week2_2025_exportSheet1-1.csv
2025,2,week2,WR,Silas,Bolden,MIN,MIN,2000,MIN@CHI,1,FG_week2_2025_exportSheet1-1.csv
2025,2,week2,WR,Isaiah,Bond,CLE,CLE,2000,CLE@BAL,1,FG_week2_2025_exportSheet1-1.csv
2025,2,week2,WR,Kendrick,Bourne,NE,NE,2000,LV@NE,1,FG_week2_2025_exportSheet1-1.csv
2025,2,week2,WR,Miles,Boykin,CHI,CHI,2000,MIN@CHI,1,FG_week2_2025_exportSheet1-1.csv
2025,2,week2,WR,Chandler,Brayboy,JAX,JAC,2000,CAR@JAC,1,FG_week2_2025_exportSheet1-1.csv
2025,2,week2,WR,Tyrone,Broden,SEA,SEA,2000,SF@SEA,1,FG_week2_2025_exportSheet1-1.csv
2025,2,week2,RB,Chris,Brooks,GB,GB,2000,WAS@GB,1,FG_week2_2025_exportSheet1-1.csv
2025,2,week2,RB,Tahj,Brooks,CIN,CIN,2000,JAC@CIN,1,FG_week2_2025_exportSheet1-1.csv
2025,2,week2,RB,Jonathon,Brooks,CAR,CAR,2000,CAR@ARI,1,FG_week2_2025_exportSheet1-1.csv
2025,2,week2,RB,British,Brooks,HOU,HOU,2000,TB@HOU,1,FG_week2_2025_exportSheet1-1.csv
2025,2,week2,WR,Jalen,Brooks,DAL,DAL,2000,DAL@PHI,1,FG_week2_2025_exportSheet1-1.csv
2025,2,week2,WR,Ja'Corey,Brooks,WAS,WAS,2000,NYG@WAS,1,FG_week2_2025_exportSheet1-1.csv
2025,2,week2,WR,Jason,Brownlee,KC,KC,2000,PHI@KC,1,FG_week2_2025_exportSheet1-1.csv
2025,2,week2,WR,Jason,Brownlee,KC,KC,2000,KC@LAC,1,FG_week2_2025_exportSheet1-1.csv
2025,2,week2,WR,Pat,Bryant,DEN,DEN,2000,DEN@IND,1,FG_week2_2025_exportSheet1-1.csv
2025,2,week2,WR,Pat,Bryant,DEN,DEN,2000,TEN@DEN,1,FG_week2_2025_exportSheet1-1.csv
2025,2,week2,WR,Luther,Burden III,CHI,CHI,2000,CHI@DET,1,FG_week2_2025_exportSheet1-1.csv
2025,2,week2,WR,Cole,Burgess,CIN,CIN,2000,CIN@CLE,1,FG_week2_2025_exportSheet1-1.csv
2025,2,week2,WR,Jermaine,Burton,CIN,CIN,2000,JAC@CIN,1,FG_week2_2025_exportSheet1-1.csv
2025,2,week2,WR,Jermaine,Burton,CIN,CIN,2000,CIN@CLE,1,FG_week2_2025_exportSheet1-1.csv
2025,2,week2,WR,Deon,Cain,BUF,BUF,2000,BAL@BUF,1,FG_week2_2025_exportSheet1-1.csv
2025,2,week2,TE,Grant,Calcaterra,PHI,PHI,2000,PHI@KC,1,FG_week2_2025_exportSheet1-1.csv
2025,2,week2,WR,Marquez,Callaway,LV,LV,2000,LV@NE,1,FG_week2_2025_exportSheet1-1.csv
2025,2,week2,WR,Dalen,Cambre,NYG,NYG,2000,NYG@WAS,1,FG_week2_2025_exportSheet1-1.csv
2025,2,week2,WR,Dalevon,Campbell,CAR,CAR,2000,CAR@ARI,1,FG_week2_2025_exportSheet1-1.csv
2025,2,week2,WR,Dalevon,Campbell,CAR,CAR,2000,KC@LAC,1,FG_week2_2025_exportSheet1-1.csv
2025,2,week2,WR,Cam,Camper,JAX,JAC,2000,CAR@JAC,1,FG_week2_2025_exportSheet1-1.csv
2025,2,week2,TE,Stephen,Carlson,CHI,CHI,2000,MIN@CHI,1,FG_week2_2025_exportSheet1-1.csv
2025,2,week2,RB,Nathan,Carter,ATL,ATL,2000,ATL@MIN,1,FG_week2_2025_exportSheet1-1.csv
2025,2,week2,WR,DeAndre,Carter,CLE,CLE,2000,CLE@BAL,1,FG_week2_2025_exportSheet1-1.csv
2025,2,week2,WR,DeAndre,Carter,CLE,CLE,2000,CIN@CLE,1,FG_week2_2025_exportSheet1-1.csv
2025,2,week2,WR,Joshua,Cephus,JAX,JAC,2000,CAR@JAC,1,FG_week2_2025_exportSheet1-1.csv
2025,2,week2,WR,Quintez,Cephus,HOU,HOU,2000,HOU@LA,1,FG_week2_2025_exportSheet1-1.csv
2025,2,week2,RB,Ty,Chandler,MIN,MIN,2000,ATL@MIN,1,FG_week2_2025_exportSheet1-1.csv
2025,2,week2,WR,DJ,Chark,ATL,ATL,2000,TB@ATL,1,FG_week2_2025_exportSheet1-1.csv
2025,2,week2,WR,Irvin,Charles,NYJ,NYJ,2000,BUF@NYJ,1,FG_week2_2025_exportSheet1-1.csv
2025,2,week2,WR,Irvin,Charles,NYJ,NYJ,2000,PIT@NYJ,1,FG_week2_2025_exportSheet1-1.csv
2025,2,week2,RB,Julius,Chestnut,TEN,TEN,2000,LA@TEN,1,FG_week2_2025_exportSheet1-1.csv
2025,2,week2,WR,Efton,Chism III,NE,NE,2000,NE@MIA,1,FG_week2_2025_exportSheet1-1.csv
2025,2,week2,WR,Efton,Chism III,NE,NE,2000,LV@NE,1,FG_week2_2025_exportSheet1-1.csv
2025,2,week2,WR,Robbie,Chosen,SF,SF,2000,SF@SEA,1,FG_week2_2025_exportSheet1-1.csv
2025,2,week2,WR,Beaux,Collins,NYG,NYG,2000,NYG@DAL,1,FG_week2_2025_exportSheet1-1.csv
2025,2,week2,WR,Beaux,Collins,NYG,NYG,2000,NYG@WAS,1,FG_week2_2025_exportSheet1-1.csv
2025,2,week2,TE,Tanner,Conner,MIA,MIA,2000,NE@MIA,1,FG_week2_2025_exportSheet1-1.csv
2025,2,week2,WR,Brandin,Cooks,NO,NO,2000,SF@NO,1,FG_week2_2025_exportSheet1-1.csv
2025,2,week2,WR,Elijah,Cooks,PHI,PHI,2000,DAL@PHI,1,FG_week2_2025_exportSheet1-1.csv
2025,2,week2,WR,Darius,Cooper,PHI,PHI,2000,PHI@KC,1,FG_week2_2025_exportSheet1-1.csv
2025,2,week2,WR,Darius,Cooper,PHI,PHI,2000,DAL@PHI,1,FG_week2_2025_exportSheet1-1.csv
2025,2,week2,WR,Malachi,Corley,CLE,CLE,2000,CIN@CLE,1,FG_week2_2025_exportSheet1-1.csv
2025,2,week2,RB,Blake,Corum,LAR,LA,2000,LA@TEN,1,FG_week2_2025_exportSheet1-1.csv
2025,2,week2,WR,Britain,Covey,LAR,LA,2000,HOU@LA,1,FG_week2_2025_exportSheet1-1.csv
2025,2,week2,WR,Jacob,Cowing,SF,SF,2000,SF@SEA,1,FG_week2_2025_exportSheet1-1.csv
2025,2,week2,WR,Jalen,Cropper,DAL,DAL,2000,DAL@PHI,1,FG_week2_2025_exportSheet1-1.csv
2025,2,week2,TE,Devin,Culp,TB,TB,2000,TB@HOU,1,FG_week2_2025_exportSheet1-1.csv
2025,2,week2,WR,Malik,Cunningham,BAL,BAL,2000,BAL@BUF,1,FG_week2_2025_exportSheet1-1.csv
2025,2,week2,WR,Mac,Dalena,KC,KC,2000,KC@LAC,1,FG_week2_2025_exportSheet1-1.csv
2025,2,week2,WR,Roderick,Daniels Jr.,NO,NO,2000,ARI@NO,1,FG_week2_2025_exportSheet1-1.csv
2025,2,week2,RB,Isaiah,Davis,NYJ,NYJ,2000,BUF@NYJ,1,FG_week2_2025_exportSheet1-1.csv
2025,2,week2,WR,Derius,Davis,LAC,LAC,2000,LAC@LV,1,FG_week2_2025_exportSheet1-1.csv
2025,2,week2,WR,Derius,Davis,LAC,LAC,2000,KC@LAC,1,FG_week2_2025_exportSheet1-1.csv
2025,2,week2,WR,Kaden,Davis,CLE,CLE,2000,CIN@CLE,1,FG_week2_2025_exportSheet1-1.csv
2025,2,week2,WR,Joaquin,Davis,DEN,DEN,2000,TEN@DEN,1,FG_week2_2025_exportSheet1-1.csv
2025,2,week2,RB,Emari,Demercado,ARI,ARI,2000,CAR@ARI,1,FG_week2_2025_exportSheet1-1.csv
2025,2,week2,WR,Chimere,Dike,TEN,TEN,2000,LA@TEN,1,FG_week2_2025_exportSheet1-1.csv
2025,2,week2,WR,Chimere,Dike,TEN,TEN,2000,TEN@DEN,1,FG_week2_2025_exportSheet1-1.csv
2025,2,week2,RB,A.J.,Dillon,PHI,PHI,2000,PHI@KC,1,FG_week2_2025_exportSheet1-1.csv
2025,2,week2,TE,Will,Dissly,LAC,LAC,2000,LAC@LV,1,FG_week2_2025_exportSheet1-1.csv
2025,2,week2,WR,Moochie,Dixon,NO,NO,2000,ARI@NO,1,FG_week2_2025_exportSheet1-1.csv
2025,2,week2,WR,Phillip,Dorsett,LV,LV,2000,LV@NE,1,FG_week2_2025_exportSheet1-1.csv
2025,2,week2,WR,Greg,Dortch,ARI,ARI,2000,CAR@ARI,1,FG_week2_2025_exportSheet1-1.csv
2025,2,week2,WR,Jahan,Dotson,PHI,PHI,2000,PHI@KC,1,FG_week2_2025_exportSheet1-1.csv
2025,2,week2,WR,Jahan,Dotson,PHI,PHI,2000,DAL@PHI,1,FG_week2_2025_exportSheet1-1.csv
2025,2,week2,WR,Dylan,Drummond,ATL,ATL,2000,TB@ATL,1,FG_week2_2025_exportSheet1-1.csv
2025,2,week2,WR,Ashton,Dulin,IND,IND,2000,DEN@IND,1,FG_week2_2025_exportSheet1-1.csv
2025,2,week2,WR,Ashton,Dulin,IND,IND,2000,MIA@IND,1,FG_week2_2025_exportSheet1-1.csv
2025,2,week2,TE,Payne,Durham,TB,TB,2000,TB@HOU,1,FG_week2_2025_exportSheet1-1.csv
2025,2,week2,WR,Devin,Duvernay,CHI,CHI,2000,CHI@DET,1,FG_week2_2025_exportSheet1-1.csv
2025,2,week2,WR,Devin,Duvernay,CHI,CHI,2000,MIN@CHI,1,FG_week2_2025_exportSheet1-1.csv
2025,2,week2,WR,Tru,Edwards,LAR,LA,2000,HOU@LA,1,FG_week2_2025_exportSheet1-1.csv
2025,2,week2,WR,Dee,Eskridge,MIA,MIA,2000,NE@MIA,1,FG_week2_2025_exportSheet1-1.csv
2025,2,week2,WR,Dee,Eskridge,MIA,MIA,2000,MIA@IND,1,FG_week2_2025_exportSheet1-1.csv
2025,2,week2,RB,Trevor,Etienne,CAR,CAR,2000,CAR@ARI,1,FG_week2_2025_exportSheet1-1.csv
2025,2,week2,TE,Mitchell,Evans,CAR,CAR,2000,CAR@ARI,1,FG_week2_2025_exportSheet1-1.csv
2025,2,week2,WR,Erik,Ezukanma,MIA,MIA,2000,MIA@IND,1,FG_week2_2025_exportSheet1-1.csv
2025,2,week2,TE,Luke,Farrell,SF,SF,2000,SF@NO,1,FG_week2_2025_exportSheet1-1.csv
2025,2,week2,WR,Simi,Fehoko,ARI,ARI,2000,ARI@NO,1,FG_week2_2025_exportSheet1-1.csv
2025,2,week2,WR,Tai,Felton,MIN,MIN,2000,ATL@MIN,1,FG_week2_2025_exportSheet1-1.csv
2025,2,week2,WR,Da'Quan,Felton,NYG,NYG,2000,NYG@WAS,1,FG_week2_2025_exportSheet1-1.csv
2025,2,week2,WR,Tai,Felton,MIN,MIN,2000,MIN@CHI,1,FG_week2_2025_exportSheet1-1.csv
2025,2,week2,TE,Terrance,Ferguson,LAR,LA,2000,LA@TEN,1,FG_week2_2025_exportSheet1-1.csv
2025,2,week2,TE,Thomas,Fidone II,NYG,NYG,2000,NYG@DAL,1,FG_week2_2025_exportSheet1-1.csv
2025,2,week2,TE,Tucker,Fisk,LAC,LAC,2000,LAC@LV,1,FG_week2_2025_exportSheet1-1.csv
2025,2,week2,TE,John,FitzPatrick,GB,GB,2000,WAS@GB,1,FG_week2_2025_exportSheet1-1.csv
2025,2,week2,WR,Dez,Fitzpatrick,LAC,LAC,2000,KC@LAC,1,FG_week2_2025_exportSheet1-1.csv
2025,2,week2,WR,Dontae,Fleming,MIN,MIN,2000,MIN@CHI,1,FG_week2_2025_exportSheet1-1.csv
2025,2,week2,WR,Ryan,Flournoy,DAL,DAL,2000,NYG@DAL,1,FG_week2_2025_exportSheet1-1.csv
2025,2,week2,WR,Ryan,Flournoy,DAL,DAL,2000,DAL@PHI,1,FG_week2_2025_exportSheet1-1.csv
2025,2,week2,WR,Troy,Franklin,DEN,DEN,2000,DEN@IND,1,FG_week2_2025_exportSheet1-1.csv
2025,2,week2,WR,Troy,Franklin,DEN,DEN,2000,TEN@DEN,1,FG_week2_2025_exportSheet1-1.csv
2025,2,week2,TE,Feleipe,Franks,ATL,ATL,2000,ATL@MIN,1,FG_week2_2025_exportSheet1-1.csv
2025,2,week2,TE,Oronde,Gadsden,LAC,LAC,2000,LAC@LV,1,FG_week2_2025_exportSheet1-1.csv
2025,2,week2,WR,Russell,Gage Jr.,SF,SF,2000,SF@NO,1,FG_week2_2025_exportSheet1-1.csv
2025,2,week2,WR,Russell,Gage Jr.,SF,SF,2000,SF@SEA,1,FG_week2_2025_exportSheet1-1.csv
2025,2,week2,RB,Kenneth,Gainwell,PIT,PIT,2000,SEA@PIT,1,FG_week2_2025_exportSheet1-1.csv
2025,2,week2,WR,Michael,Gallup,WAS,WAS,2000,NYG@WAS,1,FG_week2_2025_exportSheet1-1.csv
2025,2,week2,WR,Jacolby,George,CAR,CAR,2000,CAR@JAC,1,FG_week2_2025_exportSheet1-1.csv
2025,2,week2,RB,Antonio,Gibson,NE,NE,2000,NE@MIA,1,FG_week2_2025_exportSheet1-1.csv
2025,2,week2,RB,DJ,Giddens,IND,IND,2000,DEN@IND,1,FG_week2_2025_exportSheet1-1.csv
2025,2,week2,RB,Reggie,Gilliam,BUF,BUF,2000,BUF@NYJ,1,FG_week2_2025_exportSheet1-1.csv
2025,2,week2,WR,Xavier,Gipson,NYJ,NYJ,2000,BUF@NYJ,1,FG_week2_2025_exportSheet1-1.csv
2025,2,week2,WR,Xavier,Gipson,NYJ,NYJ,2000,PIT@NYJ,1,FG_week2_2025_exportSheet1-1.csv
2025,2,week2,RB,Tyler,Goodson,IND,IND,2000,DEN@IND,1,FG_week2_2025_exportSheet1-1.csv
2025,2,week2,TE,Thomas,Gordon,CHI,CHI,2000,MIN@CHI,1,FG_week2_2025_exportSheet1-1.csv
2025,2,week2,RB,Ollie,Gordon II,MIA,MIA,2000,NE@MIA,1,FG_week2_2025_exportSheet1-1.csv
2025,2,week2,WR,Stephen,Gosnell,BUF,BUF,2000,BAL@BUF,1,FG_week2_2025_exportSheet1-1.csv
2025,2,week2,WR,Anthony,Gould,IND,IND,2000,DEN@IND,1,FG_week2_2025_exportSheet1-1.csv
2025,2,week2,WR,Anthony,Gould,IND,IND,2000,MIA@IND,1,FG_week2_2025_exportSheet1-1.csv
2025,2,week2,TE,Cam,Grandy,CIN,CIN,2000,JAC@CIN,1,FG_week2_2025_exportSheet1-1.csv
2025,2,week2,TE,Kylen,Granson,PHI,PHI,2000,PHI@KC,1,FG_week2_2025_exportSheet1-1.csv
2025,2,week2,RB,Eric,Gray,NYG,NYG,2000,NYG@DAL,1,FG_week2_2025_exportSheet1-1.csv
2025,2,week2,TE,Noah,Gray,KC,KC,2000,PHI@KC,1,FG_week2_2025_exportSheet1-1.csv
2025,2,week2,WR,Bryson,Green,ARI,ARI,2000,ARI@NO,1,FG_week2_2025_exportSheet1-1.csv
2025,2,week2,WR,Garrett,Greene,TB,TB,2000,TB@ATL,1,FG_week2_2025_exportSheet1-1.csv
2025,2,week2,WR,Luke,Grimm,LAC,LAC,2000,KC@LAC,1,FG_week2_2025_exportSheet1-1.csv
2025,2,week2,RB,Isaac,Guerendo,SF,SF,2000,SF@NO,1,FG_week2_2025_exportSheet1-1.csv
2025,2,week2,WR,Xavier,Guillory,BAL,BAL,2000,BAL@BUF,1,FG_week2_2025_exportSheet1-1.csv
2025,2,week2,WR,KJ,Hamler,BUF,BUF,2000,BAL@BUF,1,FG_week2_2025_exportSheet1-1.csv
2025,2,week2,WR,Mecole,Hardman,GB,GB,2000,DET@GB,1,FG_week2_2025_exportSheet1-1.csv
2025,2,week2,WR,Tre',Harris,LAC,LAC,2000,LAC@LV,1,FG_week2_2025_exportSheet1-1.csv
2025,2,week2,WR,Jacob,Harris,TB,TB,2000,TB@ATL,1,FG_week2_2025_exportSheet1-1.csv
2025,2,week2,RB,Hassan,Haskins,LAC,LAC,2000,LAC@LV,1,FG_week2_2025_exportSheet1-1.csv
2025,2,week2,TE,Jackson,Hawes,BUF,BUF,2000,BUF@NYJ,1,FG_week2_2025_exportSheet1-1.csv
2025,2,week2,WR,Malik,Heath,GB,GB,2000,WAS@GB,1,FG_week2_2025_exportSheet1-1.csv
2025,2,week2,WR,Malik,Heath,GB,GB,2000,DET@GB,1,FG_week2_2025_exportSheet1-1.csv
2025,2,week2,TE,Gunnar,Helm,TEN,TEN,2000,LA@TEN,1,FG_week2_2025_exportSheet1-1.csv
2025,2,week2,WR,AJ,Henning,MIA,MIA,2000,MIA@IND,1,FG_week2_2025_exportSheet1-1.csv
2025,2,week2,TE,Connor,Heyward,PIT,PIT,2000,SEA@PIT,1,FG_week2_2025_exportSheet1-1.csv
2025,2,week2,WR,Julian,Hicks,GB,GB,2000,DET@GB,1,FG_week2_2025_exportSheet1-1.csv
2025,2,week2,TE,Elijah,Higgins,ARI,ARI,2000,CAR@ARI,1,FG_week2_2025_exportSheet1-1.csv
2025,2,week2,TE,Julian,Hill,MIA,MIA,2000,NE@MIA,1,FG_week2_2025_exportSheet1-1.csv
2025,2,week2,WR,KhaDarel,Hodge,ATL,ATL,2000,ATL@MIN,1,FG_week2_2025_exportSheet1-1.csv
2025,2,week2,WR,KhaDarel,Hodge,ATL,ATL,2000,TB@ATL,1,FG_week2_2025_exportSheet1-1.csv
2025,2,week2,WR,Isaiah,Hodgins,SF,SF,2000,SF@SEA,1,FG_week2_2025_exportSheet1-1.csv
2025,2,week2,RB,George,Holani,SEA,SEA,2000,SEA@PIT,1,FG_week2_2025_exportSheet1-1.csv
2025,2,week2,WR,Traeshon,Holden,DAL,DAL,2000,DAL@PHI,1,FG_week2_2025_exportSheet1-1.csv
2025,2,week2,WR,Jimmy,Holiday,KC,KC,2000,KC@LAC,1,FG_week2_2025_exportSheet1-1.csv
2025,2,week2,WR,Mack,Hollins,NE,NE,2000,NE@MIA,1,FG_week2_2025_exportSheet1-1.csv
2025,2,week2,WR,Mack,Hollins,NE,NE,2000,LV@NE,1,FG_week2_2025_exportSheet1-1.csv
2025,2,week2,TE,Austin,Hooper,NE,NE,2000,NE@MIA,1,FG_week2_2025_exportSheet1-1.csv
2025,2,week2,WR,Jimmy,Horn Jr.,CAR,CAR,2000,CAR@ARI,1,FG_week2_2025_exportSheet1-1.csv
2025,2,week2,WR,Jimmy,Horn Jr.,CAR,CAR,2000,CAR@JAC,1,FG_week2_2025_exportSheet1-1.csv
2025,2,week2,WR,Tory,Horton,SEA,SEA,2000,SEA@PIT,1,FG_week2_2025_exportSheet1-1.csv
2025,2,week2,WR,Tory,Horton,SEA,SEA,2000,SF@SEA,1,FG_week2_2025_exportSheet1-1.csv
2025,2,week2,WR,Dennis,Houston,TB,TB,2000,TB@ATL,1,FG_week2_2025_exportSheet1-1.csv
2025,2,week2,TE,Tanner,Hudson,CIN,CIN,2000,JAC@CIN,1,FG_week2_2025_exportSheet1-1.csv
2025,2,week2,WR,Kobe,Hudson,CAR,CAR,2000,CAR@JAC,1,FG_week2_2025_exportSheet1-1.csv
2025,2,week2,WR,Lil'Jordan,Humphrey,NYG,NYG,2000,NYG@WAS,1,FG_week2_2025_exportSheet1-1.csv
2025,2,week2,RB,Jarquez,Hunter,LAR,LA,2000,LA@TEN,1,FG_week2_2025_exportSheet1-1.csv
2025,2,week2,WR,Xavier,Hutchinson,HOU,HOU,2000,TB@HOU,1,FG_week2_2025_exportSheet1-1.csv
2025,2,week2,WR,Xavier,Hutchinson,HOU,HOU,2000,HOU@LA,1,FG_week2_2025_exportSheet1-1.csv
2025,2,week2,WR,Jalin,Hyatt,NYG,NYG,2000,NYG@DAL,1,FG_week2_2025_exportSheet1-1.csv
2025,2,week2,WR,Jalin,Hyatt,NYG,NYG,2000,NYG@WAS,1,FG_week2_2025_exportSheet1-1.csv
2025,2,week2,RB,Alec,Ingold,MIA,MIA,2000,NE@MIA,1,FG_week2_2025_exportSheet1-1.csv
2025,2,week2,WR,Trenton,Irwin,JAX,JAC,2000,CAR@JAC,1,FG_week2_2025_exportSheet1-1.csv
2025,2,week2,WR,Giles,Jackson,PHI,PHI,2000,DAL@PHI,1,FG_week2_2025_exportSheet1-1.csv
2025,2,week2,WR,JaQuae,Jackson,LAC,LAC,2000,KC@LAC,1,FG_week2_2025_exportSheet1-1.csv
2025,2,week2,WR,Shedrick,Jackson,LV,LV,2000,LV@NE,1,FG_week2_2025_exportSheet1-1.csv
2025,2,week2,WR,Jha'Quan,Jackson,TEN,TEN,2000,TEN@DEN,1,FG_week2_2025_exportSheet1-1.csv
2025,2,week2,WR,Courtney,Jackson,DEN,DEN,2000,TEN@DEN,1,FG_week2_2025_exportSheet1-1.csv
2025,2,week2,WR,Daniel,Jackson,HOU,HOU,2000,HOU@LA,1,FG_week2_2025_exportSheet1-1.csv
2025,2,week2,WR,Lucky,Jackson,MIN,MIN,2000,MIN@CHI,1,FG_week2_2025_exportSheet1-1.csv
2025,2,week2,WR,Ketron,Jackson Jr.,LV,LV,2000,LV@NE,1,FG_week2_2025_exportSheet1-1.csv
2025,2,week2,RB,Jordan,James,SF,SF,2000,SF@NO,1,FG_week2_2025_exportSheet1-1.csv
2025,2,week2,WR,Rakim,Jarrett,TB,TB,2000,TB@ATL,1,FG_week2_2025_exportSheet1-1.csv
2025,2,week2,WR,Van,Jefferson,TEN,TEN,2000,LA@TEN,1,FG_week2_2025_exportSheet1-1.csv
2025,2,week2,WR,Van,Jefferson,TEN,TEN,2000,TEN@DEN,1,FG_week2_2025_exportSheet1-1.csv
2025,2,week2,WR,John,Jiles,NE,NE,2000,LV@NE,1,FG_week2_2025_exportSheet1-1.csv
2025,2,week2,RB,Ty,Johnson,BUF,BUF,2000,BUF@NYJ,1,FG_week2_2025_exportSheet1-1.csv
2025,2,week2,RB,Roschon,Johnson,CHI,CHI,2000,CHI@DET,1,FG_week2_2025_exportSheet1-1.csv
2025,2,week2,RB,Jakob,Johnson,HOU,HOU,2000,TB@HOU,1,FG_week2_2025_exportSheet1-1.csv
2025,2,week2,WR,Tyler,Johnson,NYJ,NYJ,2000,BUF@NYJ,1,FG_week2_2025_exportSheet1-1.csv
2025,2,week2,WR,Kameron,Johnson,TB,TB,2000,TB@HOU,1,FG_week2_2025_exportSheet1-1.csv
2025,2,week2,WR,Tez,Johnson,TB,TB,2000,TB@HOU,1,FG_week2_2025_exportSheet1-1.csv
2025,2,week2,WR,Jaylen,Johnson,LAC,LAC,2000,KC@LAC,1,FG_week2_2025_exportSheet1-1.csv
2025,2,week2,WR,Kameron,Johnson,TB,TB,2000,TB@ATL,1,FG_week2_2025_exportSheet1-1.csv
2025,2,week2,WR,Tez,Johnson,TB,TB,2000,TB@ATL,1,FG_week2_2025_exportSheet1-1.csv
2025,2,week2,WR,Brandon,Johnson,PIT,PIT,2000,PIT@NYJ,1,FG_week2_2025_exportSheet1-1.csv
2025,2,week2,WR,Tyler,Johnson,NYJ,NYJ,2000,PIT@NYJ,1,FG_week2_2025_exportSheet1-1.csv
2025,2,week2,WR,Diontae,Johnson,CLE,CLE,2000,CIN@CLE,1,FG_week2_2025_exportSheet1-1.csv
2025,2,week2,WR,Kisean,Johnson,CLE,CLE,2000,CIN@CLE,1,FG_week2_2025_exportSheet1-1.csv
2025,2,week2,WR,Collin,Johnson,LV,LV,2000,LV@NE,1,FG_week2_2025_exportSheet1-1.csv
2025,2,week2,WR,Cornelius,Johnson,GB,GB,2000,DET@GB,1,FG_week2_2025_exportSheet1-1.csv
2025,2,week2,WR,Xavier,Johnson,HOU,HOU,2000,HOU@LA,1,FG_week2_2025_exportSheet1-1.csv
2025,2,week2,WR,Charlie,Jones,CIN,CIN,2000,JAC@CIN,1,FG_week2_2025_exportSheet1-1.csv
2025,2,week2,WR,Zay,Jones,ARI,ARI,2000,CAR@ARI,1,FG_week2_2025_exportSheet1-1.csv
2025,2,week2,WR,Jacoby,Jones,WAS,WAS,2000,NYG@WAS,1,FG_week2_2025_exportSheet1-1.csv
2025,2,week2,WR,Zay,Jones,ARI,ARI,2000,ARI@NO,1,FG_week2_2025_exportSheet1-1.csv
2025,2,week2,WR,Charlie,Jones,CIN,CIN,2000,CIN@CLE,1,FG_week2_2025_exportSheet1-1.csv
2025,2,week2,WR,Tim,Jones,MIN,MIN,2000,MIN@CHI,1,FG_week2_2025_exportSheet1-1.csv
2025,2,week2,WR,Jeshaun,Jones,MIN,MIN,2000,MIN@CHI,1,FG_week2_2025_exportSheet1-1.csv
2025,2,week2,RB,Velus,Jones Jr.,NO,NO,2000,SF@NO,1,FG_week2_2025_exportSheet1-1.csv
2025,2,week2,RB,Quinshon,Judkins,CLE,CLE,2000,CLE@BAL,1,FG_week2_2025_exportSheet1-1.csv
2025,2,week2,RB,Kyle,Juszczyk,SF,SF,2000,SF@NO,1,FG_week2_2025_exportSheet1-1.csv
2025,2,week2,WR,Tyler,Kahmann,IND,IND,2000,MIA@IND,1,FG_week2_2025_exportSheet1-1.csv
2025,2,week2,TE,Nick,Kallerup,SEA,SEA,2000,SEA@PIT,1,FG_week2_2025_exportSheet1-1.csv
2025,2,week2,WR,Jakobie,Keeney-James,DET,DET,2000,DET@GB,1,FG_week2_2025_exportSheet1-1.csv
2025,2,week2,WR,Josh,Kelly,DAL,DAL,2000,DAL@PHI,1,FG_week2_2025_exportSheet1-1.csv
2025,2,week2,WR,Tom,Kennedy,DET,DET,2000,DET@GB,1,FG_week2_2025_exportSheet1-1.csv
2025,2,week2,TE,Ko,Kieft,TB,TB,2000,TB@HOU,1,FG_week2_2025_exportSheet1-1.csv
2025,2,week2,WR,Mason,Kinsey,TEN,TEN,2000,TEN@DEN,1,FG_week2_2025_exportSheet1-1.csv
2025,2,week2,WR,Keith,Kirkwood,BAL,BAL,2000,BAL@BUF,1,FG_week2_2025_exportSheet1-1.csv
2025,2,week2,TE,Cole,Kmet,CHI,CHI,2000,CHI@DET,1,FG_week2_2025_exportSheet1-1.csv
2025,2,week2,TE,Cole,Kmet,CHI,CHI,2000,MIN@CHI,1,FG_week2_2025_exportSheet1-1.csv
2025,2,week2,RB,Bam,Knight,ARI,ARI,2000,CAR@ARI,1,FG_week2_2025_exportSheet1-1.csv
2025,2,week2,TE,Dawson,Knox,BUF,BUF,2000,BUF@NYJ,1,FG_week2_2025_exportSheet1-1.csv
2025,2,week2,TE,Charlie,Kolar,BAL,BAL,2000,CLE@BAL,1,FG_week2_2025_exportSheet1-1.csv
2025,2,week2,TE,Lucas,Krull,DEN,DEN,2000,DEN@IND,1,FG_week2_2025_exportSheet1-1.csv
2025,2,week2,WR,KeAndre,Lambert-Smith,LAC,LAC,2000,LAC@LV,1,FG_week2_2025_exportSheet1-1.csv
2025,2,week2,WR,KeAndre,Lambert-Smith,LAC,LAC,2000,KC@LAC,1,FG_week2_2025_exportSheet1-1.csv
2025,2,week2,WR,Matt,Landers,TEN,TEN,2000,TEN@DEN,1,FG_week2_2025_exportSheet1-1.csv
2025,2,week2,WR,Jaylin,Lane,WAS,WAS,2000,WAS@GB,1,FG_week2_2025_exportSheet1-1.csv
2025,2,week2,WR,Jaylin,Lane,WAS,WAS,2000,NYG@WAS,1,FG_week2_2025_exportSheet1-1.csv
2025,2,week2,WR,Gage,Larvadain,CLE,CLE,2000,CLE@BAL,1,FG_week2_2025_exportSheet1-1.csv
2025,2,week2,WR,Gage,Larvadain,CLE,CLE,2000,CIN@CLE,1,FG_week2_2025_exportSheet1-1.csv
2025,2,week2,WR,Darius,Lassiter,JAX,JAC,2000,CAR@JAC,1,FG_week2_2025_exportSheet1-1.csv
2025,2,week2,RB,Dylan,Laube,LV,LV,2000,LAC@LV,1,FG_week2_2025_exportSheet1-1.csv
2025,2,week2,WR,Robert,Lewis,MIN,MIN,2000,MIN@CHI,1,FG_week2_2025_exportSheet1-1.csv
2025,2,week2,WR,Tyler,Lockett,TEN,TEN,2000,TEN@DEN,1,FG_week2_2025_exportSheet1-1.csv
2025,2,week2,TE,Hunter,Long,JAX,JAC,2000,JAC@CIN,1,FG_week2_2025_exportSheet1-1.csv
2025,2,week2,WR,Dominic,Lovett,DET,DET,2000,CHI@DET,1,FG_week2_2025_exportSheet1-1.csv
2025,2,week2,WR,Dominic,Lovett,DET,DET,2000,DET@GB,1,FG_week2_2025_exportSheet1-1.csv
2025,2,week2,RB,Hunter,Luepke,DAL,DAL,2000,NYG@DAL,1,FG_week2_2025_exportSheet1-1.csv
2025,2,week2,WR,T.J.,Luther,CAR,CAR,2000,CAR@JAC,1,FG_week2_2025_exportSheet1-1.csv
2025,2,week2,TE,Will,Mallory,IND,IND,2000,DEN@IND,1,FG_week2_2025_exportSheet1-1.csv
2025,2,week2,TE,Chris,Manhertz,NYG,NYG,2000,NYG@DAL,1,FG_week2_2025_exportSheet1-1.csv
2025,2,week2,RB,Woody,Marks,HOU,HOU,2000,TB@HOU,1,FG_week2_2025_exportSheet1-1.csv
2025,2,week2,WR,Terrace,Marshall,PHI,PHI,2000,DAL@PHI,1,FG_week2_2025_exportSheet1-1.csv
2025,2,week2,TE,David,Martin-Robinson,TEN,TEN,2000,LA@TEN,1,FG_week2_2025_exportSheet1-1.csv
2025,2,week2,TE,Moliki,Matavao,NO,NO,2000,SF@NO,1,FG_week2_2025_exportSheet1-1.csv
2025,2,week2,RB,Scott,Matlock,LAC,LAC,2000,LAC@LV,1,FG_week2_2025_exportSheet1-1.csv
2025,2,week2,WR,Jesse,Matthews,ATL,ATL,2000,TB@ATL,1,FG_week2_2025_exportSheet1-1.csv
2025,2,week2,TE,Michael,Mayer,LV,LV,2000,LAC@LV,1,FG_week2_2025_exportSheet1-1.csv
2025,2,week2,WR,Jamoi,Mayes,CIN,CIN,2000,CIN@CLE,1,FG_week2_2025_exportSheet1-1.csv
2025,2,week2,WR,Luke,McCaffrey,WAS,WAS,2000,WAS@GB,1,FG_week2_2025_exportSheet1-1.csv
2025,2,week2,WR,Luke,McCaffrey,WAS,WAS,2000,NYG@WAS,1,FG_week2_2025_exportSheet1-1.csv
2025,2,week2,WR,Ray-Ray,McCloud III,ATL,ATL,2000,TB@ATL,1,FG_week2_2025_exportSheet1-1.csv
2025,2,week2,WR,Nate,McCollum,ARI,ARI,2000,ARI@NO,1,FG_week2_2025_exportSheet1-1.csv
2025,2,week2,WR,Lance,McCutcheon,PIT,PIT,2000,PIT@NYJ,1,FG_week2_2025_exportSheet1-1.csv
2025,2,week2,WR,Cade,McDonald,CLE,CLE,2000,CIN@CLE,1,FG_week2_2025_exportSheet1-1.csv
2025,2,week2,RB,Jaleel,McLaughlin,DEN,DEN,2000,DEN@IND,1,FG_week2_2025_exportSheet1-1.csv
2025,2,week2,RB,Jeremy,McNichols,WAS,WAS,2000,WAS@GB,1,FG_week2_2025_exportSheet1-1.csv
2025,2,week2,WR,Bub,Means,NO,NO,2000,ARI@NO,1,FG_week2_2025_exportSheet1-1.csv
2025,2,week2,WR,Jackson,Meeks,DET,DET,2000,DET@GB,1,FG_week2_2025_exportSheet1-1.csv
2025,2,week2,WR,Tommy,Mellott,LV,LV,2000,LV@NE,1,FG_week2_2025_exportSheet1-1.csv
2025,2,week2,WR,John,Metchie III,PHI,PHI,2000,PHI@KC,1,FG_week2_2025_exportSheet1-1.csv
2025,2,week2,WR,John,Metchie III,PHI,PHI,2000,HOU@LA,1,FG_week2_2025_exportSheet1-1.csv
2025,2,week2,RB,Kendre,Miller,NO,NO,2000,SF@NO,1,FG_week2_2025_exportSheet1-1.csv
2025,2,week2,WR,Scotty,Miller,PIT,PIT,2000,SEA@PIT,1,FG_week2_2025_exportSheet1-1.csv
2025,2,week2,WR,Ryan,Miller,TB,TB,2000,TB@HOU,1,FG_week2_2025_exportSheet1-1.csv
2025,2,week2,WR,Ryan,Miller,TB,TB,2000,TB@ATL,1,FG_week2_2025_exportSheet1-1.csv
2025,2,week2,WR,Scotty,Miller,PIT,PIT,2000,PIT@NYJ,1,FG_week2_2025_exportSheet1-1.csv
2025,2,week2,WR,Dymere,Miller,NYJ,NYJ,2000,PIT@NYJ,1,FG_week2_2025_exportSheet1-1.csv
2025,2,week2,WR,Anthony,Miller,BAL,BAL,2000,BAL@BUF,1,FG_week2_2025_exportSheet1-1.csv
2025,2,week2,WR,Jonathan,Mingo,DAL,DAL,2000,DAL@PHI,1,FG_week2_2025_exportSheet1-1.csv
2025,2,week2,RB,Keaton,Mitchell,BAL,BAL,2000,CLE@BAL,1,FG_week2_2025_exportSheet1-1.csv
2025,2,week2,RB,Elijah,Mitchell,KC,KC,2000,PHI@KC,1,FG_week2_2025_exportSheet1-1.csv
2025,2,week2,TE,James,Mitchell,CAR,CAR,2000,CAR@ARI,1,FG_week2_2025_exportSheet1-1.csv
2025,2,week2,WR,Adonai,Mitchell,IND,IND,2000,DEN@IND,1,FG_week2_2025_exportSheet1-1.csv
2025,2,week2,WR,Adonai,Mitchell,IND,IND,2000,MIA@IND,1,FG_week2_2025_exportSheet1-1.csv
2025,2,week2,TE,Zaire,Mitchell-Paden,BAL,BAL,2000,CLE@BAL,1,FG_week2_2025_exportSheet1-1.csv
2025,2,week2,RB,Kyle,Monangai,CHI,CHI,2000,CHI@DET,1,FG_week2_2025_exportSheet1-1.csv
2025,2,week2,WR,D.J.,Montgomery,IND,IND,2000,MIA@IND,1,FG_week2_2025_exportSheet1-1.csv
2025,2,week2,WR,Chris,Moore,WAS,WAS,2000,WAS@GB,1,FG_week2_2025_exportSheet1-1.csv
2025,2,week2,WR,Elijah,Moore,BUF,BUF,2000,BUF@NYJ,1,FG_week2_2025_exportSheet1-1.csv
2025,2,week2,WR,Skyy,Moore,SF,SF,2000,SF@NO,1,FG_week2_2025_exportSheet1-1.csv
2025,2,week2,WR,David,Moore,CAR,CAR,2000,CAR@ARI,1,FG_week2_2025_exportSheet1-1.csv
2025,2,week2,WR,David,Moore,CAR,CAR,2000,CAR@JAC,1,FG_week2_2025_exportSheet1-1.csv
2025,2,week2,WR,Chris,Moore,WAS,WAS,2000,NYG@WAS,1,FG_week2_2025_exportSheet1-1.csv
2025,2,week2,WR,Jordan,Moore,CIN,CIN,2000,CIN@CLE,1,FG_week2_2025_exportSheet1-1.csv
2025,2,week2,WR,Skyy,Moore,SF,SF,2000,SF@SEA,1,FG_week2_2025_exportSheet1-1.csv
2025,2,week2,WR,Elijah,Moore,BUF,BUF,2000,BAL@BUF,1,FG_week2_2025_exportSheet1-1.csv
2025,2,week2,TE,Foster,Moreau,NO,NO,2000,SF@NO,1,FG_week2_2025_exportSheet1-1.csv
2025,2,week2,WR,Taylor,Morin,PHI,PHI,2000,DAL@PHI,1,FG_week2_2025_exportSheet1-1.csv
2025,2,week2,RB,Raheem,Mostert,LV,LV,2000,LAC@LV,1,FG_week2_2025_exportSheet1-1.csv
2025,2,week2,RB,Kalel,Mullings,TEN,TEN,2000,LA@TEN,1,FG_week2_2025_exportSheet1-1.csv
2025,2,week2,WR,Konata,Mumpfield,LAR,LA,2000,LA@TEN,1,FG_week2_2025_exportSheet1-1.csv
2025,2,week2,WR,Konata,Mumpfield,LAR,LA,2000,HOU@LA,1,FG_week2_2025_exportSheet1-1.csv
2025,2,week2,TE,Johnny,Mundt,JAX,JAC,2000,JAC@CIN,1,FG_week2_2025_exportSheet1-1.csv
2025,2,week2,TE,Luke,Musgrave,GB,GB,2000,WAS@GB,1,FG_week2_2025_exportSheet1-1.csv
2025,2,week2,WR,Nick,Nash,ATL,ATL,2000,TB@ATL,1,FG_week2_2025_exportSheet1-1.csv
2025,2,week2,RB,Devin,Neal,NO,NO,2000,SF@NO,1,FG_week2_2025_exportSheet1-1.csv
2025,2,week2,WR,Jerjuan,Newton,DEN,DEN,2000,TEN@DEN,1,FG_week2_2025_exportSheet1-1.csv
2025,2,week2,WR,Isaiah,Neyor,GB,GB,2000,DET@GB,1,FG_week2_2025_exportSheet1-1.csv
2025,2,week2,WR,Jaylin,Noel,HOU,HOU,2000,TB@HOU,1,FG_week2_2025_exportSheet1-1.csv
2025,2,week2,RB,Kene,Nwangwu,NYJ,NYJ,2000,BUF@NYJ,1,FG_week2_2025_exportSheet1-1.csv
2025,2,week2,TE,Drew,Ogletree,IND,IND,2000,DEN@IND,1,FG_week2_2025_exportSheet1-1.csv
2025,2,week2,RB,Dare,Ogunbowale,HOU,HOU,2000,TB@HOU,1,FG_week2_2025_exportSheet1-1.csv
2025,2,week2,TE,Josh,Oliver,MIN,MIN,2000,ATL@MIN,1,FG_week2_2025_exportSheet1-1.csv
2025,2,week2,WR,Bryce,Oliver,TEN,TEN,2000,LA@TEN,1,FG_week2_2025_exportSheet1-1.csv
2025,2,week2,WR,Bryce,Oliver,TEN,TEN,2000,TEN@DEN,1,FG_week2_2025_exportSheet1-1.csv
2025,2,week2,WR,Gunner,Olszewski,NYG,NYG,2000,NYG@DAL,1,FG_week2_2025_exportSheet1-1.csv
2025,2,week2,WR,Gunner,Olszewski,NYG,NYG,2000,NYG@WAS,1,FG_week2_2025_exportSheet1-1.csv
2025,2,week2,WR,K.J.,Osborn,WAS,WAS,2000,NYG@WAS,1,FG_week2_2025_exportSheet1-1.csv
2025,2,week2,RB,Robbie,Ouzts,SEA,SEA,2000,SEA@PIT,1,FG_week2_2025_exportSheet1-1.csv
2025,2,week2,WR,Coleman,Owen,IND,IND,2000,MIA@IND,1,FG_week2_2025_exportSheet1-1.csv
2025,2,week2,WR,Rashod,Owens,CIN,CIN,2000,CIN@CLE,1,FG_week2_2025_exportSheet1-1.csv
2025,2,week2,WR,Terique,Owens,SF,SF,2000,SF@SEA,1,FG_week2_2025_exportSheet1-1.csv
2025,2,week2,WR,Trey,Palmer,NO,NO,2000,SF@NO,1,FG_week2_2025_exportSheet1-1.csv
2025,2,week2,WR,Trey,Palmer,NO,NO,2000,ARI@NO,1,FG_week2_2025_exportSheet1-1.csv
2025,2,week2,WR,Tejhaun,Palmer,ARI,ARI,2000,ARI@NO,1,FG_week2_2025_exportSheet1-1.csv
2025,2,week2,WR,Eli,Pancol,JAX,JAC,2000,CAR@JAC,1,FG_week2_2025_exportSheet1-1.csv
2025,2,week2,WR,Landon,Parker,IND,IND,2000,MIA@IND,1,FG_week2_2025_exportSheet1-1.csv
2025,2,week2,TE,Colby,Parkinson,LAR,LA,2000,LA@TEN,1,FG_week2_2025_exportSheet1-1.csv
2025,2,week2,WR,Zach,Pascal,NYG,NYG,2000,NYG@WAS,1,FG_week2_2025_exportSheet1-1.csv
2025,2,week2,WR,Tim,Patrick,JAX,JAC,2000,JAC@CIN,1,FG_week2_2025_exportSheet1-1.csv
2025,2,week2,WR,Tim,Patrick,JAX,JAC,2000,CAR@JAC,1,FG_week2_2025_exportSheet1-1.csv
2025,2,week2,WR,Donovan,Peoples-Jones,NO,NO,2000,ARI@NO,1,FG_week2_2025_exportSheet1-1.csv
2025,2,week2,RB,Samaje,Perine,CIN,CIN,2000,JAC@CIN,1,FG_week2_2025_exportSheet1-1.csv
2025,2,week2,WR,A.T.,Perry,DEN,DEN,2000,TEN@DEN,1,FG_week2_2025_exportSheet1-1.csv
2025,2,week2,WR,Dante,Pettis,NO,NO,2000,ARI@NO,1,FG_week2_2025_exportSheet1-1.csv
2025,2,week2,RB,Dameon,Pierce,HOU,HOU,2000,TB@HOU,1,FG_week2_2025_exportSheet1-1.csv
2025,2,week2,WR,John Rhys,Plumlee,SEA,SEA,2000,SF@SEA,1,FG_week2_2025_exportSheet1-1.csv
2025,2,week2,WR,Ja'Lynn,Polk,NE,NE,2000,LV@NE,1,FG_week2_2025_exportSheet1-1.csv
2025,2,week2,WR,Kaden,Prather,BUF,BUF,2000,BAL@BUF,1,FG_week2_2025_exportSheet1-1.csv
2025,2,week2,RB,Adam,Prentice,DEN,DEN,2000,DEN@IND,1,FG_week2_2025_exportSheet1-1.csv
2025,2,week2,WR,Hal,Presley,KC,KC,2000,KC@LAC,1,FG_week2_2025_exportSheet1-1.csv
2025,2,week2,WR,Brennan,Presley,LAR,LA,2000,HOU@LA,1,FG_week2_2025_exportSheet1-1.csv
2025,2,week2,WR,Myles,Price,MIN,MIN,2000,ATL@MIN,1,FG_week2_2025_exportSheet1-1.csv
2025,2,week2,WR,Myles,Price,MIN,MIN,2000,MIN@CHI,1,FG_week2_2025_exportSheet1-1.csv
2025,2,week2,WR,Jamaal,Pritchett,NYJ,NYJ,2000,PIT@NYJ,1,FG_week2_2025_exportSheet1-1.csv
2025,2,week2,WR,James,Proche II,TEN,TEN,2000,TEN@DEN,1,FG_week2_2025_exportSheet1-1.csv
2025,2,week2,WR,Kendric,Pryor,CIN,CIN,2000,CIN@CLE,1,FG_week2_2025_exportSheet1-1.csv
2025,2,week2,TE,Teagan,Quitoriano,ATL,ATL,2000,ATL@MIN,1,FG_week2_2025_exportSheet1-1.csv
2025,2,week2,WR,Kalif,Raymond,DET,DET,2000,CHI@DET,1,FG_week2_2025_exportSheet1-1.csv
2025,2,week2,WR,Kalif,Raymond,DET,DET,2000,DET@GB,1,FG_week2_2025_exportSheet1-1.csv
2025,2,week2,WR,Jalen,Reagor,LAC,LAC,2000,KC@LAC,1,FG_week2_2025_exportSheet1-1.csv
2025,2,week2,WR,Ja'seem,Reed,CAR,CAR,2000,CAR@JAC,1,FG_week2_2025_exportSheet1-1.csv
2025,2,week2,TE,Tip,Reiman,ARI,ARI,2000,CAR@ARI,1,FG_week2_2025_exportSheet1-1.csv
2025,2,week2,WR,Nikko,Remigio,KC,KC,2000,PHI@KC,1,FG_week2_2025_exportSheet1-1.csv
2025,2,week2,WR,Nikko,Remigio,KC,KC,2000,KC@LAC,1,FG_week2_2025_exportSheet1-1.csv
2025,2,week2,WR,Hunter,Renfrow,CAR,CAR,2000,CAR@ARI,1,FG_week2_2025_exportSheet1-1.csv
2025,2,week2,WR,Hunter,Renfrow,CAR,CAR,2000,CAR@JAC,1,FG_week2_2025_exportSheet1-1.csv
2025,2,week2,WR,Xavier,Restrepo,TEN,TEN,2000,TEN@DEN,1,FG_week2_2025_exportSheet1-1.csv
2025,2,week2,RB,Craig,Reynolds,DET,DET,2000,CHI@DET,1,FG_week2_2025_exportSheet1-1.csv
2025,2,week2,WR,Josh,Reynolds,NYJ,NYJ,2000,BUF@NYJ,1,FG_week2_2025_exportSheet1-1.csv
2025,2,week2,WR,Josh,Reynolds,NYJ,NYJ,2000,PIT@NYJ,1,FG_week2_2025_exportSheet1-1.csv
2025,2,week2,RB,Patrick,Ricard,BAL,BAL,2000,CLE@BAL,1,FG_week2_2025_exportSheet1-1.csv
2025,2,week2,TE,Giovanni,Ricci,MIN,MIN,2000,MIN@CHI,1,FG_week2_2025_exportSheet1-1.csv
2025,2,week2,WR,Brenden,Rice,LAC,LAC,2000,KC@LAC,1,FG_week2_2025_exportSheet1-1.csv
2025,2,week2,WR,JP,Richardson,CHI,CHI,2000,MIN@CHI,1,FG_week2_2025_exportSheet1-1.csv
2025,2,week2,WR,Demarcus,Robinson,SF,SF,2000,SF@NO,1,FG_week2_2025_exportSheet1-1.csv
2025,2,week2,WR,Demarcus,Robinson,SF,SF,2000,SF@SEA,1,FG_week2_2025_exportSheet1-1.csv
2025,2,week2,RB,Chris,Rodriguez Jr.,WAS,WAS,2000,WAS@GB,1,FG_week2_2025_exportSheet1-1.csv
2025,2,week2,WR,Kyrese,Rowan,DEN,DEN,2000,TEN@DEN,1,FG_week2_2025_exportSheet1-1.csv
2025,2,week2,WR,Jalen,Royals,KC,KC,2000,PHI@KC,1,FG_week2_2025_exportSheet1-1.csv
2025,2,week2,TE,Jeremy,Ruckert,NYJ,NYJ,2000,BUF@NYJ,1,FG_week2_2025_exportSheet1-1.csv
2025,2,week2,RB,Brady,Russell,SEA,SEA,2000,SEA@PIT,1,FG_week2_2025_exportSheet1-1.csv
2025,2,week2,TE,Drew,Sample,CIN,CIN,2000,JAC@CIN,1,FG_week2_2025_exportSheet1-1.csv
2025,2,week2,RB,Raheim,Sanders,CLE,CLE,2000,CLE@BAL,1,FG_week2_2025_exportSheet1-1.csv
2025,2,week2,TE,Ja'Tavion,Sanders,CAR,CAR,2000,CAR@ARI,1,FG_week2_2025_exportSheet1-1.csv
2025,2,week2,WR,Braylon,Sanders,WAS,WAS,2000,NYG@WAS,1,FG_week2_2025_exportSheet1-1.csv
2025,2,week2,TE,Eric,Saubert,SEA,SEA,2000,SEA@PIT,1,FG_week2_2025_exportSheet1-1.csv
2025,2,week2,RB,Jacob,Saylors,DET,DET,2000,CHI@DET,1,FG_week2_2025_exportSheet1-1.csv
2025,2,week2,TE,Luke,Schoonmaker,DAL,DAL,2000,NYG@DAL,1,FG_week2_2025_exportSheet1-1.csv
2025,2,week2,RB,Cody,Schrader,JAX,JAC,2000,JAC@CIN,1,FG_week2_2025_exportSheet1-1.csv
2025,2,week2,RB,Zavier,Scott,MIN,MIN,2000,ATL@MIN,1,FG_week2_2025_exportSheet1-1.csv
2025,2,week2,WR,Tyler,Scott,CHI,CHI,2000,MIN@CHI,1,FG_week2_2025_exportSheet1-1.csv
2025,2,week2,WR,TJ,Sheffield,TEN,TEN,2000,TEN@DEN,1,FG_week2_2025_exportSheet1-1.csv
2025,2,week2,WR,Laviska,Shenault Jr.,BUF,BUF,2000,BAL@BUF,1,FG_week2_2025_exportSheet1-1.csv
2025,2,week2,WR,Sterling,Shepard,TB,TB,2000,TB@HOU,1,FG_week2_2025_exportSheet1-1.csv
2025,2,week2,WR,Sterling,Shepard,TB,TB,2000,TB@ATL,1,FG_week2_2025_exportSheet1-1.csv
2025,2,week2,WR,Will,Sheppard,GB,GB,2000,DET@GB,1,FG_week2_2025_exportSheet1-1.csv
2025,2,week2,WR,Trent,Sherfield Sr.,DEN,DEN,2000,DEN@IND,1,FG_week2_2025_exportSheet1-1.csv
2025,2,week2,WR,Trent,Sherfield Sr.,DEN,DEN,2000,TEN@DEN,1,FG_week2_2025_exportSheet1-1.csv
2025,2,week2,RB,Will,Shipley,PHI,PHI,2000,PHI@KC,1,FG_week2_2025_exportSheet1-1.csv
2025,2,week2,WR,Justin,Shorter,LV,LV,2000,LAC@LV,1,FG_week2_2025_exportSheet1-1.csv
2025,2,week2,WR,David,Sills,ATL,ATL,2000,TB@ATL,1,FG_week2_2025_exportSheet1-1.csv
2025,2,week2,WR,David,Sills V,ATL,ATL,2000,ATL@MIN,1,FG_week2_2025_exportSheet1-1.csv
2025,2,week2,TE,Ben,Sims,GB,GB,2000,WAS@GB,1,FG_week2_2025_exportSheet1-1.csv
2025,2,week2,WR,Steven,Sims,SEA,SEA,2000,SF@SEA,1,FG_week2_2025_exportSheet1-1.csv
2025,2,week2,WR,Dorian,Singer,JAX,JAC,2000,CAR@JAC,1,FG_week2_2025_exportSheet1-1.csv
2025,2,week2,RB,Devin,Singletary,NYG,NYG,2000,NYG@DAL,1,FG_week2_2025_exportSheet1-1.csv
2025,2,week2,TE,Ben,Sinnott,WAS,WAS,2000,WAS@GB,1,FG_week2_2025_exportSheet1-1.csv
2025,2,week2,RB,Cam,Skattebo,NYG,NYG,2000,NYG@DAL,1,FG_week2_2025_exportSheet1-1.csv
2025,2,week2,WR,Quentin,Skinner,NYJ,NYJ,2000,PIT@NYJ,1,FG_week2_2025_exportSheet1-1.csv
2025,2,week2,WR,Quincy,Skinner Jr.,ATL,ATL,2000,TB@ATL,1,FG_week2_2025_exportSheet1-1.csv
2025,2,week2,WR,Ben,Skowronek,PIT,PIT,2000,SEA@PIT,1,FG_week2_2025_exportSheet1-1.csv
2025,2,week2,WR,Ben,Skowronek,PIT,PIT,2000,PIT@NYJ,1,FG_week2_2025_exportSheet1-1.csv
2025,2,week2,TE,Stone,Smartt,NYJ,NYJ,2000,BUF@NYJ,1,FG_week2_2025_exportSheet1-1.csv
2025,2,week2,RB,Brashard,Smith,KC,KC,2000,PHI@KC,1,FG_week2_2025_exportSheet1-1.csv
2025,2,week2,WR,Xavier,Smith,LAR,LA,2000,LA@TEN,1,FG_week2_2025_exportSheet1-1.csv
2025,2,week2,WR,Arian,Smith,NYJ,NYJ,2000,BUF@NYJ,1,FG_week2_2025_exportSheet1-1.csv
2025,2,week2,WR,Ainias,Smith,PHI,PHI,2000,DAL@PHI,1,FG_week2_2025_exportSheet1-1.csv
2025,2,week2,WR,Key'Shawn,Smith,KC,KC,2000,KC@LAC,1,FG_week2_2025_exportSheet1-1.csv
2025,2,week2,WR,Jaden,Smith,TB,TB,2000,TB@ATL,1,FG_week2_2025_exportSheet1-1.csv
2025,2,week2,WR,Brandon,Smith,NYJ,NYJ,2000,PIT@NYJ,1,FG_week2_2025_exportSheet1-1.csv
2025,2,week2,WR,Arian,Smith,NYJ,NYJ,2000,PIT@NYJ,1,FG_week2_2025_exportSheet1-1.csv
2025,2,week2,WR,Xavier,Smith,LAR,LA,2000,HOU@LA,1,FG_week2_2025_exportSheet1-1.csv
2025,2,week2,WR,Ihmir,Smith-Marsette,NYG,NYG,2000,NYG@WAS,1,FG_week2_2025_exportSheet1-1.csv
2025,2,week2,WR,JuJu,Smith-Schuster,KC,KC,2000,PHI@KC,1,FG_week2_2025_exportSheet1-1.csv
2025,2,week2,WR,JuJu,Smith-Schuster,KC,KC,2000,KC@LAC,1,FG_week2_2025_exportSheet1-1.csv
2025,2,week2,TE,Durham,Smythe,CHI,CHI,2000,CHI@DET,1,FG_week2_2025_exportSheet1-1.csv
2025,2,week2,TE,Durham,Smythe,CHI,CHI,2000,MIN@CHI,1,FG_week2_2025_exportSheet1-1.csv
2025,2,week2,TE,Brevyn,Spann-Ford,DAL,DAL,2000,NYG@DAL,1,FG_week2_2025_exportSheet1-1.csv
2025,2,week2,TE,Jack,Stoll,NO,NO,2000,SF@NO,1,FG_week2_2025_exportSheet1-1.csv
2025,2,week2,WR,Drake,Stoops,LAR,LA,2000,HOU@LA,1,FG_week2_2025_exportSheet1-1.csv
2025,2,week2,TE,Cade,Stover,HOU,HOU,2000,TB@HOU,1,FG_week2_2025_exportSheet1-1.csv
2025,2,week2,WR,Michael,Strachan,WAS,WAS,2000,NYG@WAS,1,FG_week2_2025_exportSheet1-1.csv
2025,2,week2,TE,Mason,Taylor,NYJ,NYJ,2000,BUF@NYJ,1,FG_week2_2025_exportSheet1-1.csv
2025,2,week2,WR,Roc,Taylor,PIT,PIT,2000,PIT@NYJ,1,FG_week2_2025_exportSheet1-1.csv
2025,2,week2,WR,Blayne,Taylor,IND,IND,2000,MIA@IND,1,FG_week2_2025_exportSheet1-1.csv
2025,2,week2,WR,Malik,Taylor,DET,DET,2000,DET@GB,1,FG_week2_2025_exportSheet1-1.csv
2025,2,week2,WR,Isaac,TeSlaa,DET,DET,2000,DET@GB,1,FG_week2_2025_exportSheet1-1.csv
2025,2,week2,TE,Ian,Thomas,LV,LV,2000,LAC@LV,1,FG_week2_2025_exportSheet1-1.csv
2025,2,week2,WR,Thayer,Thomas,MIN,MIN,2000,MIN@CHI,1,FG_week2_2025_exportSheet1-1.csv
2025,2,week2,WR,Tyquan,Thornton,KC,KC,2000,PHI@KC,1,FG_week2_2025_exportSheet1-1.csv
2025,2,week2,WR,Tyquan,Thornton,KC,KC,2000,KC@LAC,1,FG_week2_2025_exportSheet1-1.csv
2025,2,week2,WR,Dont'e,Thornton Jr.,LV,LV,2000,LV@NE,1,FG_week2_2025_exportSheet1-1.csv
2025,2,week2,WR,Jamari,Thrash,CLE,CLE,2000,CLE@BAL,1,FG_week2_2025_exportSheet1-1.csv
2025,2,week2,WR,Jamari,Thrash,CLE,CLE,2000,CIN@CLE,1,FG_week2_2025_exportSheet1-1.csv
2025,2,week2,WR,Mitchell,Tinsley,CIN,CIN,2000,JAC@CIN,1,FG_week2_2025_exportSheet1-1.csv
2025,2,week2,WR,Mitchell,Tinsley,CIN,CIN,2000,CIN@CLE,1,FG_week2_2025_exportSheet1-1.csv
2025,2,week2,WR,Mason,Tipton,NO,NO,2000,SF@NO,1,FG_week2_2025_exportSheet1-1.csv
2025,2,week2,WR,Mason,Tipton,NO,NO,2000,ARI@NO,1,FG_week2_2025_exportSheet1-1.csv
2025,2,week2,TE,Jake,Tonges,SF,SF,2000,SF@NO,1,FG_week2_2025_exportSheet1-1.csv
2025,2,week2,TE,Robert,Tonyan,KC,KC,2000,PHI@KC,1,FG_week2_2025_exportSheet1-1.csv
2025,2,week2,WR,Samori,Toure,CHI,CHI,2000,MIN@CHI,1,FG_week2_2025_exportSheet1-1.csv
2025,2,week2,WR,Austin,Trammell,JAX,JAC,2000,CAR@JAC,1,FG_week2_2025_exportSheet1-1.csv
2025,2,week2,TE,Adam,Trautman,DEN,DEN,2000,DEN@IND,1,FG_week2_2025_exportSheet1-1.csv
2025,2,week2,WR,Laquon,Treadwell,IND,IND,2000,MIA@IND,1,FG_week2_2025_exportSheet1-1.csv
2025,2,week2,WR,Brycen,Tremayne,CAR,CAR,2000,CAR@ARI,1,FG_week2_2025_exportSheet1-1.csv
2025,2,week2,WR,Brycen,Tremayne,CAR,CAR,2000,CAR@JAC,1,FG_week2_2025_exportSheet1-1.csv
2025,2,week2,TE,Tommy,Tremble,CAR,CAR,2000,CAR@ARI,1,FG_week2_2025_exportSheet1-1.csv
2025,2,week2,RB,Sean,Tucker,TB,TB,2000,TB@HOU,1,FG_week2_2025_exportSheet1-1.csv
2025,2,week2,WR,Tre,Tucker,LV,LV,2000,LV@NE,1,FG_week2_2025_exportSheet1-1.csv
2025,2,week2,WR,Malik,Turner,SF,SF,2000,SF@SEA,1,FG_week2_2025_exportSheet1-1.csv
2025,2,week2,WR,KaVontae,Turpin,DAL,DAL,2000,NYG@DAL,1,FG_week2_2025_exportSheet1-1.csv
2025,2,week2,WR,KaVontae,Turpin,DAL,DAL,2000,DAL@PHI,1,FG_week2_2025_exportSheet1-1.csv
2025,2,week2,RB,Bhayshul,Tuten,JAX,JAC,2000,JAC@CIN,1,FG_week2_2025_exportSheet1-1.csv
2025,2,week2,RB,Sione,Vaki,DET,DET,2000,CHI@DET,1,FG_week2_2025_exportSheet1-1.csv
2025,2,week2,WR,Marquez,Valdes-Scantling,SF,SF,2000,SF@NO,1,FG_week2_2025_exportSheet1-1.csv
2025,2,week2,TE,Nick,Vannett,MIN,MIN,2000,MIN@CHI,1,FG_week2_2025_exportSheet1-1.csv
2025,2,week2,WR,Devaughn,Vele,NO,NO,2000,SF@NO,1,FG_week2_2025_exportSheet1-1.csv
2025,2,week2,WR,Jalen,Virgil,BUF,BUF,2000,BAL@BUF,1,FG_week2_2025_exportSheet1-1.csv
2025,2,week2,TE,Travis,Vokolek,ARI,ARI,2000,CAR@ARI,1,FG_week2_2025_exportSheet1-1.csv
2025,2,week2,WR,Dayton,Wade,BAL,BAL,2000,BAL@BUF,1,FG_week2_2025_exportSheet1-1.csv
2025,2,week2,WR,Jahdae,Walker,CHI,CHI,2000,CHI@DET,1,FG_week2_2025_exportSheet1-1.csv
2025,2,week2,WR,Devontez,Walker,BAL,BAL,2000,CLE@BAL,1,FG_week2_2025_exportSheet1-1.csv
2025,2,week2,WR,Devontez,Walker,BAL,BAL,2000,BAL@BUF,1,FG_week2_2025_exportSheet1-1.csv
2025,2,week2,WR,Jahdae,Walker,CHI,CHI,2000,MIN@CHI,1,FG_week2_2025_exportSheet1-1.csv
2025,2,week2,WR,Tylan,Wallace,BAL,BAL,2000,CLE@BAL,1,FG_week2_2025_exportSheet1-1.csv
2025,2,week2,WR,Tylan,Wallace,BAL,BAL,2000,BAL@BUF,1,FG_week2_2025_exportSheet1-1.csv
2025,2,week2,TE,Darnell,Washington,PIT,PIT,2000,SEA@PIT,1,FG_week2_2025_exportSheet1-1.csv
2025,2,week2,WR,Malik,Washington,MIA,MIA,2000,NE@MIA,1,FG_week2_2025_exportSheet1-1.csv
2025,2,week2,WR,Tahj,Washington,MIA,MIA,2000,NE@MIA,1,FG_week2_2025_exportSheet1-1.csv
2025,2,week2,WR,Casey,Washington,ATL,ATL,2000,ATL@MIN,1,FG_week2_2025_exportSheet1-1.csv
2025,2,week2,WR,Casey,Washington,ATL,ATL,2000,TB@ATL,1,FG_week2_2025_exportSheet1-1.csv
2025,2,week2,WR,Malik,Washington,MIA,MIA,2000,MIA@IND,1,FG_week2_2025_exportSheet1-1.csv
2025,2,week2,WR,Tahj,Washington,MIA,MIA,2000,MIA@IND,1,FG_week2_2025_exportSheet1-1.csv
2025,2,week2,WR,Montrell,Washington,NYG,NYG,2000,NYG@WAS,1,FG_week2_2025_exportSheet1-1.csv
2025,2,week2,RB,Carlos,Washington Jr.,ATL,ATL,2000,ATL@MIN,1,FG_week2_2025_exportSheet1-1.csv
2025,2,week2,WR,Jordan,Watkins,SF,SF,2000,SF@NO,1,FG_week2_2025_exportSheet1-1.csv
2025,2,week2,WR,Jordan,Watkins,SF,SF,2000,SF@SEA,1,FG_week2_2025_exportSheet1-1.csv
2025,2,week2,WR,Christian,Watson,GB,GB,2000,WAS@GB,1,FG_week2_2025_exportSheet1-1.csv
2025,2,week2,WR,Justin,Watson,HOU,HOU,2000,TB@HOU,1,FG_week2_2025_exportSheet1-1.csv
2025,2,week2,WR,Christian,Watson,GB,GB,2000,DET@GB,1,FG_week2_2025_exportSheet1-1.csv
2025,2,week2,WR,Justin,Watson,HOU,HOU,2000,HOU@LA,1,FG_week2_2025_exportSheet1-1.csv
2025,2,week2,WR,Theo,Wease Jr.,MIA,MIA,2000,MIA@IND,1,FG_week2_2025_exportSheet1-1.csv
2025,2,week2,WR,Xavier,Weaver,ARI,ARI,2000,CAR@ARI,1,FG_week2_2025_exportSheet1-1.csv
2025,2,week2,WR,Xavier,Weaver,ARI,ARI,2000,ARI@NO,1,FG_week2_2025_exportSheet1-1.csv
2025,2,week2,WR,Jeremiah,Webb,NE,NE,2000,LV@NE,1,FG_week2_2025_exportSheet1-1.csv
2025,2,week2,WR,Antwane,Wells Jr.,NYG,NYG,2000,NYG@WAS,1,FG_week2_2025_exportSheet1-1.csv
2025,2,week2,WR,LaJohntay,Wester,BAL,BAL,2000,CLE@BAL,1,FG_week2_2025_exportSheet1-1.csv
2025,2,week2,WR,LaJohntay,Wester,BAL,BAL,2000,BAL@BUF,1,FG_week2_2025_exportSheet1-1.csv
2025,2,week2,RB,Jack,Westover,NE,NE,2000,NE@MIA,1,FG_week2_2025_exportSheet1-1.csv
2025,2,week2,RB,Zamir,White,LV,LV,2000,LAC@LV,1,FG_week2_2025_exportSheet1-1.csv
2025,2,week2,WR,Cody,White,SEA,SEA,2000,SEA@PIT,1,FG_week2_2025_exportSheet1-1.csv
2025,2,week2,WR,Cody,White,SEA,SEA,2000,SF@SEA,1,FG_week2_2025_exportSheet1-1.csv
2025,2,week2,WR,Ricky,White III,SEA,SEA,2000,SF@SEA,1,FG_week2_2025_exportSheet1-1.csv
2025,2,week2,TE,Blake,Whiteheart,CLE,CLE,2000,CLE@BAL,1,FG_week2_2025_exportSheet1-1.csv
2025,2,week2,WR,Jordan,Whittington,LAR,LA,2000,LA@TEN,1,FG_week2_2025_exportSheet1-1.csv
2025,2,week2,WR,Jordan,Whittington,LAR,LA,2000,HOU@LA,1,FG_week2_2025_exportSheet1-1.csv
2025,2,week2,WR,Dontayvion,Wicks,GB,GB,2000,WAS@GB,1,FG_week2_2025_exportSheet1-1.csv
2025,2,week2,TE,Jared,Wiley,KC,KC,2000,PHI@KC,1,FG_week2_2025_exportSheet1-1.csv
2025,2,week2,WR,Kristian,Wilkerson,BUF,BUF,2000,BAL@BUF,1,FG_week2_2025_exportSheet1-1.csv
2025,2,week2,RB,Josh,Williams,TB,TB,2000,TB@HOU,1,FG_week2_2025_exportSheet1-1.csv
2025,2,week2,WR,Savion,Williams,GB,GB,2000,WAS@GB,1,FG_week2_2025_exportSheet1-1.csv
2025,2,week2,WR,Kyle,Williams,NE,NE,2000,NE@MIA,1,FG_week2_2025_exportSheet1-1.csv
2025,2,week2,WR,Avery,Williams,PHI,PHI,2000,DAL@PHI,1,FG_week2_2025_exportSheet1-1.csv
2025,2,week2,WR,Ke'Shawn,Williams,PIT,PIT,2000,PIT@NYJ,1,FG_week2_2025_exportSheet1-1.csv
2025,2,week2,WR,Isaiah,Williams,CIN,CIN,2000,CIN@CLE,1,FG_week2_2025_exportSheet1-1.csv
2025,2,week2,WR,Savion,Williams,GB,GB,2000,DET@GB,1,FG_week2_2025_exportSheet1-1.csv
2025,2,week2,WR,Mario,Williams,LAR,LA,2000,HOU@LA,1,FG_week2_2025_exportSheet1-1.csv
2025,2,week2,RB,Emanuel,Wilson,GB,GB,2000,WAS@GB,1,FG_week2_2025_exportSheet1-1.csv
2025,2,week2,WR,Roman,Wilson,PIT,PIT,2000,SEA@PIT,1,FG_week2_2025_exportSheet1-1.csv
2025,2,week2,TE,Joel,Wilson,CHI,CHI,2000,MIN@CHI,1,FG_week2_2025_exportSheet1-1.csv
2025,2,week2,WR,Johnny,Wilson,PHI,PHI,2000,DAL@PHI,1,FG_week2_2025_exportSheet1-1.csv
2025,2,week2,WR,Roman,Wilson,PIT,PIT,2000,PIT@NYJ,1,FG_week2_2025_exportSheet1-1.csv
2025,2,week2,WR,Pokey,Wilson,NYJ,NYJ,2000,PIT@NYJ,1,FG_week2_2025_exportSheet1-1.csv
2025,2,week2,RB,Jeff,Wilson Jr.,MIA,MIA,2000,NE@MIA,1,FG_week2_2025_exportSheet1-1.csv
2025,2,week2,WR,Cedrick,Wilson Jr.,NO,NO,2000,ARI@NO,1,FG_week2_2025_exportSheet1-1.csv
2025,2,week2,TE,Charlie,Woerner,ATL,ATL,2000,ATL@MIN,1,FG_week2_2025_exportSheet1-1.csv
2025,2,week2,TE,Jelani,Woods,NYJ,NYJ,2000,BUF@NYJ,1,FG_week2_2025_exportSheet1-1.csv
2025,2,week2,WR,Robert,Woods,PIT,PIT,2000,PIT@NYJ,1,FG_week2_2025_exportSheet1-1.csv
2025,2,week2,RB,Jaylen,Wright,MIA,MIA,2000,NE@MIA,1,FG_week2_2025_exportSheet1-1.csv
2025,2,week2,TE,Brock,Wright,DET,DET,2000,CHI@DET,1,FG_week2_2025_exportSheet1-1.csv
2025,2,week2,TE,Colson,Yankoff,WAS,WAS,2000,WAS@GB,1,FG_week2_2025_exportSheet1-1.csv
2025,2,week2,WR,Dareke,Young,SEA,SEA,2000,SEA@PIT,1,FG_week2_2025_exportSheet1-1.csv
2025,2,week2,WR,Dareke,Young,SEA,SEA,2000,SF@SEA,1,FG_week2_2025_exportSheet1-1.csv
2025,2,week2,TE,Ben,Yurosek,MIN,MIN,2000,ATL@MIN,1,FG_week2_2025_exportSheet1-1.csv
2025,2,week2,TE,Ben,Yurosek,MIN,MIN,2000,MIN@CHI,1,FG_week2_2025_exportSheet1-1.csv
2025,2,week2,WR,Olamide,Zaccheaus,CHI,CHI,2000,CHI@DET,1,FG_week2_2025_exportSheet1-1.csv
2025,2,week2,WR,Olamide,Zaccheaus,CHI,CHI,2000,MIN@CHI,1,FG_week2_2025_exportSheet1-1.csv
2025,2,week2,TE,Shane,Zylstra,DET,DET,2000,CHI@DET,1,FG_week2_2025_exportSheet1-1.csv
2025,3,week3,QB,Josh,Allen,BUF,BUF,9200,MIA@BUF,1,FG_week3_2025_exportSheet1-1.csv
2025,3,week3,QB,Lamar,Jackson,BAL,BAL,9200,DET@BAL,1,FG_week3_2025_exportSheet1-1.csv
2025,3,week3,RB,Saquon,Barkley,PHI,PHI,8600,LA@PHI,1,FG_week3_2025_exportSheet1-1.csv
2025,3,week3,RB,Bijan,Robinson,ATL,ATL,8600,ATL@CAR,1,FG_week3_2025_exportSheet1-1.csv
2025,3,week3,RB,Jonathan,Taylor,IND,IND,8600,IND@TEN,1,FG_week3_2025_exportSheet1-1.csv
2025,3,week3,WR,Ja'Marr,Chase,CIN,CIN,8400,CIN@MIN,1,FG_week3_2025_exportSheet1-1.csv
2025,3,week3,QB,Jayden,Daniels,WAS,WAS,8200,LV@WAS,1,FG_week3_2025_exportSheet1-1.csv
2025,3,week3,RB,Jahmyr,Gibbs,DET,DET,8200,DET@BAL,1,FG_week3_2025_exportSheet1-1.csv
2025,3,week3,RB,James,Cook,BUF,BUF,8000,MIA@BUF,1,FG_week3_2025_exportSheet1-1.csv
2025,3,week3,WR,Emeka,Egbuka,TB,TB,8000,NYJ@TB,1,FG_week3_2025_exportSheet1-1.csv
2025,3,week3,WR,CeeDee,Lamb,DAL,DAL,8000,DAL@CHI,1,FG_week3_2025_exportSheet1-1.csv
2025,3,week3,RB,De'Von,Achane,MIA,MIA,7800,MIA@BUF,1,FG_week3_2025_exportSheet1-1.csv
2025,3,week3,QB,Baker,Mayfield,TB,TB,7800,NYJ@TB,1,FG_week3_2025_exportSheet1-1.csv
2025,3,week3,WR,Malik,Nabers,NYG,NYG,7800,KC@NYG,1,FG_week3_2025_exportSheet1-1.csv
2025,3,week3,RB,Derrick,Henry,BAL,BAL,7600,DET@BAL,1,FG_week3_2025_exportSheet1-1.csv
2025,3,week3,QB,Daniel,Jones,IND,IND,7600,IND@TEN,1,FG_week3_2025_exportSheet1-1.csv
2025,3,week3,QB,Jared,Goff,DET,DET,7400,DET@BAL,1,FG_week3_2025_exportSheet1-1.csv
2025,3,week3,QB,Jalen,Hurts,PHI,PHI,7400,LA@PHI,1,FG_week3_2025_exportSheet1-1.csv
2025,3,week3,WR,Drake,London,ATL,ATL,7400,ATL@CAR,1,FG_week3_2025_exportSheet1-1.csv
2025,3,week3,QB,Patrick,Mahomes,KC,KC,7400,KC@NYG,1,FG_week3_2025_exportSheet1-1.csv
2025,3,week3,RB,Christian,McCaffrey,SF,SF,7400,ARI@SF,1,FG_week3_2025_exportSheet1-1.csv
2025,3,week3,WR,Ladd,McConkey,LAC,LAC,7400,DEN@LAC,1,FG_week3_2025_exportSheet1-1.csv
2025,3,week3,QB,Kyler,Murray,ARI,ARI,7400,ARI@SF,1,FG_week3_2025_exportSheet1-1.csv
2025,3,week3,WR,Puka,Nacua,LAR,LA,7400,LA@PHI,1,FG_week3_2025_exportSheet1-1.csv
2025,3,week3,QB,Bo,Nix,DEN,DEN,7400,DEN@LAC,1,FG_week3_2025_exportSheet1-1.csv
2025,3,week3,QB,Justin,Herbert,LAC,LAC,7200,DEN@LAC,1,FG_week3_2025_exportSheet1-1.csv
2025,3,week3,RB,Chuba,Hubbard,CAR,CAR,7200,ATL@CAR,1,FG_week3_2025_exportSheet1-1.csv
2025,3,week3,RB,Josh,Jacobs,GB,GB,7200,GB@CLE,1,FG_week3_2025_exportSheet1-1.csv
2025,3,week3,WR,Amon-Ra,St. Brown,DET,DET,7200,DET@BAL,1,FG_week3_2025_exportSheet1-1.csv
2025,3,week3,QB,Bryce,Young,CAR,CAR,7200,ATL@CAR,1,FG_week3_2025_exportSheet1-1.csv
2025,3,week3,RB,Bucky,Irving,TB,TB,7000,NYJ@TB,1,FG_week3_2025_exportSheet1-1.csv
2025,3,week3,QB,Geno,Smith,LV,LV,7000,LV@WAS,1,FG_week3_2025_exportSheet1-1.csv
2025,3,week3,WR,Mike,Evans,TB,TB,6800,NYJ@TB,1,FG_week3_2025_exportSheet1-1.csv
2025,3,week3,WR,Davante,Adams,LAR,LA,6600,LA@PHI,1,FG_week3_2025_exportSheet1-1.csv
2025,3,week3,RB,Alvin,Kamara,NO,NO,6600,NO@SEA,1,FG_week3_2025_exportSheet1-1.csv
2025,3,week3,QB,Dak,Prescott,DAL,DAL,6600,DAL@CHI,1,FG_week3_2025_exportSheet1-1.csv
2025,3,week3,WR,Brian,Thomas Jr.,JAX,JAC,6600,HOU@JAC,1,FG_week3_2025_exportSheet1-1.csv
2025,3,week3,QB,Caleb,Williams,CHI,CHI,6600,DAL@CHI,1,FG_week3_2025_exportSheet1-1.csv
2025,3,week3,RB,Kyren,Williams,LAR,LA,6600,LA@PHI,1,FG_week3_2025_exportSheet1-1.csv
2025,3,week3,QB,Russell,Wilson,NYG,NYG,6600,KC@NYG,1,FG_week3_2025_exportSheet1-1.csv
2025,3,week3,RB,Chase,Brown,CIN,CIN,6400,CIN@MIN,1,FG_week3_2025_exportSheet1-1.csv
2025,3,week3,WR,Nico,Collins,HOU,HOU,6400,HOU@JAC,1,FG_week3_2025_exportSheet1-1.csv
2025,3,week3,QB,Sam,Darnold,SEA,SEA,6400,NO@SEA,1,FG_week3_2025_exportSheet1-1.csv
2025,3,week3,WR,Tee,Higgins,CIN,CIN,6400,CIN@MIN,1,FG_week3_2025_exportSheet1-1.csv
2025,3,week3,QB,Drake,Maye,NE,NE,6400,PIT@NE,1,FG_week3_2025_exportSheet1-1.csv
2025,3,week3,WR,Jakobi,Meyers,LV,LV,6400,LV@WAS,1,FG_week3_2025_exportSheet1-1.csv
2025,3,week3,QB,Aaron,Rodgers,PIT,PIT,6400,PIT@NE,1,FG_week3_2025_exportSheet1-1.csv
2025,3,week3,WR,Deebo,Samuel,WAS,WAS,6400,LV@WAS,1,FG_week3_2025_exportSheet1-1.csv
2025,3,week3,QB,Matthew,Stafford,LAR,LA,6400,LA@PHI,1,FG_week3_2025_exportSheet1-1.csv
2025,3,week3,RB,James,Conner,ARI,ARI,6200,ARI@SF,1,FG_week3_2025_exportSheet1-1.csv
2025,3,week3,QB,Joe,Flacco,CLE,CLE,6200,GB@CLE,1,FG_week3_2025_exportSheet1-1.csv
2025,3,week3,WR,Justin,Jefferson,MIN,MIN,6200,CIN@MIN,1,FG_week3_2025_exportSheet1-1.csv
2025,3,week3,QB,Trevor,Lawrence,JAX,JAC,6200,HOU@JAC,1,FG_week3_2025_exportSheet1-1.csv
2025,3,week3,QB,Jordan,Love,GB,GB,6200,GB@CLE,1,FG_week3_2025_exportSheet1-1.csv
2025,3,week3,WR,Tetairoa,McMillan,CAR,CAR,6200,ATL@CAR,1,FG_week3_2025_exportSheet1-1.csv
2025,3,week3,QB,Michael,Penix Jr.,ATL,ATL,6200,ATL@CAR,1,FG_week3_2025_exportSheet1-1.csv
2025,3,week3,WR,Jaxon,Smith-Njigba,SEA,SEA,6200,NO@SEA,1,FG_week3_2025_exportSheet1-1.csv
2025,3,week3,RB,Javonte,Williams,DAL,DAL,6200,DAL@CHI,1,FG_week3_2025_exportSheet1-1.csv
2025,3,week3,RB,Ashton,Jeanty,LV,LV,6000,LV@WAS,1,FG_week3_2025_exportSheet1-1.csv
2025,3,week3,QB,J.J.,McCarthy,MIN,MIN,6000,CIN@MIN,1,FG_week3_2025_exportSheet1-1.csv
2025,3,week3,WR,Ricky,Pearsall,SF,SF,6000,ARI@SF,1,FG_week3_2025_exportSheet1-1.csv
2025,3,week3,QB,C.J.,Stroud,HOU,HOU,6000,HOU@JAC,1,FG_week3_2025_exportSheet1-1.csv
2025,3,week3,WR,Xavier,Worthy,KC,KC,6000,KC@NYG,1,FG_week3_2025_exportSheet1-1.csv
2025,3,week3,QB,Justin,Fields,NYJ,NYJ,5800,NYJ@TB,1,FG_week3_2025_exportSheet1-1.csv
2025,3,week3,WR,Jerry,Jeudy,CLE,CLE,5800,GB@CLE,1,FG_week3_2025_exportSheet1-1.csv
2025,3,week3,TE,Trey,McBride,ARI,ARI,5800,ARI@SF,1,FG_week3_2025_exportSheet1-1.csv
2025,3,week3,WR,DJ,Moore,CHI,CHI,5800,DAL@CHI,1,FG_week3_2025_exportSheet1-1.csv
2025,3,week3,QB,Brock,Purdy,SF,SF,5800,ARI@SF,1,FG_week3_2025_exportSheet1-1.csv
2025,3,week3,QB,Tua,Tagovailoa,MIA,MIA,5800,MIA@BUF,1,FG_week3_2025_exportSheet1-1.csv
2025,3,week3,RB,Kenneth,Walker III,SEA,SEA,5800,NO@SEA,1,FG_week3_2025_exportSheet1-1.csv
2025,3,week3,QB,Mac,Jones,SF,SF,5600,ARI@SF,1,FG_week3_2025_exportSheet1-1.csv
2025,3,week3,WR,George,Pickens,DAL,DAL,5600,DAL@CHI,1,FG_week3_2025_exportSheet1-1.csv
2025,3,week3,QB,Spencer,Rattler,NO,NO,5600,NO@SEA,1,FG_week3_2025_exportSheet1-1.csv
2025,3,week3,WR,Courtland,Sutton,DEN,DEN,5600,DEN@LAC,1,FG_week3_2025_exportSheet1-1.csv
2025,3,week3,TE,Brock,Bowers,LV,LV,5400,LV@WAS,1,FG_week3_2025_exportSheet1-1.csv
2025,3,week3,WR,Zay,Flowers,BAL,BAL,5400,DET@BAL,1,FG_week3_2025_exportSheet1-1.csv
2025,3,week3,RB,Breece,Hall,NYJ,NYJ,5400,NYJ@TB,1,FG_week3_2025_exportSheet1-1.csv
2025,3,week3,WR,Jauan,Jennings,SF,SF,5400,ARI@SF,1,FG_week3_2025_exportSheet1-1.csv
2025,3,week3,WR,Terry,McLaurin,WAS,WAS,5400,LV@WAS,1,FG_week3_2025_exportSheet1-1.csv
2025,3,week3,WR,DK,Metcalf,PIT,PIT,5400,PIT@NE,1,FG_week3_2025_exportSheet1-1.csv
2025,3,week3,WR,Garrett,Wilson,NYJ,NYJ,5400,NYJ@TB,1,FG_week3_2025_exportSheet1-1.csv
2025,3,week3,WR,A.J.,Brown,PHI,PHI,5200,LA@PHI,1,FG_week3_2025_exportSheet1-1.csv
2025,3,week3,WR,Marvin,Harrison Jr.,ARI,ARI,5200,ARI@SF,1,FG_week3_2025_exportSheet1-1.csv
2025,3,week3,WR,Tyreek,Hill,MIA,MIA,5200,MIA@BUF,1,FG_week3_2025_exportSheet1-1.csv
2025,3,week3,WR,Calvin,Ridley,TEN,TEN,5200,IND@TEN,1,FG_week3_2025_exportSheet1-1.csv
2025,3,week3,RB,D'Andre,Swift,CHI,CHI,5200,DAL@CHI,1,FG_week3_2025_exportSheet1-1.csv
2025,3,week3,WR,Jameson,Williams,DET,DET,5200,DET@BAL,1,FG_week3_2025_exportSheet1-1.csv
2025,3,week3,RB,Travis,Etienne Jr.,JAX,JAC,5000,HOU@JAC,1,FG_week3_2025_exportSheet1-1.csv
2025,3,week3,WR,Rome,Odunze,CHI,CHI,5000,DAL@CHI,1,FG_week3_2025_exportSheet1-1.csv
2025,3,week3,WR,Wan'Dale,Robinson,NYG,NYG,5000,KC@NYG,1,FG_week3_2025_exportSheet1-1.csv
2025,3,week3,WR,DeVonta,Smith,PHI,PHI,5000,LA@PHI,1,FG_week3_2025_exportSheet1-1.csv
2025,3,week3,WR,Stefon,Diggs,NE,NE,4800,PIT@NE,1,FG_week3_2025_exportSheet1-1.csv
2025,3,week3,RB,J.K.,Dobbins,DEN,DEN,4800,DEN@LAC,1,FG_week3_2025_exportSheet1-1.csv
2025,3,week3,RB,David,Montgomery,DET,DET,4800,DET@BAL,1,FG_week3_2025_exportSheet1-1.csv
2025,3,week3,WR,Michael,Pittman Jr.,IND,IND,4800,IND@TEN,1,FG_week3_2025_exportSheet1-1.csv
2025,3,week3,WR,Rashid,Shaheed,NO,NO,4800,NO@SEA,1,FG_week3_2025_exportSheet1-1.csv
2025,3,week3,WR,Keenan,Allen,LAC,LAC,4600,DEN@LAC,1,FG_week3_2025_exportSheet1-1.csv
2025,3,week3,QB,Jake,Browning,CIN,CIN,4600,CIN@MIN,1,FG_week3_2025_exportSheet1-1.csv
2025,3,week3,RB,Omarion,Hampton,LAC,LAC,4600,DEN@LAC,1,FG_week3_2025_exportSheet1-1.csv
2025,3,week3,RB,Jaylen,Warren,PIT,PIT,4600,PIT@NE,1,FG_week3_2025_exportSheet1-1.csv
2025,3,week3,WR,Keon,Coleman,BUF,BUF,4400,MIA@BUF,1,FG_week3_2025_exportSheet1-1.csv
2025,3,week3,RB,Jacory,Croskey-Merritt,WAS,WAS,4400,LV@WAS,1,FG_week3_2025_exportSheet1-1.csv
2025,3,week3,QB,Jimmy,Garoppolo,LAR,LA,4400,LA@PHI,1,FG_week3_2025_exportSheet1-1.csv
2025,3,week3,WR,Chris,Godwin Jr.,TB,TB,4400,NYJ@TB,1,FG_week3_2025_exportSheet1-1.csv
2025,3,week3,WR,Quentin,Johnston,LAC,LAC,4400,DEN@LAC,1,FG_week3_2025_exportSheet1-1.csv
2025,3,week3,WR,Chris,Olave,NO,NO,4400,NO@SEA,1,FG_week3_2025_exportSheet1-1.csv
2025,3,week3,WR,Jaylen,Waddle,MIA,MIA,4400,MIA@BUF,1,FG_week3_2025_exportSheet1-1.csv
2025,3,week3,TE,Tyler,Warren,IND,IND,4400,IND@TEN,1,FG_week3_2025_exportSheet1-1.csv
2025,3,week3,QB,Brandon,Allen,TEN,TEN,4200,IND@TEN,1,FG_week3_2025_exportSheet1-1.csv
2025,3,week3,QB,Kyle,Allen,DET,DET,4200,DET@BAL,1,FG_week3_2025_exportSheet1-1.csv
2025,3,week3,QB,Tyson,Bagent,CHI,CHI,4200,DAL@CHI,1,FG_week3_2025_exportSheet1-1.csv
2025,3,week3,QB,Stetson,Bennett IV,LAR,LA,4200,LA@PHI,1,FG_week3_2025_exportSheet1-1.csv
2025,3,week3,QB,Teddy,Bridgewater,TB,TB,4200,NYJ@TB,1,FG_week3_2025_exportSheet1-1.csv
2025,3,week3,QB,Jacoby,Brissett,ARI,ARI,4200,ARI@SF,1,FG_week3_2025_exportSheet1-1.csv
2025,3,week3,QB,Max,Brosmer,MIN,MIN,4200,CIN@MIN,1,FG_week3_2025_exportSheet1-1.csv
2025,3,week3,QB,Joe,Burrow,CIN,CIN,4200,CIN@MIN,1,FG_week3_2025_exportSheet1-1.csv
2025,3,week3,QB,Kirk,Cousins,ATL,ATL,4200,ATL@CAR,1,FG_week3_2025_exportSheet1-1.csv
2025,3,week3,QB,Andy,Dalton,CAR,CAR,4200,ATL@CAR,1,FG_week3_2025_exportSheet1-1.csv
2025,3,week3,QB,Jaxson,Dart,NYG,NYG,4200,KC@NYG,1,FG_week3_2025_exportSheet1-1.csv
2025,3,week3,QB,Tommy,DeVito,NE,NE,4200,PIT@NE,1,FG_week3_2025_exportSheet1-1.csv
2025,3,week3,QB,Joshua,Dobbs,NE,NE,4200,PIT@NE,1,FG_week3_2025_exportSheet1-1.csv
2025,3,week3,QB,Sam,Ehlinger,DEN,DEN,4200,DEN@LAC,1,FG_week3_2025_exportSheet1-1.csv
2025,3,week3,TE,Zach,Ertz,WAS,WAS,4200,LV@WAS,1,FG_week3_2025_exportSheet1-1.csv
2025,3,week3,QB,Quinn,Ewers,MIA,MIA,4200,MIA@BUF,1,FG_week3_2025_exportSheet1-1.csv
2025,3,week3,QB,Dillon,Gabriel,CLE,CLE,4200,GB@CLE,1,FG_week3_2025_exportSheet1-1.csv
2025,3,week3,QB,Sam,Howell,PHI,PHI,4200,LA@PHI,1,FG_week3_2025_exportSheet1-1.csv
2025,3,week3,WR,Travis,Hunter,JAX,JAC,4200,HOU@JAC,1,FG_week3_2025_exportSheet1-1.csv
2025,3,week3,QB,Josh,Johnson,WAS,WAS,4200,LV@WAS,1,FG_week3_2025_exportSheet1-1.csv
2025,3,week3,QB,Case,Keenum,CHI,CHI,4200,DAL@CHI,1,FG_week3_2025_exportSheet1-1.csv
2025,3,week3,TE,Travis,Kelce,KC,KC,4200,KC@NYG,1,FG_week3_2025_exportSheet1-1.csv
2025,3,week3,TE,Tucker,Kraft,GB,GB,4200,GB@CLE,1,FG_week3_2025_exportSheet1-1.csv
2025,3,week3,QB,Trey,Lance,LAC,LAC,4200,DEN@LAC,1,FG_week3_2025_exportSheet1-1.csv
2025,3,week3,QB,Riley,Leonard,IND,IND,4200,IND@TEN,1,FG_week3_2025_exportSheet1-1.csv
2025,3,week3,QB,Drew,Lock,SEA,SEA,4200,NO@SEA,1,FG_week3_2025_exportSheet1-1.csv
2025,3,week3,QB,Marcus,Mariota,WAS,WAS,4200,LV@WAS,1,FG_week3_2025_exportSheet1-1.csv
2025,3,week3,QB,Adrian,Martinez,SF,SF,4200,ARI@SF,1,FG_week3_2025_exportSheet1-1.csv
2025,3,week3,QB,Tanner,McKee,PHI,PHI,4200,LA@PHI,1,FG_week3_2025_exportSheet1-1.csv
2025,3,week3,QB,Graham,Mertz,HOU,HOU,4200,HOU@JAC,1,FG_week3_2025_exportSheet1-1.csv
2025,3,week3,QB,Davis,Mills,HOU,HOU,4200,HOU@JAC,1,FG_week3_2025_exportSheet1-1.csv
2025,3,week3,QB,Jalen,Milroe,SEA,SEA,4200,NO@SEA,1,FG_week3_2025_exportSheet1-1.csv
2025,3,week3,QB,Joe,Milton III,DAL,DAL,4200,DAL@CHI,1,FG_week3_2025_exportSheet1-1.csv
2025,3,week3,QB,Gardner,Minshew,KC,KC,4200,KC@NYG,1,FG_week3_2025_exportSheet1-1.csv
2025,3,week3,QB,Nick,Mullens,JAX,JAC,4200,HOU@JAC,1,FG_week3_2025_exportSheet1-1.csv
2025,3,week3,QB,Kenny,Pickett,LV,LV,4200,LV@WAS,1,FG_week3_2025_exportSheet1-1.csv
2025,3,week3,QB,Anthony,Richardson Sr.,IND,IND,4200,IND@TEN,1,FG_week3_2025_exportSheet1-1.csv
2025,3,week3,QB,Mason,Rudolph,PIT,PIT,4200,PIT@NE,1,FG_week3_2025_exportSheet1-1.csv
2025,3,week3,QB,Cooper,Rush,BAL,BAL,4200,DET@BAL,1,FG_week3_2025_exportSheet1-1.csv
2025,3,week3,RB,Dylan,Sampson,CLE,CLE,4200,GB@CLE,1,FG_week3_2025_exportSheet1-1.csv
2025,3,week3,QB,Shedeur,Sanders,CLE,CLE,4200,GB@CLE,1,FG_week3_2025_exportSheet1-1.csv
2025,3,week3,WR,Khalil,Shakir,BUF,BUF,4200,MIA@BUF,1,FG_week3_2025_exportSheet1-1.csv
2025,3,week3,QB,Tyler,Shough,NO,NO,4200,NO@SEA,1,FG_week3_2025_exportSheet1-1.csv
2025,3,week3,QB,Jarrett,Stidham,DEN,DEN,4200,DEN@LAC,1,FG_week3_2025_exportSheet1-1.csv
2025,3,week3,QB,Tyrod,Taylor,NYJ,NYJ,4200,NYJ@TB,1,FG_week3_2025_exportSheet1-1.csv
2025,3,week3,QB,Mitchell,Trubisky,BUF,BUF,4200,MIA@BUF,1,FG_week3_2025_exportSheet1-1.csv
2025,3,week3,QB,Cam,Ward,TEN,TEN,4200,IND@TEN,1,FG_week3_2025_exportSheet1-1.csv
2025,3,week3,QB,Deshaun,Watson,CLE,CLE,4200,GB@CLE,1,FG_week3_2025_exportSheet1-1.csv
2025,3,week3,QB,Carson,Wentz,MIN,MIN,4200,CIN@MIN,1,FG_week3_2025_exportSheet1-1.csv
2025,3,week3,QB,Malik,Willis,GB,GB,4200,GB@CLE,1,FG_week3_2025_exportSheet1-1.csv
2025,3,week3,QB,Zach,Wilson,MIA,MIA,4200,MIA@BUF,1,FG_week3_2025_exportSheet1-1.csv
2025,3,week3,QB,Jameis,Winston,NYG,NYG,4200,KC@NYG,1,FG_week3_2025_exportSheet1-1.csv
2025,3,week3,RB,Aaron,Jones Sr.,MIN,MIN,4000,CIN@MIN,1,FG_week3_2025_exportSheet1-1.csv
2025,3,week3,WR,Cooper,Kupp,SEA,SEA,4000,NO@SEA,1,FG_week3_2025_exportSheet1-1.csv
2025,3,week3,WR,Marvin,Mims Jr.,DEN,DEN,4000,DEN@LAC,1,FG_week3_2025_exportSheet1-1.csv
2025,3,week3,TE,David,Njoku,CLE,CLE,4000,GB@CLE,1,FG_week3_2025_exportSheet1-1.csv
2025,3,week3,WR,Alec,Pierce,IND,IND,4000,IND@TEN,1,FG_week3_2025_exportSheet1-1.csv
2025,3,week3,RB,Tony,Pollard,TEN,TEN,4000,IND@TEN,1,FG_week3_2025_exportSheet1-1.csv
2025,3,week3,RB,Rhamondre,Stevenson,NE,NE,4000,PIT@NE,1,FG_week3_2025_exportSheet1-1.csv
2025,3,week3,WR,Adam,Thielen,MIN,MIN,4000,CIN@MIN,1,FG_week3_2025_exportSheet1-1.csv
2025,3,week3,WR,Cedric,Tillman,CLE,CLE,4000,GB@CLE,1,FG_week3_2025_exportSheet1-1.csv
2025,3,week3,WR,Rashod,Bateman,BAL,BAL,3800,DET@BAL,1,FG_week3_2025_exportSheet1-1.csv
2025,3,week3,WR,Kayshon,Boutte,NE,NE,3800,PIT@NE,1,FG_week3_2025_exportSheet1-1.csv
2025,3,week3,WR,Romeo,Doubs,GB,GB,3800,GB@CLE,1,FG_week3_2025_exportSheet1-1.csv
2025,3,week3,WR,Josh,Downs,IND,IND,3800,IND@TEN,1,FG_week3_2025_exportSheet1-1.csv
2025,3,week3,RB,TreVeyon,Henderson,NE,NE,3800,PIT@NE,1,FG_week3_2025_exportSheet1-1.csv
2025,3,week3,TE,Sam,LaPorta,DET,DET,3800,DET@BAL,1,FG_week3_2025_exportSheet1-1.csv
2025,3,week3,RB,Jordan,Mason,MIN,MIN,3800,CIN@MIN,1,FG_week3_2025_exportSheet1-1.csv
2025,3,week3,RB,Tyrone,Tracy Jr.,NYG,NYG,3800,KC@NYG,1,FG_week3_2025_exportSheet1-1.csv
2025,3,week3,WR,Dyami,Brown,JAX,JAC,3600,HOU@JAC,1,FG_week3_2025_exportSheet1-1.csv
2025,3,week3,WR,Hollywood,Brown,KC,KC,3600,KC@NYG,1,FG_week3_2025_exportSheet1-1.csv
2025,3,week3,RB,Zach,Charbonnet,SEA,SEA,3600,NO@SEA,1,FG_week3_2025_exportSheet1-1.csv
2025,3,week3,RB,Nick,Chubb,HOU,HOU,3600,HOU@JAC,1,FG_week3_2025_exportSheet1-1.csv
2025,3,week3,RB,RJ,Harvey,DEN,DEN,3600,DEN@LAC,1,FG_week3_2025_exportSheet1-1.csv
2025,3,week3,TE,Juwan,Johnson,NO,NO,3600,NO@SEA,1,FG_week3_2025_exportSheet1-1.csv
2025,3,week3,RB,Bhayshul,Tuten,JAX,JAC,3600,HOU@JAC,1,FG_week3_2025_exportSheet1-1.csv
2025,3,week3,RB,Rico,Dowdle,CAR,CAR,3400,ATL@CAR,1,FG_week3_2025_exportSheet1-1.csv
2025,3,week3,TE,Dallas,Goedert,PHI,PHI,3400,LA@PHI,1,FG_week3_2025_exportSheet1-1.csv
2025,3,week3,RB,Isiah,Pacheco,KC,KC,3400,KC@NYG,1,FG_week3_2025_exportSheet1-1.csv
2025,3,week3,WR,Joshua,Palmer,BUF,BUF,3400,MIA@BUF,1,FG_week3_2025_exportSheet1-1.csv
2025,3,week3,WR,Hunter,Renfrow,CAR,CAR,3400,ATL@CAR,1,FG_week3_2025_exportSheet1-1.csv
2025,3,week3,RB,Cam,Skattebo,NYG,NYG,3400,KC@NYG,1,FG_week3_2025_exportSheet1-1.csv
2025,3,week3,TE,Jonnu,Smith,PIT,PIT,3400,PIT@NE,1,FG_week3_2025_exportSheet1-1.csv
2025,3,week3,WR,Elic,Ayomanor,TEN,TEN,3200,IND@TEN,1,FG_week3_2025_exportSheet1-1.csv
2025,3,week3,WR,DeMario,Douglas,NE,NE,3200,PIT@NE,1,FG_week3_2025_exportSheet1-1.csv
2025,3,week3,RB,Jerome,Ford,CLE,CLE,3200,GB@CLE,1,FG_week3_2025_exportSheet1-1.csv
2025,3,week3,WR,Troy,Franklin,DEN,DEN,3200,DEN@LAC,1,FG_week3_2025_exportSheet1-1.csv
2025,3,week3,TE,Pat,Freiermuth,PIT,PIT,3200,PIT@NE,1,FG_week3_2025_exportSheet1-1.csv
2025,3,week3,TE,T.J.,Hockenson,MIN,MIN,3200,CIN@MIN,1,FG_week3_2025_exportSheet1-1.csv
2025,3,week3,RB,Quinshon,Judkins,CLE,CLE,3200,GB@CLE,1,FG_week3_2025_exportSheet1-1.csv
2025,3,week3,WR,Christian,Kirk,HOU,HOU,3200,HOU@JAC,1,FG_week3_2025_exportSheet1-1.csv
2025,3,week3,WR,Darnell,Mooney,ATL,ATL,3200,ATL@CAR,1,FG_week3_2025_exportSheet1-1.csv
2025,3,week3,TE,Kyle,Pitts Sr.,ATL,ATL,3200,ATL@CAR,1,FG_week3_2025_exportSheet1-1.csv
2025,3,week3,RB,Brian,Robinson Jr.,SF,SF,3200,ARI@SF,1,FG_week3_2025_exportSheet1-1.csv
2025,3,week3,RB,Tyler,Allgeier,ATL,ATL,3000,ATL@CAR,1,FG_week3_2025_exportSheet1-1.csv
2025,3,week3,TE,Mark,Andrews,BAL,BAL,3000,DET@BAL,1,FG_week3_2025_exportSheet1-1.csv
2025,3,week3,WR,Calvin,Austin III,PIT,PIT,3000,PIT@NE,1,FG_week3_2025_exportSheet1-1.csv
2025,3,week3,TE,Harold,Fannin Jr.,CLE,CLE,3000,GB@CLE,1,FG_week3_2025_exportSheet1-1.csv
2025,3,week3,WR,Matthew,Golden,GB,GB,3000,GB@CLE,1,FG_week3_2025_exportSheet1-1.csv
2025,3,week3,TE,Tyler,Higbee,LAR,LA,3000,LA@PHI,1,FG_week3_2025_exportSheet1-1.csv
2025,3,week3,WR,DeAndre,Hopkins,BAL,BAL,3000,DET@BAL,1,FG_week3_2025_exportSheet1-1.csv
2025,3,week3,RB,Kareem,Hunt,KC,KC,3000,KC@NYG,1,FG_week3_2025_exportSheet1-1.csv
2025,3,week3,TE,Chig,Okonkwo,TEN,TEN,3000,IND@TEN,1,FG_week3_2025_exportSheet1-1.csv
2025,3,week3,RB,Trey,Benson,ARI,ARI,2800,ARI@SF,1,FG_week3_2025_exportSheet1-1.csv
2025,3,week3,TE,Evan,Engram,DEN,DEN,2800,DEN@LAC,1,FG_week3_2025_exportSheet1-1.csv
2025,3,week3,RB,Najee,Harris,LAC,LAC,2800,DEN@LAC,1,FG_week3_2025_exportSheet1-1.csv
2025,3,week3,TE,Hunter,Henry,NE,NE,2800,PIT@NE,1,FG_week3_2025_exportSheet1-1.csv
2025,3,week3,TE,Dalton,Kincaid,BUF,BUF,2800,MIA@BUF,1,FG_week3_2025_exportSheet1-1.csv
2025,3,week3,WR,Xavier,Legette,CAR,CAR,2800,ATL@CAR,1,FG_week3_2025_exportSheet1-1.csv
2025,3,week3,WR,Isaiah,Likely,BAL,BAL,2800,DET@BAL,1,FG_week3_2025_exportSheet1-1.csv
2025,3,week3,TE,Cade,Otton,TB,TB,2800,NYJ@TB,1,FG_week3_2025_exportSheet1-1.csv
2025,3,week3,RB,Miles,Sanders,DAL,DAL,2800,DAL@CHI,1,FG_week3_2025_exportSheet1-1.csv
2025,3,week3,TE,Dalton,Schultz,HOU,HOU,2800,HOU@JAC,1,FG_week3_2025_exportSheet1-1.csv
2025,3,week3,WR,Tre,Tucker,LV,LV,2800,LV@WAS,1,FG_week3_2025_exportSheet1-1.csv
2025,3,week3,WR,Nick,Westbrook-Ikhine,MIA,MIA,2800,MIA@BUF,1,FG_week3_2025_exportSheet1-1.csv
2025,3,week3,TE,Noah,Fant,CIN,CIN,2600,CIN@MIN,1,FG_week3_2025_exportSheet1-1.csv
2025,3,week3,TE,Jake,Ferguson,DAL,DAL,2600,DAL@CHI,1,FG_week3_2025_exportSheet1-1.csv
2025,3,week3,WR,Jayden,Higgins,HOU,HOU,2600,HOU@JAC,1,FG_week3_2025_exportSheet1-1.csv
2025,3,week3,WR,Andrei,Iosivas,CIN,CIN,2600,CIN@MIN,1,FG_week3_2025_exportSheet1-1.csv
2025,3,week3,TE,Brenton,Strange,JAX,JAC,2600,HOU@JAC,1,FG_week3_2025_exportSheet1-1.csv
2025,3,week3,WR,Dont'e,Thornton Jr.,LV,LV,2600,LV@WAS,1,FG_week3_2025_exportSheet1-1.csv
2025,3,week3,WR,KaVontae,Turpin,DAL,DAL,2600,DAL@CHI,1,FG_week3_2025_exportSheet1-1.csv
2025,3,week3,WR,Michael,Wilson,ARI,ARI,2600,ARI@SF,1,FG_week3_2025_exportSheet1-1.csv
2025,3,week3,TE,AJ,Barner,SEA,SEA,2400,NO@SEA,1,FG_week3_2025_exportSheet1-1.csv
2025,3,week3,WR,Noah,Brown,WAS,WAS,2400,LV@WAS,1,FG_week3_2025_exportSheet1-1.csv
2025,3,week3,TE,Tyler,Conklin,LAC,LAC,2400,DEN@LAC,1,FG_week3_2025_exportSheet1-1.csv
2025,3,week3,WR,Tank,Dell,HOU,HOU,2400,HOU@JAC,1,FG_week3_2025_exportSheet1-1.csv
2025,3,week3,TE,Mike,Gesicki,CIN,CIN,2400,CIN@MIN,1,FG_week3_2025_exportSheet1-1.csv
2025,3,week3,RB,Justice,Hill,BAL,BAL,2400,DET@BAL,1,FG_week3_2025_exportSheet1-1.csv
2025,3,week3,WR,Tory,Horton,SEA,SEA,2400,NO@SEA,1,FG_week3_2025_exportSheet1-1.csv
2025,3,week3,TE,Theo,Johnson,NYG,NYG,2400,KC@NYG,1,FG_week3_2025_exportSheet1-1.csv
2025,3,week3,WR,Ray-Ray,McCloud III,ATL,ATL,2400,ATL@CAR,1,FG_week3_2025_exportSheet1-1.csv
2025,3,week3,WR,Jalen,Nailor,MIN,MIN,2400,CIN@MIN,1,FG_week3_2025_exportSheet1-1.csv
2025,3,week3,WR,Darius,Slayton,NYG,NYG,2400,KC@NYG,1,FG_week3_2025_exportSheet1-1.csv
2025,3,week3,WR,Isaac,TeSlaa,DET,DET,2400,DET@BAL,1,FG_week3_2025_exportSheet1-1.csv
2025,3,week3,TE,Darren,Waller,MIA,MIA,2400,MIA@BUF,1,FG_week3_2025_exportSheet1-1.csv
2025,3,week3,WR,Parker,Washington,JAX,JAC,2400,HOU@JAC,1,FG_week3_2025_exportSheet1-1.csv
2025,3,week3,RB,Rachaad,White,TB,TB,2400,NYJ@TB,1,FG_week3_2025_exportSheet1-1.csv
2025,3,week3,WR,Dontayvion,Wicks,GB,GB,2400,GB@CLE,1,FG_week3_2025_exportSheet1-1.csv
2025,3,week3,WR,Jordan,Addison,MIN,MIN,2200,CIN@MIN,1,FG_week3_2025_exportSheet1-1.csv
2025,3,week3,TE,Nate,Adkins,DEN,DEN,2200,DEN@LAC,1,FG_week3_2025_exportSheet1-1.csv
2025,3,week3,WR,Jamal,Agnew,ATL,ATL,2200,ATL@CAR,1,FG_week3_2025_exportSheet1-1.csv
2025,3,week3,WR,Brandon,Aiyuk,SF,SF,2200,ARI@SF,1,FG_week3_2025_exportSheet1-1.csv
2025,3,week3,RB,Rasheen,Ali,BAL,BAL,2200,DET@BAL,1,FG_week3_2025_exportSheet1-1.csv
2025,3,week3,TE,Mo,Alie-Cox,IND,IND,2200,IND@TEN,1,FG_week3_2025_exportSheet1-1.csv
2025,3,week3,TE,Erick,All Jr.,CIN,CIN,2200,CIN@MIN,1,FG_week3_2025_exportSheet1-1.csv
2025,3,week3,RB,Braelon,Allen,NYJ,NYJ,2200,NYJ@TB,1,FG_week3_2025_exportSheet1-1.csv
2025,3,week3,TE,Davis,Allen,LAR,LA,2200,LA@PHI,1,FG_week3_2025_exportSheet1-1.csv
2025,3,week3,RB,LeQuint,Allen Jr.,JAX,JAC,2200,HOU@JAC,1,FG_week3_2025_exportSheet1-1.csv
2025,3,week3,TE,Elijah,Arroyo,SEA,SEA,2200,NO@SEA,1,FG_week3_2025_exportSheet1-1.csv
2025,3,week3,WR,Tutu,Atwell,LAR,LA,2200,LA@PHI,1,FG_week3_2025_exportSheet1-1.csv
2025,3,week3,RB,Tyler,Badie,DEN,DEN,2200,DEN@LAC,1,FG_week3_2025_exportSheet1-1.csv
2025,3,week3,TE,Gavin,Bartholomew,MIN,MIN,2200,CIN@MIN,1,FG_week3_2025_exportSheet1-1.csv
2025,3,week3,TE,John,Bates,WAS,WAS,2200,LV@WAS,1,FG_week3_2025_exportSheet1-1.csv
2025,3,week3,WR,Jack,Bech,LV,LV,2200,LV@WAS,1,FG_week3_2025_exportSheet1-1.csv
2025,3,week3,RB,Andrew,Beck,NYJ,NYJ,2200,NYJ@TB,1,FG_week3_2025_exportSheet1-1.csv
2025,3,week3,TE,Daniel,Bellinger,NYG,NYG,2200,KC@NYG,1,FG_week3_2025_exportSheet1-1.csv
2025,3,week3,RB,Ulysses,Bentley IV,IND,IND,2200,IND@TEN,1,FG_week3_2025_exportSheet1-1.csv
2025,3,week3,WR,Braxton,Berrios,HOU,HOU,2200,HOU@JAC,1,FG_week3_2025_exportSheet1-1.csv
2025,3,week3,RB,Tank,Bigsby,PHI,PHI,2200,LA@PHI,1,FG_week3_2025_exportSheet1-1.csv
2025,3,week3,RB,Jaydon,Blue,DAL,DAL,2200,DAL@CHI,1,FG_week3_2025_exportSheet1-1.csv
2025,3,week3,WR,Jake,Bobo,SEA,SEA,2200,NO@SEA,1,FG_week3_2025_exportSheet1-1.csv
2025,3,week3,WR,Isaiah,Bond,CLE,CLE,2200,GB@CLE,1,FG_week3_2025_exportSheet1-1.csv
2025,3,week3,WR,Kendrick,Bourne,SF,SF,2200,ARI@SF,1,FG_week3_2025_exportSheet1-1.csv
2025,3,week3,RB,Jonathon,Brooks,CAR,CAR,2200,ATL@CAR,1,FG_week3_2025_exportSheet1-1.csv
2025,3,week3,RB,Tahj,Brooks,CIN,CIN,2200,CIN@MIN,1,FG_week3_2025_exportSheet1-1.csv
2025,3,week3,RB,British,Brooks,HOU,HOU,2200,HOU@JAC,1,FG_week3_2025_exportSheet1-1.csv
2025,3,week3,RB,Chris,Brooks,GB,GB,2200,GB@CLE,1,FG_week3_2025_exportSheet1-1.csv
2025,3,week3,WR,Jason,Brownlee,KC,KC,2200,KC@NYG,1,FG_week3_2025_exportSheet1-1.csv
2025,3,week3,TE,Harrison,Bryant,HOU,HOU,2200,HOU@JAC,1,FG_week3_2025_exportSheet1-1.csv
2025,3,week3,WR,Pat,Bryant,DEN,DEN,2200,DEN@LAC,1,FG_week3_2025_exportSheet1-1.csv
2025,3,week3,WR,Luther,Burden III,CHI,CHI,2200,DAL@CHI,1,FG_week3_2025_exportSheet1-1.csv
2025,3,week3,WR,Jermaine,Burton,CIN,CIN,2200,CIN@MIN,1,FG_week3_2025_exportSheet1-1.csv
2025,3,week3,TE,Grant,Calcaterra,PHI,PHI,2200,LA@PHI,1,FG_week3_2025_exportSheet1-1.csv
2025,3,week3,WR,Dalevon,Campbell,CAR,CAR,2200,ATL@CAR,1,FG_week3_2025_exportSheet1-1.csv
2025,3,week3,RB,Nathan,Carter,ATL,ATL,2200,ATL@CAR,1,FG_week3_2025_exportSheet1-1.csv
2025,3,week3,WR,DeAndre,Carter,CLE,CLE,2200,GB@CLE,1,FG_week3_2025_exportSheet1-1.csv
2025,3,week3,WR,Irvin,Charles,NYJ,NYJ,2200,NYJ@TB,1,FG_week3_2025_exportSheet1-1.csv
2025,3,week3,RB,Julius,Chestnut,TEN,TEN,2200,IND@TEN,1,FG_week3_2025_exportSheet1-1.csv
2025,3,week3,WR,Efton,Chism III,NE,NE,2200,PIT@NE,1,FG_week3_2025_exportSheet1-1.csv
2025,3,week3,WR,Beaux,Collins,NYG,NYG,2200,KC@NYG,1,FG_week3_2025_exportSheet1-1.csv
2025,3,week3,RB,Tanner,Conner,MIA,MIA,2200,MIA@BUF,1,FG_week3_2025_exportSheet1-1.csv
2025,3,week3,WR,Brandin,Cooks,NO,NO,2200,NO@SEA,1,FG_week3_2025_exportSheet1-1.csv
2025,3,week3,WR,Darius,Cooper,PHI,PHI,2200,LA@PHI,1,FG_week3_2025_exportSheet1-1.csv
2025,3,week3,RB,Blake,Corum,LAR,LA,2200,LA@PHI,1,FG_week3_2025_exportSheet1-1.csv
2025,3,week3,TE,Devin,Culp,TB,TB,2200,NYJ@TB,1,FG_week3_2025_exportSheet1-1.csv
2025,3,week3,RB,Ray,Davis,BUF,BUF,2200,MIA@BUF,1,FG_week3_2025_exportSheet1-1.csv
2025,3,week3,RB,Isaiah,Davis,NYJ,NYJ,2200,NYJ@TB,1,FG_week3_2025_exportSheet1-1.csv
2025,3,week3,WR,Derius,Davis,LAC,LAC,2200,DEN@LAC,1,FG_week3_2025_exportSheet1-1.csv
2025,3,week3,TE,Josiah,Deguara,ARI,ARI,2200,ARI@SF,1,FG_week3_2025_exportSheet1-1.csv
2025,3,week3,RB,Emari,Demercado,ARI,ARI,2200,ARI@SF,1,FG_week3_2025_exportSheet1-1.csv
2025,3,week3,WR,Chimere,Dike,TEN,TEN,2200,IND@TEN,1,FG_week3_2025_exportSheet1-1.csv
2025,3,week3,RB,A.J.,Dillon,PHI,PHI,2200,LA@PHI,1,FG_week3_2025_exportSheet1-1.csv
2025,3,week3,TE,Will,Dissly,LAC,LAC,2200,DEN@LAC,1,FG_week3_2025_exportSheet1-1.csv
2025,3,week3,WR,Greg,Dortch,ARI,ARI,2200,ARI@SF,1,FG_week3_2025_exportSheet1-1.csv
2025,3,week3,WR,Jahan,Dotson,PHI,PHI,2200,LA@PHI,1,FG_week3_2025_exportSheet1-1.csv
2025,3,week3,WR,Ashton,Dulin,IND,IND,2200,IND@TEN,1,FG_week3_2025_exportSheet1-1.csv
2025,3,week3,TE,Payne,Durham,TB,TB,2200,NYJ@TB,1,FG_week3_2025_exportSheet1-1.csv
2025,3,week3,WR,Devin,Duvernay,CHI,CHI,2200,DAL@CHI,1,FG_week3_2025_exportSheet1-1.csv
2025,3,week3,RB,Austin,Ekeler,WAS,WAS,2200,LV@WAS,1,FG_week3_2025_exportSheet1-1.csv
2025,3,week3,WR,Dee,Eskridge,MIA,MIA,2200,MIA@BUF,1,FG_week3_2025_exportSheet1-1.csv
2025,3,week3,RB,Trevor,Etienne,CAR,CAR,2200,ATL@CAR,1,FG_week3_2025_exportSheet1-1.csv
2025,3,week3,TE,Mitchell,Evans,CAR,CAR,2200,ATL@CAR,1,FG_week3_2025_exportSheet1-1.csv
2025,3,week3,TE,Luke,Farrell,SF,SF,2200,ARI@SF,1,FG_week3_2025_exportSheet1-1.csv
2025,3,week3,WR,Simi,Fehoko,ARI,ARI,2200,ARI@SF,1,FG_week3_2025_exportSheet1-1.csv
2025,3,week3,WR,Tai,Felton,MIN,MIN,2200,CIN@MIN,1,FG_week3_2025_exportSheet1-1.csv
2025,3,week3,TE,Terrance,Ferguson,LAR,LA,2200,LA@PHI,1,FG_week3_2025_exportSheet1-1.csv
2025,3,week3,TE,Thomas,Fidone II,NYG,NYG,2200,KC@NYG,1,FG_week3_2025_exportSheet1-1.csv
2025,3,week3,TE,Tucker,Fisk,LAC,LAC,2200,DEN@LAC,1,FG_week3_2025_exportSheet1-1.csv
2025,3,week3,TE,John,FitzPatrick,GB,GB,2200,GB@CLE,1,FG_week3_2025_exportSheet1-1.csv
2025,3,week3,WR,Ryan,Flournoy,DAL,DAL,2200,DAL@CHI,1,FG_week3_2025_exportSheet1-1.csv
2025,3,week3,TE,Feleipe,Franks,ATL,ATL,2200,ATL@CAR,1,FG_week3_2025_exportSheet1-1.csv
2025,3,week3,TE,Oronde,Gadsden,LAC,LAC,2200,DEN@LAC,1,FG_week3_2025_exportSheet1-1.csv
2025,3,week3,RB,Kenneth,Gainwell,PIT,PIT,2200,PIT@NE,1,FG_week3_2025_exportSheet1-1.csv
2025,3,week3,RB,Antonio,Gibson,NE,NE,2200,PIT@NE,1,FG_week3_2025_exportSheet1-1.csv
2025,3,week3,RB,DJ,Giddens,IND,IND,2200,IND@TEN,1,FG_week3_2025_exportSheet1-1.csv
2025,3,week3,RB,Reggie,Gilliam,BUF,BUF,2200,MIA@BUF,1,FG_week3_2025_exportSheet1-1.csv
2025,3,week3,WR,Xavier,Gipson,NYG,NYG,2200,KC@NYG,1,FG_week3_2025_exportSheet1-1.csv
2025,3,week3,RB,Tyler,Goodson,IND,IND,2200,IND@TEN,1,FG_week3_2025_exportSheet1-1.csv
2025,3,week3,RB,Ollie,Gordon II,MIA,MIA,2200,MIA@BUF,1,FG_week3_2025_exportSheet1-1.csv
2025,3,week3,WR,Anthony,Gould,IND,IND,2200,IND@TEN,1,FG_week3_2025_exportSheet1-1.csv
2025,3,week3,TE,Cam,Grandy,CIN,CIN,2200,CIN@MIN,1,FG_week3_2025_exportSheet1-1.csv
2025,3,week3,TE,Kylen,Granson,PHI,PHI,2200,LA@PHI,1,FG_week3_2025_exportSheet1-1.csv
2025,3,week3,RB,Eric,Gray,NYG,NYG,2200,KC@NYG,1,FG_week3_2025_exportSheet1-1.csv
2025,3,week3,TE,Noah,Gray,KC,KC,2200,KC@NYG,1,FG_week3_2025_exportSheet1-1.csv
2025,3,week3,RB,Isaac,Guerendo,SF,SF,2200,ARI@SF,1,FG_week3_2025_exportSheet1-1.csv
2025,3,week3,WR,Tre',Harris,LAC,LAC,2200,DEN@LAC,1,FG_week3_2025_exportSheet1-1.csv
2025,3,week3,RB,Hassan,Haskins,LAC,LAC,2200,DEN@LAC,1,FG_week3_2025_exportSheet1-1.csv
2025,3,week3,TE,Jackson,Hawes,BUF,BUF,2200,MIA@BUF,1,FG_week3_2025_exportSheet1-1.csv
2025,3,week3,WR,Malik,Heath,GB,GB,2200,GB@CLE,1,FG_week3_2025_exportSheet1-1.csv
2025,3,week3,TE,Gunnar,Helm,TEN,TEN,2200,IND@TEN,1,FG_week3_2025_exportSheet1-1.csv
2025,3,week3,TE,Connor,Heyward,PIT,PIT,2200,PIT@NE,1,FG_week3_2025_exportSheet1-1.csv
2025,3,week3,TE,Elijah,Higgins,ARI,ARI,2200,ARI@SF,1,FG_week3_2025_exportSheet1-1.csv
2025,3,week3,RB,Julian,Hill,MIA,MIA,2200,MIA@BUF,1,FG_week3_2025_exportSheet1-1.csv
2025,3,week3,TE,Taysom,Hill,NO,NO,2200,NO@SEA,1,FG_week3_2025_exportSheet1-1.csv
2025,3,week3,WR,KhaDarel,Hodge,ATL,ATL,2200,ATL@CAR,1,FG_week3_2025_exportSheet1-1.csv
2025,3,week3,RB,George,Holani,SEA,SEA,2200,NO@SEA,1,FG_week3_2025_exportSheet1-1.csv
2025,3,week3,WR,Mack,Hollins,NE,NE,2200,PIT@NE,1,FG_week3_2025_exportSheet1-1.csv
2025,3,week3,TE,Austin,Hooper,NE,NE,2200,PIT@NE,1,FG_week3_2025_exportSheet1-1.csv
2025,3,week3,WR,Jimmy,Horn Jr.,CAR,CAR,2200,ATL@CAR,1,FG_week3_2025_exportSheet1-1.csv
2025,3,week3,TE,Tanner,Hudson,CIN,CIN,2200,CIN@MIN,1,FG_week3_2025_exportSheet1-1.csv
2025,3,week3,RB,Jarquez,Hunter,LAR,LA,2200,LA@PHI,1,FG_week3_2025_exportSheet1-1.csv
2025,3,week3,WR,Xavier,Hutchinson,HOU,HOU,2200,HOU@JAC,1,FG_week3_2025_exportSheet1-1.csv
2025,3,week3,WR,Jalin,Hyatt,NYG,NYG,2200,KC@NYG,1,FG_week3_2025_exportSheet1-1.csv
2025,3,week3,RB,Alec,Ingold,MIA,MIA,2200,MIA@BUF,1,FG_week3_2025_exportSheet1-1.csv
2025,3,week3,RB,Jordan,James,SF,SF,2200,ARI@SF,1,FG_week3_2025_exportSheet1-1.csv
2025,3,week3,WR,Van,Jefferson,TEN,TEN,2200,IND@TEN,1,FG_week3_2025_exportSheet1-1.csv
2025,3,week3,RB,Ty,Johnson,BUF,BUF,2200,MIA@BUF,1,FG_week3_2025_exportSheet1-1.csv
2025,3,week3,RB,Kaleb,Johnson,PIT,PIT,2200,PIT@NE,1,FG_week3_2025_exportSheet1-1.csv
2025,3,week3,RB,Roschon,Johnson,CHI,CHI,2200,DAL@CHI,1,FG_week3_2025_exportSheet1-1.csv
2025,3,week3,WR,Kameron,Johnson,TB,TB,2200,NYJ@TB,1,FG_week3_2025_exportSheet1-1.csv
2025,3,week3,WR,Tez,Johnson,TB,TB,2200,NYJ@TB,1,FG_week3_2025_exportSheet1-1.csv
2025,3,week3,WR,Tyler,Johnson,NYJ,NYJ,2200,NYJ@TB,1,FG_week3_2025_exportSheet1-1.csv
2025,3,week3,WR,Charlie,Jones,CIN,CIN,2200,CIN@MIN,1,FG_week3_2025_exportSheet1-1.csv
2025,3,week3,WR,Zay,Jones,ARI,ARI,2200,ARI@SF,1,FG_week3_2025_exportSheet1-1.csv
2025,3,week3,RB,Velus,Jones Jr.,NO,NO,2200,NO@SEA,1,FG_week3_2025_exportSheet1-1.csv
2025,3,week3,RB,Kyle,Juszczyk,SF,SF,2200,ARI@SF,1,FG_week3_2025_exportSheet1-1.csv
2025,3,week3,TE,Nick,Kallerup,SEA,SEA,2200,NO@SEA,1,FG_week3_2025_exportSheet1-1.csv
2025,3,week3,TE,Ko,Kieft,TB,TB,2200,NYJ@TB,1,FG_week3_2025_exportSheet1-1.csv
2025,3,week3,TE,Cole,Kmet,CHI,CHI,2200,DAL@CHI,1,FG_week3_2025_exportSheet1-1.csv
2025,3,week3,RB,Bam,Knight,ARI,ARI,2200,ARI@SF,1,FG_week3_2025_exportSheet1-1.csv
2025,3,week3,TE,Dawson,Knox,BUF,BUF,2200,MIA@BUF,1,FG_week3_2025_exportSheet1-1.csv
2025,3,week3,TE,Charlie,Kolar,BAL,BAL,2200,DET@BAL,1,FG_week3_2025_exportSheet1-1.csv
2025,3,week3,TE,Lucas,Krull,DEN,DEN,2200,DEN@LAC,1,FG_week3_2025_exportSheet1-1.csv
2025,3,week3,WR,KeAndre,Lambert-Smith,LAC,LAC,2200,DEN@LAC,1,FG_week3_2025_exportSheet1-1.csv
2025,3,week3,WR,Jaylin,Lane,WAS,WAS,2200,LV@WAS,1,FG_week3_2025_exportSheet1-1.csv
2025,3,week3,TE,Cameron,Latu,PHI,PHI,2200,LA@PHI,1,FG_week3_2025_exportSheet1-1.csv
2025,3,week3,RB,Dylan,Laube,LV,LV,2200,LV@WAS,1,FG_week3_2025_exportSheet1-1.csv
2025,3,week3,WR,Allen,Lazard,NYJ,NYJ,2200,NYJ@TB,1,FG_week3_2025_exportSheet1-1.csv
2025,3,week3,WR,Tyler,Lockett,TEN,TEN,2200,IND@TEN,1,FG_week3_2025_exportSheet1-1.csv
2025,3,week3,TE,Hunter,Long,JAX,JAC,2200,HOU@JAC,1,FG_week3_2025_exportSheet1-1.csv
2025,3,week3,TE,Colston,Loveland,CHI,CHI,2200,DAL@CHI,1,FG_week3_2025_exportSheet1-1.csv
2025,3,week3,WR,Dominic,Lovett,DET,DET,2200,DET@BAL,1,FG_week3_2025_exportSheet1-1.csv
2025,3,week3,RB,Hunter,Luepke,DAL,DAL,2200,DAL@CHI,1,FG_week3_2025_exportSheet1-1.csv
2025,3,week3,TE,Will,Mallory,IND,IND,2200,IND@TEN,1,FG_week3_2025_exportSheet1-1.csv
2025,3,week3,TE,Chris,Manhertz,NYG,NYG,2200,KC@NYG,1,FG_week3_2025_exportSheet1-1.csv
2025,3,week3,RB,Woody,Marks,HOU,HOU,2200,HOU@JAC,1,FG_week3_2025_exportSheet1-1.csv
2025,3,week3,TE,David,Martin-Robinson,TEN,TEN,2200,IND@TEN,1,FG_week3_2025_exportSheet1-1.csv
2025,3,week3,TE,Moliki,Matavao,NO,NO,2200,NO@SEA,1,FG_week3_2025_exportSheet1-1.csv
2025,3,week3,RB,Scott,Matlock,LAC,LAC,2200,DEN@LAC,1,FG_week3_2025_exportSheet1-1.csv
2025,3,week3,TE,Michael,Mayer,LV,LV,2200,LV@WAS,1,FG_week3_2025_exportSheet1-1.csv
2025,3,week3,WR,Luke,McCaffrey,WAS,WAS,2200,LV@WAS,1,FG_week3_2025_exportSheet1-1.csv
2025,3,week3,RB,Jaleel,McLaughlin,DEN,DEN,2200,DEN@LAC,1,FG_week3_2025_exportSheet1-1.csv
2025,3,week3,RB,Jeremy,McNichols,WAS,WAS,2200,LV@WAS,1,FG_week3_2025_exportSheet1-1.csv
2025,3,week3,WR,John,Metchie III,PHI,PHI,2200,LA@PHI,1,FG_week3_2025_exportSheet1-1.csv
2025,3,week3,RB,Kendre,Miller,NO,NO,2200,NO@SEA,1,FG_week3_2025_exportSheet1-1.csv
2025,3,week3,WR,Scotty,Miller,PIT,PIT,2200,PIT@NE,1,FG_week3_2025_exportSheet1-1.csv
2025,3,week3,WR,Ryan,Miller,TB,TB,2200,NYJ@TB,1,FG_week3_2025_exportSheet1-1.csv
2025,3,week3,RB,Jordan,Mims,TEN,TEN,2200,IND@TEN,1,FG_week3_2025_exportSheet1-1.csv
2025,3,week3,RB,Elijah,Mitchell,KC,KC,2200,KC@NYG,1,FG_week3_2025_exportSheet1-1.csv
2025,3,week3,RB,Keaton,Mitchell,BAL,BAL,2200,DET@BAL,1,FG_week3_2025_exportSheet1-1.csv
2025,3,week3,TE,James,Mitchell,CAR,CAR,2200,ATL@CAR,1,FG_week3_2025_exportSheet1-1.csv
2025,3,week3,WR,Adonai,Mitchell,IND,IND,2200,IND@TEN,1,FG_week3_2025_exportSheet1-1.csv
2025,3,week3,WR,Zaire,Mitchell-Paden,BAL,BAL,2200,DET@BAL,1,FG_week3_2025_exportSheet1-1.csv
2025,3,week3,RB,Kyle,Monangai,CHI,CHI,2200,DAL@CHI,1,FG_week3_2025_exportSheet1-1.csv
2025,3,week3,WR,Elijah,Moore,BUF,BUF,2200,MIA@BUF,1,FG_week3_2025_exportSheet1-1.csv
2025,3,week3,WR,David,Moore,CAR,CAR,2200,ATL@CAR,1,FG_week3_2025_exportSheet1-1.csv
2025,3,week3,WR,Skyy,Moore,SF,SF,2200,ARI@SF,1,FG_week3_2025_exportSheet1-1.csv
2025,3,week3,TE,Foster,Moreau,NO,NO,2200,NO@SEA,1,FG_week3_2025_exportSheet1-1.csv
2025,3,week3,TE,Quintin,Morris,JAX,JAC,2200,HOU@JAC,1,FG_week3_2025_exportSheet1-1.csv
2025,3,week3,RB,Raheem,Mostert,LV,LV,2200,LV@WAS,1,FG_week3_2025_exportSheet1-1.csv
2025,3,week3,RB,Kalel,Mullings,TEN,TEN,2200,IND@TEN,1,FG_week3_2025_exportSheet1-1.csv
2025,3,week3,WR,Konata,Mumpfield,LAR,LA,2200,LA@PHI,1,FG_week3_2025_exportSheet1-1.csv
2025,3,week3,TE,Johnny,Mundt,JAX,JAC,2200,HOU@JAC,1,FG_week3_2025_exportSheet1-1.csv
2025,3,week3,TE,Luke,Musgrave,GB,GB,2200,GB@CLE,1,FG_week3_2025_exportSheet1-1.csv
2025,3,week3,RB,Devin,Neal,NO,NO,2200,NO@SEA,1,FG_week3_2025_exportSheet1-1.csv
2025,3,week3,WR,Jaylin,Noel,HOU,HOU,2200,HOU@JAC,1,FG_week3_2025_exportSheet1-1.csv
2025,3,week3,RB,Kene,Nwangwu,NYJ,NYJ,2200,NYJ@TB,1,FG_week3_2025_exportSheet1-1.csv
2025,3,week3,TE,Drew,Ogletree,IND,IND,2200,IND@TEN,1,FG_week3_2025_exportSheet1-1.csv
2025,3,week3,RB,Dare,Ogunbowale,HOU,HOU,2200,HOU@JAC,1,FG_week3_2025_exportSheet1-1.csv
2025,3,week3,TE,Josh,Oliver,MIN,MIN,2200,CIN@MIN,1,FG_week3_2025_exportSheet1-1.csv
2025,3,week3,WR,Bryce,Oliver,TEN,TEN,2200,IND@TEN,1,FG_week3_2025_exportSheet1-1.csv
2025,3,week3,WR,Gunner,Olszewski,NYG,NYG,2200,KC@NYG,1,FG_week3_2025_exportSheet1-1.csv
2025,3,week3,RB,Robbie,Ouzts,SEA,SEA,2200,NO@SEA,1,FG_week3_2025_exportSheet1-1.csv
2025,3,week3,WR,Trey,Palmer,NO,NO,2200,NO@SEA,1,FG_week3_2025_exportSheet1-1.csv
2025,3,week3,TE,Colby,Parkinson,LAR,LA,2200,LA@PHI,1,FG_week3_2025_exportSheet1-1.csv
2025,3,week3,WR,Tim,Patrick,JAX,JAC,2200,HOU@JAC,1,FG_week3_2025_exportSheet1-1.csv
2025,3,week3,RB,Samaje,Perine,CIN,CIN,2200,CIN@MIN,1,FG_week3_2025_exportSheet1-1.csv
2025,3,week3,RB,Dameon,Pierce,HOU,HOU,2200,HOU@JAC,1,FG_week3_2025_exportSheet1-1.csv
2025,3,week3,RB,Adam,Prentice,DEN,DEN,2200,DEN@LAC,1,FG_week3_2025_exportSheet1-1.csv
2025,3,week3,WR,Myles,Price,MIN,MIN,2200,CIN@MIN,1,FG_week3_2025_exportSheet1-1.csv
2025,3,week3,TE,Teagan,Quitoriano,ATL,ATL,2200,ATL@CAR,1,FG_week3_2025_exportSheet1-1.csv
2025,3,week3,WR,Kalif,Raymond,DET,DET,2200,DET@BAL,1,FG_week3_2025_exportSheet1-1.csv
2025,3,week3,WR,Jayden,Reed,GB,GB,2200,GB@CLE,1,FG_week3_2025_exportSheet1-1.csv
2025,3,week3,TE,Tip,Reiman,ARI,ARI,2200,ARI@SF,1,FG_week3_2025_exportSheet1-1.csv
2025,3,week3,WR,Nikko,Remigio,KC,KC,2200,KC@NYG,1,FG_week3_2025_exportSheet1-1.csv
2025,3,week3,RB,Craig,Reynolds,DET,DET,2200,DET@BAL,1,FG_week3_2025_exportSheet1-1.csv
2025,3,week3,WR,Josh,Reynolds,NYJ,NYJ,2200,NYJ@TB,1,FG_week3_2025_exportSheet1-1.csv
2025,3,week3,RB,Patrick,Ricard,BAL,BAL,2200,DET@BAL,1,FG_week3_2025_exportSheet1-1.csv
2025,3,week3,WR,Rashee,Rice,KC,KC,2200,KC@NYG,1,FG_week3_2025_exportSheet1-1.csv
2025,3,week3,WR,Demarcus,Robinson,SF,SF,2200,ARI@SF,1,FG_week3_2025_exportSheet1-1.csv
2025,3,week3,RB,Chris,Rodriguez Jr.,WAS,WAS,2200,LV@WAS,1,FG_week3_2025_exportSheet1-1.csv
2025,3,week3,WR,Jalen,Royals,KC,KC,2200,KC@NYG,1,FG_week3_2025_exportSheet1-1.csv
2025,3,week3,TE,Jeremy,Ruckert,NYJ,NYJ,2200,NYJ@TB,1,FG_week3_2025_exportSheet1-1.csv
2025,3,week3,RB,Brady,Russell,SEA,SEA,2200,NO@SEA,1,FG_week3_2025_exportSheet1-1.csv
2025,3,week3,TE,Drew,Sample,CIN,CIN,2200,CIN@MIN,1,FG_week3_2025_exportSheet1-1.csv
2025,3,week3,WR,Curtis,Samuel,BUF,BUF,2200,MIA@BUF,1,FG_week3_2025_exportSheet1-1.csv
2025,3,week3,RB,Raheim,Sanders,CLE,CLE,2200,GB@CLE,1,FG_week3_2025_exportSheet1-1.csv
2025,3,week3,TE,Ja'Tavion,Sanders,CAR,CAR,2200,ATL@CAR,1,FG_week3_2025_exportSheet1-1.csv
2025,3,week3,TE,Eric,Saubert,SEA,SEA,2200,NO@SEA,1,FG_week3_2025_exportSheet1-1.csv
2025,3,week3,RB,Jacob,Saylors,DET,DET,2200,DET@BAL,1,FG_week3_2025_exportSheet1-1.csv
2025,3,week3,TE,Luke,Schoonmaker,DAL,DAL,2200,DAL@CHI,1,FG_week3_2025_exportSheet1-1.csv
2025,3,week3,RB,Cody,Schrader,JAX,JAC,2200,HOU@JAC,1,FG_week3_2025_exportSheet1-1.csv
2025,3,week3,RB,Zavier,Scott,MIN,MIN,2200,CIN@MIN,1,FG_week3_2025_exportSheet1-1.csv
2025,3,week3,WR,Tyrell,Shavers,BUF,BUF,2200,MIA@BUF,1,FG_week3_2025_exportSheet1-1.csv
2025,3,week3,WR,Sterling,Shepard,TB,TB,2200,NYJ@TB,1,FG_week3_2025_exportSheet1-1.csv
2025,3,week3,WR,Trent,Sherfield Sr.,DEN,DEN,2200,DEN@LAC,1,FG_week3_2025_exportSheet1-1.csv
2025,3,week3,RB,Will,Shipley,PHI,PHI,2200,LA@PHI,1,FG_week3_2025_exportSheet1-1.csv
2025,3,week3,WR,Justin,Shorter,LV,LV,2200,LV@WAS,1,FG_week3_2025_exportSheet1-1.csv
2025,3,week3,WR,David,Sills V,ATL,ATL,2200,ATL@CAR,1,FG_week3_2025_exportSheet1-1.csv
2025,3,week3,TE,Ben,Sims,GB,GB,2200,GB@CLE,1,FG_week3_2025_exportSheet1-1.csv
2025,3,week3,RB,Devin,Singletary,NYG,NYG,2200,KC@NYG,1,FG_week3_2025_exportSheet1-1.csv
2025,3,week3,TE,Ben,Sinnott,WAS,WAS,2200,LV@WAS,1,FG_week3_2025_exportSheet1-1.csv
2025,3,week3,WR,Ben,Skowronek,PIT,PIT,2200,PIT@NE,1,FG_week3_2025_exportSheet1-1.csv
2025,3,week3,TE,Stone,Smartt,NYJ,NYJ,2200,NYJ@TB,1,FG_week3_2025_exportSheet1-1.csv
2025,3,week3,RB,Brashard,Smith,KC,KC,2200,KC@NYG,1,FG_week3_2025_exportSheet1-1.csv
2025,3,week3,WR,Arian,Smith,NYJ,NYJ,2200,NYJ@TB,1,FG_week3_2025_exportSheet1-1.csv
2025,3,week3,WR,Xavier,Smith,LAR,LA,2200,LA@PHI,1,FG_week3_2025_exportSheet1-1.csv
2025,3,week3,WR,JuJu,Smith-Schuster,KC,KC,2200,KC@NYG,1,FG_week3_2025_exportSheet1-1.csv
2025,3,week3,TE,Durham,Smythe,CHI,CHI,2200,DAL@CHI,1,FG_week3_2025_exportSheet1-1.csv
2025,3,week3,TE,Brevyn,Spann-Ford,DAL,DAL,2200,DAL@CHI,1,FG_week3_2025_exportSheet1-1.csv
2025,3,week3,TE,Jack,Stoll,NO,NO,2200,NO@SEA,1,FG_week3_2025_exportSheet1-1.csv
2025,3,week3,TE,Mason,Taylor,NYJ,NYJ,2200,NYJ@TB,1,FG_week3_2025_exportSheet1-1.csv
2025,3,week3,TE,Ian,Thomas,LV,LV,2200,LV@WAS,1,FG_week3_2025_exportSheet1-1.csv
2025,3,week3,WR,Tyquan,Thornton,KC,KC,2200,KC@NYG,1,FG_week3_2025_exportSheet1-1.csv
2025,3,week3,WR,Jamari,Thrash,CLE,CLE,2200,GB@CLE,1,FG_week3_2025_exportSheet1-1.csv
2025,3,week3,WR,Mitchell,Tinsley,CIN,CIN,2200,CIN@MIN,1,FG_week3_2025_exportSheet1-1.csv
2025,3,week3,WR,Mason,Tipton,NO,NO,2200,NO@SEA,1,FG_week3_2025_exportSheet1-1.csv
2025,3,week3,WR,Jalen,Tolbert,DAL,DAL,2200,DAL@CHI,1,FG_week3_2025_exportSheet1-1.csv
2025,3,week3,TE,Jake,Tonges,SF,SF,2200,ARI@SF,1,FG_week3_2025_exportSheet1-1.csv
2025,3,week3,TE,Robert,Tonyan,KC,KC,2200,KC@NYG,1,FG_week3_2025_exportSheet1-1.csv
2025,3,week3,TE,Adam,Trautman,DEN,DEN,2200,DEN@LAC,1,FG_week3_2025_exportSheet1-1.csv
2025,3,week3,WR,Brycen,Tremayne,CAR,CAR,2200,ATL@CAR,1,FG_week3_2025_exportSheet1-1.csv
2025,3,week3,TE,Tommy,Tremble,CAR,CAR,2200,ATL@CAR,1,FG_week3_2025_exportSheet1-1.csv
2025,3,week3,RB,Sean,Tucker,TB,TB,2200,NYJ@TB,1,FG_week3_2025_exportSheet1-1.csv
2025,3,week3,RB,Sione,Vaki,DET,DET,2200,DET@BAL,1,FG_week3_2025_exportSheet1-1.csv
2025,3,week3,WR,Marquez,Valdes-Scantling,SF,SF,2200,ARI@SF,1,FG_week3_2025_exportSheet1-1.csv
2025,3,week3,TE,Nick,Vannett,MIN,MIN,2200,CIN@MIN,1,FG_week3_2025_exportSheet1-1.csv
2025,3,week3,WR,Devaughn,Vele,NO,NO,2200,NO@SEA,1,FG_week3_2025_exportSheet1-1.csv
2025,3,week3,TE,Travis,Vokolek,ARI,ARI,2200,ARI@SF,1,FG_week3_2025_exportSheet1-1.csv
2025,3,week3,WR,Jahdae,Walker,CHI,CHI,2200,DAL@CHI,1,FG_week3_2025_exportSheet1-1.csv
2025,3,week3,WR,Devontez,Walker,BAL,BAL,2200,DET@BAL,1,FG_week3_2025_exportSheet1-1.csv
2025,3,week3,WR,Tylan,Wallace,BAL,BAL,2200,DET@BAL,1,FG_week3_2025_exportSheet1-1.csv
2025,3,week3,TE,Darnell,Washington,PIT,PIT,2200,PIT@NE,1,FG_week3_2025_exportSheet1-1.csv
2025,3,week3,WR,Malik,Washington,MIA,MIA,2200,MIA@BUF,1,FG_week3_2025_exportSheet1-1.csv
2025,3,week3,WR,Tahj,Washington,MIA,MIA,2200,MIA@BUF,1,FG_week3_2025_exportSheet1-1.csv
2025,3,week3,WR,Casey,Washington,ATL,ATL,2200,ATL@CAR,1,FG_week3_2025_exportSheet1-1.csv
2025,3,week3,WR,Jordan,Watkins,SF,SF,2200,ARI@SF,1,FG_week3_2025_exportSheet1-1.csv
2025,3,week3,WR,Justin,Watson,HOU,HOU,2200,HOU@JAC,1,FG_week3_2025_exportSheet1-1.csv
2025,3,week3,WR,Christian,Watson,GB,GB,2200,GB@CLE,1,FG_week3_2025_exportSheet1-1.csv
2025,3,week3,WR,Xavier,Weaver,ARI,ARI,2200,ARI@SF,1,FG_week3_2025_exportSheet1-1.csv
2025,3,week3,WR,LaJohntay,Wester,BAL,BAL,2200,DET@BAL,1,FG_week3_2025_exportSheet1-1.csv
2025,3,week3,RB,Jack,Westover,NE,NE,2200,PIT@NE,1,FG_week3_2025_exportSheet1-1.csv
2025,3,week3,RB,Zamir,White,LV,LV,2200,LV@WAS,1,FG_week3_2025_exportSheet1-1.csv
2025,3,week3,TE,Blake,Whiteheart,CLE,CLE,2200,GB@CLE,1,FG_week3_2025_exportSheet1-1.csv
2025,3,week3,WR,Jordan,Whittington,LAR,LA,2200,LA@PHI,1,FG_week3_2025_exportSheet1-1.csv
2025,3,week3,TE,Jared,Wiley,KC,KC,2200,KC@NYG,1,FG_week3_2025_exportSheet1-1.csv
2025,3,week3,RB,Josh,Williams,TB,TB,2200,NYJ@TB,1,FG_week3_2025_exportSheet1-1.csv
2025,3,week3,WR,Kyle,Williams,NE,NE,2200,PIT@NE,1,FG_week3_2025_exportSheet1-1.csv
2025,3,week3,WR,Isaiah,Williams,NYJ,NYJ,2200,NYJ@TB,1,FG_week3_2025_exportSheet1-1.csv
2025,3,week3,WR,Savion,Williams,GB,GB,2200,GB@CLE,1,FG_week3_2025_exportSheet1-1.csv
2025,3,week3,TE,Brayden,Willis,SF,SF,2200,ARI@SF,1,FG_week3_2025_exportSheet1-1.csv
2025,3,week3,RB,Emanuel,Wilson,GB,GB,2200,GB@CLE,1,FG_week3_2025_exportSheet1-1.csv
2025,3,week3,WR,Roman,Wilson,PIT,PIT,2200,PIT@NE,1,FG_week3_2025_exportSheet1-1.csv
2025,3,week3,RB,Jeff,Wilson Jr.,MIA,MIA,2200,MIA@BUF,1,FG_week3_2025_exportSheet1-1.csv
2025,3,week3,TE,Charlie,Woerner,ATL,ATL,2200,ATL@CAR,1,FG_week3_2025_exportSheet1-1.csv
2025,3,week3,TE,Jelani,Woods,NYJ,NYJ,2200,NYJ@TB,1,FG_week3_2025_exportSheet1-1.csv
2025,3,week3,RB,Jaylen,Wright,MIA,MIA,2200,MIA@BUF,1,FG_week3_2025_exportSheet1-1.csv
2025,3,week3,TE,Brock,Wright,DET,DET,2200,DET@BAL,1,FG_week3_2025_exportSheet1-1.csv
2025,3,week3,TE,Colson,Yankoff,WAS,WAS,2200,LV@WAS,1,FG_week3_2025_exportSheet1-1.csv
2025,3,week3,WR,Dareke,Young,SEA,SEA,2200,NO@SEA,1,FG_week3_2025_exportSheet1-1.csv
2025,3,week3,TE,Ben,Yurosek,MIN,MIN,2200,CIN@MIN,1,FG_week3_2025_exportSheet1-1.csv
2025,3,week3,WR,Olamide,Zaccheaus,CHI,CHI,2200,DAL@CHI,1,FG_week3_2025_exportSheet1-1.csv
2025,3,week3,TE,Shane,Zylstra,DET,DET,2200,DET@BAL,1,FG_week3_2025_exportSheet1-1.csv
2026,1,week1,RB,Jahmyr,Gibbs,DET,DET,8000,,1,site-data_2026-09-05.csv
2026,1,week1,RB,Bijan,Robinson,ATL,ATL,8000,,1,site-data_2026-09-05.csv
2026,1,week1,QB,Josh,Allen,BUF,BUF,7800,,1,site-data_2026-09-05.csv
2026,1,week1,WR,Ja'Marr,Chase,CIN,CIN,7800,,1,site-data_2026-09-05.csv
2026,1,week1,RB,Christian,McCaffrey,SF,SF,7800,,1,site-data_2026-09-05.csv
2026,1,week1,QB,Joe,Burrow,CIN,CIN,7600,,1,site-data_2026-09-05.csv
2026,1,week1,RB,Derrick,Henry,BAL,BAL,7600,,1,site-data_2026-09-05.csv
2026,1,week1,WR,Puka,Nacua,LAR,LAR,7600,,1,site-data_2026-09-05.csv
2026,1,week1,WR,Amon-Ra,St. Brown,DET,DET,7600,,1,site-data_2026-09-05.csv
2026,1,week1,RB,Chase,Brown,CIN,CIN,7400,,1,site-data_2026-09-05.csv
2026,1,week1,QB,Trevor,Lawrence,JAX,JAX,7400,,1,site-data_2026-09-05.csv
2026,1,week1,RB,Jonathan,Taylor,IND,IND,7400,,1,site-data_2026-09-05.csv
2026,1,week1,QB,Caleb,Williams,CHI,CHI,7400,,1,site-data_2026-09-05.csv
2026,1,week1,RB,De'Von,Achane,MIA,MIA,7200,,1,site-data_2026-09-05.csv
2026,1,week1,QB,Jalen,Hurts,PHI,PHI,7200,,1,site-data_2026-09-05.csv
2026,1,week1,QB,Lamar,Jackson,BAL,BAL,7200,,1,site-data_2026-09-05.csv
2026,1,week1,QB,Dak,Prescott,DAL,DAL,7200,,1,site-data_2026-09-05.csv
2026,1,week1,RB,Kyren,Williams,LAR,LAR,7200,,1,site-data_2026-09-05.csv
2026,1,week1,QB,Jaxson,Dart,NYG,NYG,7000,,1,site-data_2026-09-05.csv
2026,1,week1,QB,Jared,Goff,DET,DET,7000,,1,site-data_2026-09-05.csv
2026,1,week1,QB,Justin,Herbert,LAC,LAC,7000,,1,site-data_2026-09-05.csv
2026,1,week1,WR,Jaxon,Smith-Njigba,SEA,SEA,7000,,1,site-data_2026-09-05.csv
2026,1,week1,QB,Matthew,Stafford,LAR,LAR,7000,,1,site-data_2026-09-05.csv
2026,1,week1,RB,Saquon,Barkley,PHI,PHI,6800,,1,site-data_2026-09-05.csv
2026,1,week1,QB,Jordan,Love,GB,GB,6800,,1,site-data_2026-09-05.csv
2026,1,week1,QB,Drake,Maye,NE,NE,6800,,1,site-data_2026-09-05.csv
2026,1,week1,WR,Chris,Olave,NO,NO,6800,,1,site-data_2026-09-05.csv
2026,1,week1,WR,Zay,Flowers,BAL,BAL,6600,,1,site-data_2026-09-05.csv
2026,1,week1,WR,Tee,Higgins,CIN,CIN,6600,,1,site-data_2026-09-05.csv
2026,1,week1,RB,Ashton,Jeanty,LV,LV,6600,,1,site-data_2026-09-05.csv
2026,1,week1,QB,Baker,Mayfield,TB,TB,6600,,1,site-data_2026-09-05.csv
2026,1,week1,QB,Jayden,Daniels,WAS,WSH,6400,,1,site-data_2026-09-05.csv
2026,1,week1,WR,Drake,London,ATL,ATL,6400,,1,site-data_2026-09-05.csv
2026,1,week1,QB,Jacoby,Brissett,ARI,ARI,6200,,1,site-data_2026-09-05.csv
2026,1,week1,RB,James,Cook III,BUF,BUF,6200,,1,site-data_2026-09-05.csv
2026,1,week1,RB,Cam,Skattebo,NYG,NYG,6200,,1,site-data_2026-09-05.csv
2026,1,week1,RB,Travis,Etienne Jr.,NO,NO,6000,,1,site-data_2026-09-05.csv
2026,1,week1,QB,Daniel,Jones,IND,IND,6000,,1,site-data_2026-09-05.csv
2026,1,week1,QB,Kyler,Murray,MIN,MIN,6000,,1,site-data_2026-09-05.csv
2026,1,week1,QB,Tyler,Shough,NO,NO,6000,,1,site-data_2026-09-05.csv
2026,1,week1,QB,Sam,Darnold,SEA,SEA,5800,,1,site-data_2026-09-05.csv
2026,1,week1,RB,Omarion,Hampton,LAC,LAC,5800,,1,site-data_2026-09-05.csv
2026,1,week1,WR,CeeDee,Lamb,DAL,DAL,5800,,1,site-data_2026-09-05.csv
2026,1,week1,QB,C.J.,Stroud,HOU,HOU,5800,,1,site-data_2026-09-05.csv
2026,1,week1,RB,Javonte,Williams,DAL,DAL,5800,,1,site-data_2026-09-05.csv
2026,1,week1,WR,Justin,Jefferson,MIN,MIN,5600,,1,site-data_2026-09-05.csv
2026,1,week1,TE,Trey,McBride,ARI,ARI,5600,,1,site-data_2026-09-05.csv
2026,1,week1,RB,D'Andre,Swift,CHI,CHI,5600,,1,site-data_2026-09-05.csv
2026,1,week1,QB,Cam,Ward,TEN,TEN,5600,,1,site-data_2026-09-05.csv
2026,1,week1,WR,Davante,Adams,LAR,LAR,5400,,1,site-data_2026-09-05.csv
2026,1,week1,WR,Nico,Collins,HOU,HOU,5400,,1,site-data_2026-09-05.csv
2026,1,week1,RB,Breece,Hall,NYJ,NYJ,5400,,1,site-data_2026-09-05.csv
2026,1,week1,WR,George,Pickens,DAL,DAL,5400,,1,site-data_2026-09-05.csv
2026,1,week1,QB,Brock,Purdy,SF,SF,5400,,1,site-data_2026-09-05.csv
2026,1,week1,QB,Aaron,Rodgers,PIT,PIT,5400,,1,site-data_2026-09-05.csv
2026,1,week1,WR,DeVonta,Smith,PHI,PHI,5400,,1,site-data_2026-09-05.csv
2026,1,week1,RB,Jaylen,Warren,PIT,PIT,5400,,1,site-data_2026-09-05.csv
2026,1,week1,WR,Parker,Washington,JAX,JAX,5400,,1,site-data_2026-09-05.csv
2026,1,week1,WR,Jameson,Williams,DET,DET,5400,,1,site-data_2026-09-05.csv
2026,1,week1,WR,Michael,Wilson,ARI,ARI,5400,,1,site-data_2026-09-05.csv
2026,1,week1,QB,Bryce,Young,CAR,CAR,5400,,1,site-data_2026-09-05.csv
2026,1,week1,TE,Brock,Bowers,LV,LV,5200,,1,site-data_2026-09-05.csv
2026,1,week1,WR,A.J.,Brown,NE,NE,5200,,1,site-data_2026-09-05.csv
2026,1,week1,RB,Josh,Jacobs,GB,GB,5200,,1,site-data_2026-09-05.csv
2026,1,week1,WR,Malik,Nabers,NYG,NYG,5200,,1,site-data_2026-09-05.csv
2026,1,week1,RB,Rhamondre,Stevenson,NE,NE,5200,,1,site-data_2026-09-05.csv
2026,1,week1,RB,Bucky,Irving,TB,TB,5000,,1,site-data_2026-09-05.csv
2026,1,week1,RB,Jeremiyah,Love,ARI,ARI,5000,,1,site-data_2026-09-05.csv
2026,1,week1,WR,Tetairoa,McMillan,CAR,CAR,5000,,1,site-data_2026-09-05.csv
2026,1,week1,WR,Garrett,Wilson,NYJ,NYJ,5000,,1,site-data_2026-09-05.csv
2026,1,week1,RB,Quinshon,Judkins,CLE,CLE,4800,,1,site-data_2026-09-05.csv
2026,1,week1,WR,Ladd,McConkey,LAC,LAC,4800,,1,site-data_2026-09-05.csv
2026,1,week1,WR,Alec,Pierce,IND,IND,4800,,1,site-data_2026-09-05.csv
2026,1,week1,QB,Malik,Willis,MIA,MIA,4800,,1,site-data_2026-09-05.csv
2026,1,week1,WR,Mike,Evans,SF,SF,4600,,1,site-data_2026-09-05.csv
2026,1,week1,RB,Kenny,Gainwell,TB,TB,4600,,1,site-data_2026-09-05.csv
2026,1,week1,TE,Tucker,Kraft,GB,GB,4600,,1,site-data_2026-09-05.csv
2026,1,week1,WR,Terry,McLaurin,WAS,WSH,4600,,1,site-data_2026-09-05.csv
2026,1,week1,WR,DK,Metcalf,PIT,PIT,4600,,1,site-data_2026-09-05.csv
2026,1,week1,WR,DJ,Moore,BUF,BUF,4600,,1,site-data_2026-09-05.csv
2026,1,week1,QB,Geno,Smith,NYJ,NYJ,4600,,1,site-data_2026-09-05.csv
2026,1,week1,WR,Luther,Burden III,CHI,CHI,4400,,1,site-data_2026-09-05.csv
2026,1,week1,WR,Chris,Godwin Jr.,TB,TB,4400,,1,site-data_2026-09-05.csv
2026,1,week1,QB,Mac,Jones,SF,SF,4400,,1,site-data_2026-09-05.csv
2026,1,week1,TE,Colston,Loveland,CHI,CHI,4400,,1,site-data_2026-09-05.csv
2026,1,week1,QB,Michael,Penix Jr.,ATL,ATL,4400,,1,site-data_2026-09-05.csv
2026,1,week1,RB,Tony,Pollard,TEN,TEN,4400,,1,site-data_2026-09-05.csv
2026,1,week1,RB,Jadarian,Price,SEA,SEA,4400,,1,site-data_2026-09-05.csv
2026,1,week1,WR,Carnell,Tate,TEN,TEN,4400,,1,site-data_2026-09-05.csv
2026,1,week1,RB,Tyrone,Tracy Jr.,NYG,NYG,4400,,1,site-data_2026-09-05.csv
2026,1,week1,WR,Christian,Watson,GB,GB,4400,,1,site-data_2026-09-05.csv
2026,1,week1,RB,Rico,Dowdle,PIT,PIT,4200,,1,site-data_2026-09-05.csv
2026,1,week1,TE,George,Kittle,SF,SF,4200,,1,site-data_2026-09-05.csv
2026,1,week1,TE,Sam,LaPorta,DET,DET,4200,,1,site-data_2026-09-05.csv
2026,1,week1,TE,Kyle,Pitts Sr.,ATL,ATL,4200,,1,site-data_2026-09-05.csv
2026,1,week1,WR,Wan'Dale,Robinson,TEN,TEN,4200,,1,site-data_2026-09-05.csv
2026,1,week1,QB,Tua,Tagovailoa,ATL,ATL,4200,,1,site-data_2026-09-05.csv
2026,1,week1,QB,Joey,Aguilar,JAX,JAX,4000,,1,site-data_2026-09-05.csv
2026,1,week1,QB,Drew,Allar,PIT,PIT,4000,,1,site-data_2026-09-05.csv
2026,1,week1,QB,Kyle,Allen,BUF,BUF,4000,,1,site-data_2026-09-05.csv
2026,1,week1,QB,Brandon,Allen,NYG,NYG,4000,,1,site-data_2026-09-05.csv
2026,1,week1,QB,Luke,Altmyer,DET,DET,4000,,1,site-data_2026-09-05.csv
2026,1,week1,QB,Tyson,Bagent,CHI,CHI,4000,,1,site-data_2026-09-05.csv
2026,1,week1,QB,Connor,Bazelak,TB,TB,4000,,1,site-data_2026-09-05.csv
2026,1,week1,QB,Carson,Beck,ARI,ARI,4000,,1,site-data_2026-09-05.csv
2026,1,week1,QB,Stetson,Bennett IV,LAR,LAR,4000,,1,site-data_2026-09-05.csv
2026,1,week1,QB,Carter,Bradley,JAX,JAX,4000,,1,site-data_2026-09-05.csv
2026,1,week1,QB,Max,Brosmer,MIN,MIN,4000,,1,site-data_2026-09-05.csv
2026,1,week1,QB,Jake,Browning,TB,TB,4000,,1,site-data_2026-09-05.csv
2026,1,week1,QB,Shane,Buechele,BUF,BUF,4000,,1,site-data_2026-09-05.csv
2026,1,week1,QB,Matthew,Caldwell,LAR,LAR,4000,,1,site-data_2026-09-05.csv
2026,1,week1,QB,Jacob,Clark,LV,LV,4000,,1,site-data_2026-09-05.csv
2026,1,week1,QB,Sean,Clifford,CIN,CIN,4000,,1,site-data_2026-09-05.csv
2026,1,week1,WR,Jalen,Coker,CAR,CAR,4000,,1,site-data_2026-09-05.csv
2026,1,week1,QB,Brady,Cook,MIA,MIA,4000,,1,site-data_2026-09-05.csv
2026,1,week1,QB,Kirk,Cousins,LV,LV,4000,,1,site-data_2026-09-05.csv
2026,1,week1,RB,Jacory,Croskey-Merritt,WAS,WSH,4000,,1,site-data_2026-09-05.csv
2026,1,week1,QB,Andy,Dalton,PHI,PHI,4000,,1,site-data_2026-09-05.csv
2026,1,week1,QB,Jalon,Daniels,TB,TB,4000,,1,site-data_2026-09-05.csv
2026,1,week1,QB,Tommy,DeVito,NE,NE,4000,,1,site-data_2026-09-05.csv
2026,1,week1,QB,Hunter,Dekkers,NO,NO,4000,,1,site-data_2026-09-05.csv
2026,1,week1,QB,Joshua,Dobbs,DET,DET,4000,,1,site-data_2026-09-05.csv
2026,1,week1,WR,Romeo,Doubs,NE,NE,4000,,1,site-data_2026-09-05.csv
2026,1,week1,WR,Josh,Downs,IND,IND,4000,,1,site-data_2026-09-05.csv
2026,1,week1,WR,Emeka,Egbuka,TB,TB,4000,,1,site-data_2026-09-05.csv
2026,1,week1,QB,Quinn,Ewers,JAX,JAX,4000,,1,site-data_2026-09-05.csv
2026,1,week1,QB,Joe,Fagnano,BAL,BAL,4000,,1,site-data_2026-09-05.csv
2026,1,week1,TE,Harold,Fannin Jr.,CLE,CLE,4000,,1,site-data_2026-09-05.csv
2026,1,week1,QB,Joe,Flacco,CIN,CIN,4000,,1,site-data_2026-09-05.csv
2026,1,week1,QB,Dillon,Gabriel,CLE,CLE,4000,,1,site-data_2026-09-05.csv
2026,1,week1,QB,Taylen,Green,CLE,CLE,4000,,1,site-data_2026-09-05.csv
2026,1,week1,QB,Mark,Gronowski,MIA,MIA,4000,,1,site-data_2026-09-05.csv
2026,1,week1,QB,Jake,Haener,NYG,NYG,4000,,1,site-data_2026-09-05.csv
2026,1,week1,QB,Sam,Hartman,WAS,WSH,4000,,1,site-data_2026-09-05.csv
2026,1,week1,QB,Hendon,Hooker,TEN,TEN,4000,,1,site-data_2026-09-05.csv
2026,1,week1,QB,Will,Howard,PIT,PIT,4000,,1,site-data_2026-09-05.csv
2026,1,week1,QB,Sam,Howell,DAL,DAL,4000,,1,site-data_2026-09-05.csv
2026,1,week1,QB,Tyler,Huntley,BAL,BAL,4000,,1,site-data_2026-09-05.csv
2026,1,week1,QB,Josh,Johnson,CIN,CIN,4000,,1,site-data_2026-09-05.csv
2026,1,week1,WR,Quentin,Johnston,LAC,LAC,4000,,1,site-data_2026-09-05.csv
2026,1,week1,RB,Aaron,Jones Sr.,MIN,MIN,4000,,1,site-data_2026-09-05.csv
2026,1,week1,QB,Athan,Kaliakmanis,WAS,WSH,4000,,1,site-data_2026-09-05.csv
2026,1,week1,QB,Case,Keenum,CHI,CHI,4000,,1,site-data_2026-09-05.csv
2026,1,week1,QB,Haynes,King,CAR,CAR,4000,,1,site-data_2026-09-05.csv
2026,1,week1,QB,Cade,Klubnik,NYJ,NYJ,4000,,1,site-data_2026-09-05.csv
2026,1,week1,QB,Trey,Lance,LAC,LAC,4000,,1,site-data_2026-09-05.csv
2026,1,week1,QB,Riley,Leonard,IND,IND,4000,,1,site-data_2026-09-05.csv
2026,1,week1,QB,Will,Levis,TEN,TEN,4000,,1,site-data_2026-09-05.csv
2026,1,week1,QB,Drew,Lock,SEA,SEA,4000,,1,site-data_2026-09-05.csv
2026,1,week1,QB,Marcus,Mariota,WAS,WSH,4000,,1,site-data_2026-09-05.csv
2026,1,week1,QB,Adrian,Martinez,SF,SF,4000,,1,site-data_2026-09-05.csv
2026,1,week1,QB,J.J.,McCarthy,MIN,MIN,4000,,1,site-data_2026-09-05.csv
2026,1,week1,QB,Kyle,McCord,MIA,MIA,4000,,1,site-data_2026-09-05.csv
2026,1,week1,QB,Tanner,McKee,PHI,PHI,4000,,1,site-data_2026-09-05.csv
2026,1,week1,QB,Fernando,Mendoza,LV,LV,4000,,1,site-data_2026-09-05.csv
2026,1,week1,QB,Cam,Miller,MIA,MIA,4000,,1,site-data_2026-09-05.csv
2026,1,week1,QB,Davis,Mills,HOU,HOU,4000,,1,site-data_2026-09-05.csv
2026,1,week1,QB,Jalen,Milroe,SEA,SEA,4000,,1,site-data_2026-09-05.csv
2026,1,week1,QB,Joe,Milton III,DAL,DAL,4000,,1,site-data_2026-09-05.csv
2026,1,week1,QB,Gardner,Minshew II,ARI,ARI,4000,,1,site-data_2026-09-05.csv
2026,1,week1,RB,David,Montgomery,HOU,HOU,4000,,1,site-data_2026-09-05.csv
2026,1,week1,QB,Behren,Morton,NE,NE,4000,,1,site-data_2026-09-05.csv
2026,1,week1,QB,Miller,Moss,CHI,CHI,4000,,1,site-data_2026-09-05.csv
2026,1,week1,QB,Nick,Mullens,JAX,JAX,4000,,1,site-data_2026-09-05.csv
2026,1,week1,QB,Aidan,O'Connell,LV,LV,4000,,1,site-data_2026-09-05.csv
2026,1,week1,QB,Cole,Payton,PHI,PHI,4000,,1,site-data_2026-09-05.csv
2026,1,week1,QB,Kenny,Pickett,CAR,CAR,4000,,1,site-data_2026-09-05.csv
2026,1,week1,QB,Spencer,Rattler,NO,NO,4000,,1,site-data_2026-09-05.csv
2026,1,week1,WR,Jayden,Reed,GB,GB,4000,,1,site-data_2026-09-05.csv
2026,1,week1,QB,Austin,Reed,BAL,BAL,4000,,1,site-data_2026-09-05.csv
2026,1,week1,QB,Anthony,Richardson Sr.,IND,IND,4000,,1,site-data_2026-09-05.csv
2026,1,week1,QB,Kurtis,Rourke,SF,SF,4000,,1,site-data_2026-09-05.csv
2026,1,week1,QB,Mason,Rudolph,PIT,PIT,4000,,1,site-data_2026-09-05.csv
2026,1,week1,QB,Cooper,Rush,ATL,ATL,4000,,1,site-data_2026-09-05.csv
2026,1,week1,QB,Brett,Rypien,HOU,HOU,4000,,1,site-data_2026-09-05.csv
2026,1,week1,QB,Shedeur,Sanders,CLE,CLE,4000,,1,site-data_2026-09-05.csv
2026,1,week1,QB,Ty,Simpson,LAR,LAR,4000,,1,site-data_2026-09-05.csv
2026,1,week1,QB,Kedon,Slovis,GB,GB,4000,,1,site-data_2026-09-05.csv
2026,1,week1,QB,Easton,Stick,TB,TB,4000,,1,site-data_2026-09-05.csv
2026,1,week1,QB,Jack,Strand,ATL,ATL,4000,,1,site-data_2026-09-05.csv
2026,1,week1,QB,Tyrod,Taylor,GB,GB,4000,,1,site-data_2026-09-05.csv
2026,1,week1,QB,Kyle,Trask,CAR,CAR,4000,,1,site-data_2026-09-05.csv
2026,1,week1,QB,Mitchell,Trubisky,TEN,TEN,4000,,1,site-data_2026-09-05.csv
2026,1,week1,QB,DJ,Uiagalelei,LAC,LAC,4000,,1,site-data_2026-09-05.csv
2026,1,week1,QB,Deshaun,Watson,CLE,CLE,4000,,1,site-data_2026-09-05.csv
2026,1,week1,QB,Carson,Wentz,MIN,MIN,4000,,1,site-data_2026-09-05.csv
2026,1,week1,QB,Zach,Wilson,NO,NO,4000,,1,site-data_2026-09-05.csv
2026,1,week1,QB,Jameis,Winston,NYG,NYG,4000,,1,site-data_2026-09-05.csv
2026,1,week1,QB,Bailey,Zappe,NYJ,NYJ,4000,,1,site-data_2026-09-05.csv
2026,1,week1,RB,Zach,Charbonnet,SEA,SEA,3800,,1,site-data_2026-09-05.csv
2026,1,week1,TE,Dallas,Goedert,PHI,PHI,3800,,1,site-data_2026-09-05.csv
2026,1,week1,WR,Marvin,Harrison Jr.,ARI,ARI,3800,,1,site-data_2026-09-05.csv
2026,1,week1,WR,Rome,Odunze,CHI,CHI,3800,,1,site-data_2026-09-05.csv
2026,1,week1,WR,Khalil,Shakir,BUF,BUF,3800,,1,site-data_2026-09-05.csv
2026,1,week1,WR,Brian,Thomas Jr.,JAX,JAX,3800,,1,site-data_2026-09-05.csv
2026,1,week1,RB,Bhayshul,Tuten,JAX,JAX,3800,,1,site-data_2026-09-05.csv
2026,1,week1,WR,Stefon,Diggs,WAS,WSH,3600,,1,site-data_2026-09-05.csv
2026,1,week1,RB,Chuba,Hubbard,CAR,CAR,3600,,1,site-data_2026-09-05.csv
2026,1,week1,WR,Jauan,Jennings,MIN,MIN,3600,,1,site-data_2026-09-05.csv
2026,1,week1,RB,Woody,Marks,HOU,HOU,3600,,1,site-data_2026-09-05.csv
2026,1,week1,RB,Kyle,Monangai,CHI,CHI,3600,,1,site-data_2026-09-05.csv
2026,1,week1,WR,Deebo,Samuel Sr.,SF,SF,3600,,1,site-data_2026-09-05.csv
2026,1,week1,WR,Jordan,Addison,MIN,MIN,3400,,1,site-data_2026-09-05.csv
2026,1,week1,RB,Blake,Corum,LAR,LAR,3400,,1,site-data_2026-09-05.csv
2026,1,week1,RB,TreVeyon,Henderson,NE,NE,3400,,1,site-data_2026-09-05.csv
2026,1,week1,TE,Juwan,Johnson,NO,NO,3400,,1,site-data_2026-09-05.csv
2026,1,week1,WR,Cooper,Kupp,SEA,SEA,3400,,1,site-data_2026-09-05.csv
2026,1,week1,WR,Jakobi,Meyers,JAX,JAX,3400,,1,site-data_2026-09-05.csv
2026,1,week1,WR,Michael,Pittman Jr.,PIT,PIT,3400,,1,site-data_2026-09-05.csv
2026,1,week1,RB,Chris,Rodriguez Jr.,JAX,JAX,3400,,1,site-data_2026-09-05.csv
2026,1,week1,RB,Tyjae,Spears,TEN,TEN,3400,,1,site-data_2026-09-05.csv
2026,1,week1,TE,Tyler,Warren,IND,IND,3400,,1,site-data_2026-09-05.csv
2026,1,week1,WR,KC,Concepcion,CLE,CLE,3200,,1,site-data_2026-09-05.csv
2026,1,week1,TE,Dalton,Kincaid,BUF,BUF,3200,,1,site-data_2026-09-05.csv
2026,1,week1,WR,Makai,Lemon,PHI,PHI,3200,,1,site-data_2026-09-05.csv
2026,1,week1,TE,Isaiah,Likely,NYG,NYG,3200,,1,site-data_2026-09-05.csv
2026,1,week1,RB,Phil,Mafah,DAL,DAL,3200,,1,site-data_2026-09-05.csv
2026,1,week1,RB,Jordan,Mason,MIN,MIN,3200,,1,site-data_2026-09-05.csv
2026,1,week1,WR,Ryan,Flournoy,DAL,DAL,3000,,1,site-data_2026-09-05.csv
2026,1,week1,TE,Hunter,Henry,NE,NE,3000,,1,site-data_2026-09-05.csv
2026,1,week1,TE,Colby,Parkinson,LAR,LAR,3000,,1,site-data_2026-09-05.csv
2026,1,week1,TE,Brenton,Strange,JAX,JAX,3000,,1,site-data_2026-09-05.csv
2026,1,week1,WR,Devaughn,Vele,NO,NO,3000,,1,site-data_2026-09-05.csv
2026,1,week1,RB,Rachaad,White,WAS,WSH,3000,,1,site-data_2026-09-05.csv
2026,1,week1,WR,Keenan,Allen,IND,IND,2800,,1,site-data_2026-09-05.csv
2026,1,week1,TE,Mark,Andrews,BAL,BAL,2800,,1,site-data_2026-09-05.csv
2026,1,week1,WR,Tank,Dell,HOU,HOU,2800,,1,site-data_2026-09-05.csv
2026,1,week1,TE,Jake,Ferguson,DAL,DAL,2800,,1,site-data_2026-09-05.csv
2026,1,week1,WR,Matthew,Golden,GB,GB,2800,,1,site-data_2026-09-05.csv
2026,1,week1,WR,Travis,Hunter,JAX,JAX,2800,,1,site-data_2026-09-05.csv
2026,1,week1,WR,Jalen,McMillan,TB,TB,2800,,1,site-data_2026-09-05.csv
2026,1,week1,WR,Jalen,Nailor,LV,LV,2800,,1,site-data_2026-09-05.csv
2026,1,week1,TE,Dalton,Schultz,HOU,HOU,2800,,1,site-data_2026-09-05.csv
2026,1,week1,WR,Rashid,Shaheed,SEA,SEA,2800,,1,site-data_2026-09-05.csv
2026,1,week1,TE,Jake,Tonges,SF,SF,2800,,1,site-data_2026-09-05.csv
2026,1,week1,WR,Tre,Tucker,LV,LV,2800,,1,site-data_2026-09-05.csv
2026,1,week1,WR,Malik,Washington,MIA,MIA,2800,,1,site-data_2026-09-05.csv
2026,1,week1,WR,Dontayvion,Wicks,PHI,PHI,2800,,1,site-data_2026-09-05.csv
2026,1,week1,RB,Tank,Bigsby,PHI,PHI,2600,,1,site-data_2026-09-05.csv
2026,1,week1,WR,Denzel,Boston,CLE,CLE,2600,,1,site-data_2026-09-05.csv
2026,1,week1,WR,Kayshon,Boutte,HOU,HOU,2600,,1,site-data_2026-09-05.csv
2026,1,week1,RB,Jonathon,Brooks,CAR,CAR,2600,,1,site-data_2026-09-05.csv
2026,1,week1,TE,Greg,Dulcich,MIA,MIA,2600,,1,site-data_2026-09-05.csv
2026,1,week1,TE,T.J.,Hockenson,MIN,MIN,2600,,1,site-data_2026-09-05.csv
2026,1,week1,RB,George,Holani,SEA,SEA,2600,,1,site-data_2026-09-05.csv
2026,1,week1,WR,Mack,Hollins,NE,NE,2600,,1,site-data_2026-09-05.csv
2026,1,week1,RB,Ty,Johnson,BUF,BUF,2600,,1,site-data_2026-09-05.csv
2026,1,week1,WR,Adonai,Mitchell,NYJ,NYJ,2600,,1,site-data_2026-09-05.csv
2026,1,week1,TE,Chig,Okonkwo,WAS,WSH,2600,,1,site-data_2026-09-05.csv
2026,1,week1,TE,Cade,Otton,TB,TB,2600,,1,site-data_2026-09-05.csv
2026,1,week1,RB,Samaje,Perine,CIN,CIN,2600,,1,site-data_2026-09-05.csv
2026,1,week1,WR,Calvin,Ridley,TEN,TEN,2600,,1,site-data_2026-09-05.csv
2026,1,week1,WR,De'Zhaun,Stribling,SF,SF,2600,,1,site-data_2026-09-05.csv
2026,1,week1,TE,Darren,Waller,CAR,CAR,2600,,1,site-data_2026-09-05.csv
2026,1,week1,RB,Tyler,Allgeier,ARI,ARI,2400,,1,site-data_2026-09-05.csv
2026,1,week1,TE,AJ,Barner,SEA,SEA,2400,,1,site-data_2026-09-05.csv
2026,1,week1,WR,Chimere,Dike,TEN,TEN,2400,,1,site-data_2026-09-05.csv
2026,1,week1,WR,Caleb,Douglas,MIA,MIA,2400,,1,site-data_2026-09-05.csv
2026,1,week1,TE,Pat,Freiermuth,PIT,PIT,2400,,1,site-data_2026-09-05.csv
2026,1,week1,WR,Jerry,Jeudy,CLE,CLE,2400,,1,site-data_2026-09-05.csv
2026,1,week1,RB,Alvin,Kamara,NO,NO,2400,,1,site-data_2026-09-05.csv
2026,1,week1,RB,Keaton,Mitchell,LAC,LAC,2400,,1,site-data_2026-09-05.csv
2026,1,week1,RB,Isiah,Pacheco,DET,DET,2400,,1,site-data_2026-09-05.csv
2026,1,week1,RB,Devin,Singletary,NYG,NYG,2400,,1,site-data_2026-09-05.csv
2026,1,week1,WR,Darius,Slayton,NYG,NYG,2400,,1,site-data_2026-09-05.csv
2026,1,week1,RB,Mike,Washington Jr.,LV,LV,2400,,1,site-data_2026-09-05.csv
2026,1,week1,WR,Elic,Ayomanor,TEN,TEN,2200,,1,site-data_2026-09-05.csv
2026,1,week1,RB,Jaydon,Blue,PHI,PHI,2200,,1,site-data_2026-09-05.csv
2026,1,week1,RB,James,Conner,ARI,ARI,2200,,1,site-data_2026-09-05.csv
2026,1,week1,RB,Ray,Davis,BUF,BUF,2200,,1,site-data_2026-09-05.csv
2026,1,week1,WR,Greg,Dortch,BUF,BUF,2200,,1,site-data_2026-09-05.csv
2026,1,week1,RB,Audric,Estime,NO,NO,2200,,1,site-data_2026-09-05.csv
2026,1,week1,WR,Tre',Harris,LAC,LAC,2200,,1,site-data_2026-09-05.csv
2026,1,week1,TE,Tyler,Higbee,LAR,LAR,2200,,1,site-data_2026-09-05.csv
2026,1,week1,WR,Tory,Horton,SEA,SEA,2200,,1,site-data_2026-09-05.csv
2026,1,week1,WR,Darnell,Mooney,NYG,NYG,2200,,1,site-data_2026-09-05.csv
2026,1,week1,RB,Dylan,Sampson,CLE,CLE,2200,,1,site-data_2026-09-05.csv
2026,1,week1,WR,Isaac,TeSlaa,DET,DET,2200,,1,site-data_2026-09-05.csv
2026,1,week1,WR,KaVontae,Turpin,DAL,DAL,2200,,1,site-data_2026-09-05.csv
2026,1,week1,RB,Kimani,Vidal,LAC,LAC,2200,,1,site-data_2026-09-05.csv
2026,1,week1,RB,Zamir,White,NO,NO,2200,,1,site-data_2026-09-05.csv
2026,1,week1,WR,Jordan,Whittington,LAR,LAR,2200,,1,site-data_2026-09-05.csv
2026,1,week1,RB,Israel,Abanikanda,DAL,DAL,2000,,1,site-data_2026-09-05.csv
2026,1,week1,RB,Ameer,Abdullah,JAX,JAX,2000,,1,site-data_2026-09-05.csv
2026,1,week1,RB,Salvon,Ahmed,CHI,CHI,2000,,1,site-data_2026-09-05.csv
2026,1,week1,WR,Brandon,Aiyuk,SF,SF,2000,,1,site-data_2026-09-05.csv
2026,1,week1,WR,Maurice,Alexander,CHI,CHI,2000,,1,site-data_2026-09-05.csv
2026,1,week1,RB,Rasheen,Ali,BAL,BAL,2000,,1,site-data_2026-09-05.csv
2026,1,week1,TE,Mo,Alie-Cox,IND,IND,2000,,1,site-data_2026-09-05.csv
2026,1,week1,TE,Erick,All Jr.,CIN,CIN,2000,,1,site-data_2026-09-05.csv
2026,1,week1,RB,Braelon,Allen,NYJ,NYJ,2000,,1,site-data_2026-09-05.csv
2026,1,week1,TE,Davis,Allen,LAR,LAR,2000,,1,site-data_2026-09-05.csv
2026,1,week1,RB,Kaytron,Allen,WAS,WSH,2000,,1,site-data_2026-09-05.csv
2026,1,week1,RB,LeQuint,Allen Jr.,JAX,JAX,2000,,1,site-data_2026-09-05.csv
2026,1,week1,WR,Vinny,Anthony II,ATL,ATL,2000,,1,site-data_2026-09-05.csv
2026,1,week1,TE,Tanner,Arkin,NE,NE,2000,,1,site-data_2026-09-05.csv
2026,1,week1,TE,Elijah,Arroyo,SEA,SEA,2000,,1,site-data_2026-09-05.csv
2026,1,week1,WR,Tutu,Atwell,LAR,LAR,2000,,1,site-data_2026-09-05.csv
2026,1,week1,WR,Calvin,Austin III,NYG,NYG,2000,,1,site-data_2026-09-05.csv
2026,1,week1,WR,Kevin,Austin Jr.,NO,NO,2000,,1,site-data_2026-09-05.csv
2026,1,week1,WR,Alex,Bachman,LAR,LAR,2000,,1,site-data_2026-09-05.csv
2026,1,week1,RB,Damon,Bankston,NYG,NYG,2000,,1,site-data_2026-09-05.csv
2026,1,week1,TE,Gavin,Bartholomew,MIN,MIN,2000,,1,site-data_2026-09-05.csv
2026,1,week1,WR,Rashod,Bateman,BAL,BAL,2000,,1,site-data_2026-09-05.csv
2026,1,week1,TE,John,Bates,WAS,WSH,2000,,1,site-data_2026-09-05.csv
2026,1,week1,WR,Hank,Beatty,TEN,TEN,2000,,1,site-data_2026-09-05.csv
2026,1,week1,WR,Jack,Bech,LV,LV,2000,,1,site-data_2026-09-05.csv
2026,1,week1,FB,Andrew,Beck,NYJ,NYJ,2000,,1,site-data_2026-09-05.csv
2026,1,week1,WR,Odell,Beckham Jr.,NYG,NYG,2000,,1,site-data_2026-09-05.csv
2026,1,week1,WR,Dillon,Bell,MIN,MIN,2000,,1,site-data_2026-09-05.csv
2026,1,week1,WR,Chris,Bell,MIA,MIA,2000,,1,site-data_2026-09-05.csv
2026,1,week1,WR,Skyler,Bell,BUF,BUF,2000,,1,site-data_2026-09-05.csv
2026,1,week1,TE,Jaheim,Bell,PIT,PIT,2000,,1,site-data_2026-09-05.csv
2026,1,week1,TE,Daniel,Bellinger,TEN,TEN,2000,,1,site-data_2026-09-05.csv
2026,1,week1,WR,Malik,Benson,LV,LV,2000,,1,site-data_2026-09-05.csv
2026,1,week1,RB,Ulysses,Bentley IV,IND,IND,2000,,1,site-data_2026-09-05.csv
2026,1,week1,WR,Junior,Bergen,NYJ,NYJ,2000,,1,site-data_2026-09-05.csv
2026,1,week1,WR,Germie,Bernard,PIT,PIT,2000,,1,site-data_2026-09-05.csv
2026,1,week1,WR,Braxton,Berrios,NYG,NYG,2000,,1,site-data_2026-09-05.csv
2026,1,week1,TE,Drew,Biber,CLE,CLE,2000,,1,site-data_2026-09-05.csv
2026,1,week1,RB,Kaelon,Black,SF,SF,2000,,1,site-data_2026-09-05.csv
2026,1,week1,WR,Tarik,Black,DET,DET,2000,,1,site-data_2026-09-05.csv
2026,1,week1,WR,Chris,Blair,ATL,ATL,2000,,1,site-data_2026-09-05.csv
2026,1,week1,TE,Nate,Boerkircher,JAX,JAX,2000,,1,site-data_2026-09-05.csv
2026,1,week1,WR,Isaiah,Bond,CLE,CLE,2000,,1,site-data_2026-09-05.csv
2026,1,week1,WR,Lewis,Bond,HOU,HOU,2000,,1,site-data_2026-09-05.csv
2026,1,week1,RB,Davon,Booth,IND,IND,2000,,1,site-data_2026-09-05.csv
2026,1,week1,WR,Kendrick,Bourne,ARI,ARI,2000,,1,site-data_2026-09-05.csv
2026,1,week1,TE,Shawn,Bowman,ARI,ARI,2000,,1,site-data_2026-09-05.csv
2026,1,week1,WR,Brady,Boyd,JAX,JAX,2000,,1,site-data_2026-09-05.csv
2026,1,week1,TE,Jerand,Bradley,LAC,LAC,2000,,1,site-data_2026-09-05.csv
2026,1,week1,WR,Jaden,Bradley,WAS,WSH,2000,,1,site-data_2026-09-05.csv
2026,1,week1,WR,Cortez,Braham Jr.,BAL,BAL,2000,,1,site-data_2026-09-05.csv
2026,1,week1,WR,Zachariah,Branch,ATL,ATL,2000,,1,site-data_2026-09-05.csv
2026,1,week1,WR,Chandler,Brayboy,JAX,JAX,2000,,1,site-data_2026-09-05.csv
2026,1,week1,FB,Max,Bredeson,MIN,MIN,2000,,1,site-data_2026-09-05.csv
2026,1,week1,RB,Gary,Brightwell,CIN,CIN,2000,,1,site-data_2026-09-05.csv
2026,1,week1,WR,Michael,Briscoe,MIN,MIN,2000,,1,site-data_2026-09-05.csv
2026,1,week1,WR,Jalen,Brooks,ARI,ARI,2000,,1,site-data_2026-09-05.csv
2026,1,week1,RB,British,Brooks,HOU,HOU,2000,,1,site-data_2026-09-05.csv
2026,1,week1,RB,Tahj,Brooks,CIN,CIN,2000,,1,site-data_2026-09-05.csv
2026,1,week1,RB,Chris,Brooks,GB,GB,2000,,1,site-data_2026-09-05.csv
2026,1,week1,WR,Dyami,Brown,WAS,WSH,2000,,1,site-data_2026-09-05.csv
2026,1,week1,WR,Hollywood,Brown,PHI,PHI,2000,,1,site-data_2026-09-05.csv
2026,1,week1,TE,Pharaoh,Brown,IND,IND,2000,,1,site-data_2026-09-05.csv
2026,1,week1,RB,Brittain,Brown,CHI,CHI,2000,,1,site-data_2026-09-05.csv
2026,1,week1,WR,Sincere,Brown,LAC,LAC,2000,,1,site-data_2026-09-05.csv
2026,1,week1,WR,Camden,Brown,DAL,DAL,2000,,1,site-data_2026-09-05.csv
2026,1,week1,WR,Barion,Brown,NO,NO,2000,,1,site-data_2026-09-05.csv
2026,1,week1,RB,Kentrel,Bullock,CIN,CIN,2000,,1,site-data_2026-09-05.csv
2026,1,week1,WR,Treylon,Burks,WAS,WSH,2000,,1,site-data_2026-09-05.csv
2026,1,week1,WR,Deion,Burks,IND,IND,2000,,1,site-data_2026-09-05.csv
2026,1,week1,FB,Michael,Burton,CLE,CLE,2000,,1,site-data_2026-09-05.csv
2026,1,week1,TE,Lawrence,Cager,WAS,WSH,2000,,1,site-data_2026-09-05.csv
2026,1,week1,TE,Grant,Calcaterra,PHI,PHI,2000,,1,site-data_2026-09-05.csv
2026,1,week1,WR,Dalen,Cambre,NYG,NYG,2000,,1,site-data_2026-09-05.csv
2026,1,week1,WR,Josh,Cameron,JAX,JAX,2000,,1,site-data_2026-09-05.csv
2026,1,week1,WR,Dalevon,Campbell,LAC,LAC,2000,,1,site-data_2026-09-05.csv
2026,1,week1,WR,Cam,Camper,NYJ,NYJ,2000,,1,site-data_2026-09-05.csv
2026,1,week1,TE,Stephen,Carlson,CHI,CHI,2000,,1,site-data_2026-09-05.csv
2026,1,week1,RB,Michael,Carter,TEN,TEN,2000,,1,site-data_2026-09-05.csv
2026,1,week1,RB,Nathan,Carter,KC,KC,2000,,1,site-data_2026-09-05.csv
2026,1,week1,RB,Anderson,Castle,IND,IND,2000,,1,site-data_2026-09-05.csv
2026,1,week1,TE,McCallan,Castles,GB,GB,2000,,1,site-data_2026-09-05.csv
2026,1,week1,RB,Ty,Chandler,NO,NO,2000,,1,site-data_2026-09-05.csv
2026,1,week1,WR,Irv,Charles,SEA,SEA,2000,,1,site-data_2026-09-05.csv
2026,1,week1,RB,Julius,Chestnut,TEN,TEN,2000,,1,site-data_2026-09-05.csv
2026,1,week1,WR,Efton,Chism III,NE,NE,2000,,1,site-data_2026-09-05.csv
2026,1,week1,RB,Demond,Claiborne,MIN,MIN,2000,,1,site-data_2026-09-05.csv
2026,1,week1,WR,Liam,Clifford,LAC,LAC,2000,,1,site-data_2026-09-05.csv
2026,1,week1,WR,Keon,Coleman,BUF,BUF,2000,,1,site-data_2026-09-05.csv
2026,1,week1,WR,Kevin,Coleman Jr.,MIA,MIA,2000,,1,site-data_2026-09-05.csv
2026,1,week1,WR,Beaux,Collins,ATL,ATL,2000,,1,site-data_2026-09-05.csv
2026,1,week1,TE,Tyler,Conklin,DET,DET,2000,,1,site-data_2026-09-05.csv
2026,1,week1,TE,Ethan,Conner,MIA,MIA,2000,,1,site-data_2026-09-05.csv
2026,1,week1,TE,Tanner,Conner,NYG,NYG,2000,,1,site-data_2026-09-05.csv
2026,1,week1,RB,Dean,Connors,LAR,LAR,2000,,1,site-data_2026-09-05.csv
2026,1,week1,WR,Elijah,Cooks,CAR,CAR,2000,,1,site-data_2026-09-05.csv
2026,1,week1,WR,Darius,Cooper,PHI,PHI,2000,,1,site-data_2026-09-05.csv
2026,1,week1,RB,Jashaun,Corbin,DAL,DAL,2000,,1,site-data_2026-09-05.csv
2026,1,week1,WR,Malachi,Corley,CLE,CLE,2000,,1,site-data_2026-09-05.csv
2026,1,week1,WR,Britain,Covey,PHI,PHI,2000,,1,site-data_2026-09-05.csv
2026,1,week1,WR,Jacob,Cowing,SF,SF,2000,,1,site-data_2026-09-05.csv
2026,1,week1,TE,Josh,Cuevas,BAL,BAL,2000,,1,site-data_2026-09-05.csv
2026,1,week1,TE,Devin,Culp,TB,TB,2000,,1,site-data_2026-09-05.csv
2026,1,week1,WR,Malik,Cunningham,DET,DET,2000,,1,site-data_2026-09-05.csv
2026,1,week1,TE,Chase,Curtis,NYJ,NYJ,2000,,1,site-data_2026-09-05.csv
2026,1,week1,TE,Drake,Dabney,GB,GB,2000,,1,site-data_2026-09-05.csv
2026,1,week1,WR,Mac,Dalena,BUF,BUF,2000,,1,site-data_2026-09-05.csv
2026,1,week1,WR,CJ,Daniels,LAR,LAR,2000,,1,site-data_2026-09-05.csv
2026,1,week1,WR,Derius,Davis,LAC,LAC,2000,,1,site-data_2026-09-05.csv
2026,1,week1,RB,Malik,Davis,DAL,DAL,2000,,1,site-data_2026-09-05.csv
2026,1,week1,RB,Isaiah,Davis,NYJ,NYJ,2000,,1,site-data_2026-09-05.csv
2026,1,week1,RB,Miles,Davis,CAR,CAR,2000,,1,site-data_2026-09-05.csv
2026,1,week1,WR,Terrill,Davis,MIN,MIN,2000,,1,site-data_2026-09-05.csv
2026,1,week1,WR,Kaden,Davis,CHI,CHI,2000,,1,site-data_2026-09-05.csv
2026,1,week1,WR,Nick,DeGennaro,NE,NE,2000,,1,site-data_2026-09-05.csv
2026,1,week1,TE,Oscar,Delp,NO,NO,2000,,1,site-data_2026-09-05.csv
2026,1,week1,RB,AJ,Dillon,CAR,CAR,2000,,1,site-data_2026-09-05.csv
2026,1,week1,TE,Khalil,Dinkins,SF,SF,2000,,1,site-data_2026-09-05.csv
2026,1,week1,WR,Kyle,Dixon,NE,NE,2000,,1,site-data_2026-09-05.csv
2026,1,week1,RB,CJ,Donaldson,NO,NO,2000,,1,site-data_2026-09-05.csv
2026,1,week1,WR,Cameron,Dorner,NE,NE,2000,,1,site-data_2026-09-05.csv
2026,1,week1,WR,Phillip,Dorsett II,LV,LV,2000,,1,site-data_2026-09-05.csv
2026,1,week1,WR,Jahan,Dotson,ATL,ATL,2000,,1,site-data_2026-09-05.csv
2026,1,week1,WR,DeMario,Douglas,NE,NE,2000,,1,site-data_2026-09-05.csv
2026,1,week1,WR,Dylan,Drummond,ATL,ATL,2000,,1,site-data_2026-09-05.csv
2026,1,week1,WR,Ashton,Dulin,IND,IND,2000,,1,site-data_2026-09-05.csv
2026,1,week1,TE,Payne,Durham,TB,TB,2000,,1,site-data_2026-09-05.csv
2026,1,week1,WR,Devin,Duvernay,ARI,ARI,2000,,1,site-data_2026-09-05.csv
2026,1,week1,RB,Donovan,Edwards,MIA,MIA,2000,,1,site-data_2026-09-05.csv
2026,1,week1,WR,Tru,Edwards,LAR,LAR,2000,,1,site-data_2026-09-05.csv
2026,1,week1,TE,Jack,Endries,CIN,CIN,2000,,1,site-data_2026-09-05.csv
2026,1,week1,RB,Trevor,Etienne,CAR,CAR,2000,,1,site-data_2026-09-05.csv
2026,1,week1,TE,Mitchell,Evans,CAR,CAR,2000,,1,site-data_2026-09-05.csv
2026,1,week1,WR,Erik,Ezukanma,PHI,PHI,2000,,1,site-data_2026-09-05.csv
2026,1,week1,TE,Rivaldo,Fairweather,ARI,ARI,2000,,1,site-data_2026-09-05.csv
2026,1,week1,TE,Noah,Fant,NO,NO,2000,,1,site-data_2026-09-05.csv
2026,1,week1,TE,Luke,Farrell,SF,SF,2000,,1,site-data_2026-09-05.csv
2026,1,week1,WR,Simi,Fehoko,ARI,ARI,2000,,1,site-data_2026-09-05.csv
2026,1,week1,WR,Tai,Felton,MIN,MIN,2000,,1,site-data_2026-09-05.csv
2026,1,week1,TE,Terrance,Ferguson,LAR,LAR,2000,,1,site-data_2026-09-05.csv
2026,1,week1,TE,Thomas,Fidone II,NYG,NYG,2000,,1,site-data_2026-09-05.csv
2026,1,week1,WR,Malachi,Fields,NYG,NYG,2000,,1,site-data_2026-09-05.csv
2026,1,week1,FB,Grant,Finley,NYG,NYG,2000,,1,site-data_2026-09-05.csv
2026,1,week1,WR,Dontae,Fleming,MIN,MIN,2000,,1,site-data_2026-09-05.csv
2026,1,week1,WR,Luke,Floriea,CLE,CLE,2000,,1,site-data_2026-09-05.csv
2026,1,week1,WR,Montorie,Foster Jr.,SEA,SEA,2000,,1,site-data_2026-09-05.csv
2026,1,week1,TE,Jeremiah,Franklin,MIA,MIA,2000,,1,site-data_2026-09-05.csv
2026,1,week1,TE,Feleipe,Franks,CAR,CAR,2000,,1,site-data_2026-09-05.csv
2026,1,week1,TE,Oronde,Gadsden,LAC,LAC,2000,,1,site-data_2026-09-05.csv
2026,1,week1,TE,JJ,Galbreath,IND,IND,2000,,1,site-data_2026-09-05.csv
2026,1,week1,TE,Mike,Gesicki,CIN,CIN,2000,,1,site-data_2026-09-05.csv
2026,1,week1,RB,DJ,Giddens,IND,IND,2000,,1,site-data_2026-09-05.csv
2026,1,week1,FB,Reggie,Gilliam,NE,NE,2000,,1,site-data_2026-09-05.csv
2026,1,week1,WR,Xavier,Gipson,NYG,NYG,2000,,1,site-data_2026-09-05.csv
2026,1,week1,RB,Tyler,Goodson,ATL,ATL,2000,,1,site-data_2026-09-05.csv
2026,1,week1,TE,Thomas,Gordon,DET,DET,2000,,1,site-data_2026-09-05.csv
2026,1,week1,RB,Ollie,Gordon II,MIA,MIA,2000,,1,site-data_2026-09-05.csv
2026,1,week1,RB,Frank,Gore Jr.,BUF,BUF,2000,,1,site-data_2026-09-05.csv
2026,1,week1,WR,Stephen,Gosnell,BUF,BUF,2000,,1,site-data_2026-09-05.csv
2026,1,week1,WR,Anthony,Gould,IND,IND,2000,,1,site-data_2026-09-05.csv
2026,1,week1,TE,Cam,Grandy,MIN,MIN,2000,,1,site-data_2026-09-05.csv
2026,1,week1,TE,Kylen,Granson,TEN,TEN,2000,,1,site-data_2026-09-05.csv
2026,1,week1,RB,Eric,Gray,NYG,NYG,2000,,1,site-data_2026-09-05.csv
2026,1,week1,WR,Danny,Gray,PHI,PHI,2000,,1,site-data_2026-09-05.csv
2026,1,week1,WR,Garrett,Greene,TB,TB,2000,,1,site-data_2026-09-05.csv
2026,1,week1,WR,Wesley,Grimes,SF,SF,2000,,1,site-data_2026-09-05.csv
2026,1,week1,RB,Isaac,Guerendo,SF,SF,2000,,1,site-data_2026-09-05.csv
2026,1,week1,WR,Xavier,Guillory,BAL,BAL,2000,,1,site-data_2026-09-05.csv
2026,1,week1,TE,Patrick,Gurd,LV,LV,2000,,1,site-data_2026-09-05.csv
2026,1,week1,WR,Sahmir,Hagans,IND,IND,2000,,1,site-data_2026-09-05.csv
2026,1,week1,TE,Louis,Hansen,HOU,HOU,2000,,1,site-data_2026-09-05.csv
2026,1,week1,WR,Mecole,Hardman Jr.,BUF,BUF,2000,,1,site-data_2026-09-05.csv
2026,1,week1,TE,Cody,Hardy,NO,NO,2000,,1,site-data_2026-09-05.csv
2026,1,week1,RB,Najee,Harris,NYG,NYG,2000,,1,site-data_2026-09-05.csv
2026,1,week1,RB,Hassan,Haskins,NE,NE,2000,,1,site-data_2026-09-05.csv
2026,1,week1,RB,JaMycal,Hasty,NE,NE,2000,,1,site-data_2026-09-05.csv
2026,1,week1,TE,Jackson,Hawes,BUF,BUF,2000,,1,site-data_2026-09-05.csv
2026,1,week1,WR,Brandon,Hayes,PHI,PHI,2000,,1,site-data_2026-09-05.csv
2026,1,week1,RB,Jamal,Haynes,CIN,CIN,2000,,1,site-data_2026-09-05.csv
2026,1,week1,RB,Eli,Heidenreich,PIT,PIT,2000,,1,site-data_2026-09-05.csv
2026,1,week1,TE,Gunnar,Helm,TEN,TEN,2000,,1,site-data_2026-09-05.csv
2026,1,week1,RB,Roman,Hemby,LV,LV,2000,,1,site-data_2026-09-05.csv
2026,1,week1,WR,AJ,Henning,MIA,MIA,2000,,1,site-data_2026-09-05.csv
2026,1,week1,WR,Matthew,Henry,TB,TB,2000,,1,site-data_2026-09-05.csv
2026,1,week1,RB,Khalil,Herbert,SF,SF,2000,,1,site-data_2026-09-05.csv
2026,1,week1,TE,Patrick,Herbert,LAC,LAC,2000,,1,site-data_2026-09-05.csv
2026,1,week1,FB,DJ,Herman,MIA,MIA,2000,,1,site-data_2026-09-05.csv
2026,1,week1,FB,Connor,Heyward,LV,LV,2000,,1,site-data_2026-09-05.csv
2026,1,week1,WR,Julian,Hicks,SEA,SEA,2000,,1,site-data_2026-09-05.csv
2026,1,week1,WR,Jayden,Higgins,HOU,HOU,2000,,1,site-data_2026-09-05.csv
2026,1,week1,TE,Elijah,Higgins,ARI,ARI,2000,,1,site-data_2026-09-05.csv
2026,1,week1,RB,Justice,Hill,BAL,BAL,2000,,1,site-data_2026-09-05.csv
2026,1,week1,WR,Chris,Hilton Jr.,GB,GB,2000,,1,site-data_2026-09-05.csv
2026,1,week1,WR,KhaDarel,Hodge,SF,SF,2000,,1,site-data_2026-09-05.csv
2026,1,week1,WR,Isaiah,Hodgins,NYG,NYG,2000,,1,site-data_2026-09-05.csv
2026,1,week1,RB,Travis,Homer,PIT,PIT,2000,,1,site-data_2026-09-05.csv
2026,1,week1,TE,Austin,Hooper,ATL,ATL,2000,,1,site-data_2026-09-05.csv
2026,1,week1,WR,Jimmy,Horn Jr.,CAR,CAR,2000,,1,site-data_2026-09-05.csv
2026,1,week1,TE,Zach,Horton,DET,DET,2000,,1,site-data_2026-09-05.csv
2026,1,week1,WR,Dennis,Houston,TB,TB,2000,,1,site-data_2026-09-05.csv
2026,1,week1,WR,Jordan,Hudson,DAL,DAL,2000,,1,site-data_2026-09-05.csv
2026,1,week1,TE,Tanner,Hudson,CIN,CIN,2000,,1,site-data_2026-09-05.csv
2026,1,week1,RB,Evan,Hull,ARI,ARI,2000,,1,site-data_2026-09-05.csv
2026,1,week1,TE,Connor,Hulstein,NYJ,NYJ,2000,,1,site-data_2026-09-05.csv
2026,1,week1,RB,Jarquez,Hunter,MIA,MIA,2000,,1,site-data_2026-09-05.csv
2026,1,week1,RB,Max,Hurleman,PIT,PIT,2000,,1,site-data_2026-09-05.csv
2026,1,week1,WR,Xavier,Hutchinson,HOU,HOU,2000,,1,site-data_2026-09-05.csv
2026,1,week1,WR,Jalin,Hyatt,NYG,NYG,2000,,1,site-data_2026-09-05.csv
2026,1,week1,FB,Alec,Ingold,LAC,LAC,2000,,1,site-data_2026-09-05.csv
2026,1,week1,WR,Andrei,Iosivas,CIN,CIN,2000,,1,site-data_2026-09-05.csv
2026,1,week1,WR,Trenton,Irwin,SF,SF,2000,,1,site-data_2026-09-05.csv
2026,1,week1,TE,Qadir,Ismail,CHI,CHI,2000,,1,site-data_2026-09-05.csv
2026,1,week1,WR,Shedrick,Jackson,LV,LV,2000,,1,site-data_2026-09-05.csv
2026,1,week1,WR,Courtney,Jackson,TEN,TEN,2000,,1,site-data_2026-09-05.csv
2026,1,week1,WR,Lucky,Jackson,DET,DET,2000,,1,site-data_2026-09-05.csv
2026,1,week1,WR,JaQuae,Jackson,LAC,LAC,2000,,1,site-data_2026-09-05.csv
2026,1,week1,RB,Jordan,James,SF,SF,2000,,1,site-data_2026-09-05.csv
2026,1,week1,WR,Van,Jefferson,WAS,WSH,2000,,1,site-data_2026-09-05.csv
2026,1,week1,RB,Jermar,Jefferson,MIN,MIN,2000,,1,site-data_2026-09-05.csv
2026,1,week1,TE,E.J.,Jenkins,PHI,PHI,2000,,1,site-data_2026-09-05.csv
2026,1,week1,WR,Gary,Jennings,LAC,LAC,2000,,1,site-data_2026-09-05.csv
2026,1,week1,RB,Roschon,Johnson,CHI,CHI,2000,,1,site-data_2026-09-05.csv
2026,1,week1,RB,D'Ernest,Johnson,TEN,TEN,2000,,1,site-data_2026-09-05.csv
2026,1,week1,WR,Kameron,Johnson,TB,TB,2000,,1,site-data_2026-09-05.csv
2026,1,week1,WR,Brandon,Johnson,PIT,PIT,2000,,1,site-data_2026-09-05.csv
2026,1,week1,RB,Amar,Johnson,LAC,LAC,2000,,1,site-data_2026-09-05.csv
2026,1,week1,WR,Cornelius,Johnson,BAL,BAL,2000,,1,site-data_2026-09-05.csv
2026,1,week1,TE,Theo,Johnson,NYG,NYG,2000,,1,site-data_2026-09-05.csv
2026,1,week1,WR,Xavier,Johnson,CIN,CIN,2000,,1,site-data_2026-09-05.csv
2026,1,week1,RB,Kaleb,Johnson,GB,GB,2000,,1,site-data_2026-09-05.csv
2026,1,week1,WR,Tyler,Johnson,DAL,DAL,2000,,1,site-data_2026-09-05.csv
2026,1,week1,WR,Kisean,Johnson,GB,GB,2000,,1,site-data_2026-09-05.csv
2026,1,week1,WR,Tez,Johnson,TB,TB,2000,,1,site-data_2026-09-05.csv
2026,1,week1,WR,Jacoby,Jones,WAS,WSH,2000,,1,site-data_2026-09-05.csv
2026,1,week1,WR,Charlie,Jones,NYG,NYG,2000,,1,site-data_2026-09-05.csv
2026,1,week1,WR,Zay,Jones,HOU,HOU,2000,,1,site-data_2026-09-05.csv
2026,1,week1,WR,Jeshaun,Jones,MIN,MIN,2000,,1,site-data_2026-09-05.csv
2026,1,week1,TE,Rohan,Jones,LAR,LAR,2000,,1,site-data_2026-09-05.csv
2026,1,week1,RB,Justin,Jones,SEA,SEA,2000,,1,site-data_2026-09-05.csv
2026,1,week1,WR,Tim,Jones,JAX,JAX,2000,,1,site-data_2026-09-05.csv
2026,1,week1,RB,Cash,Jones,ATL,ATL,2000,,1,site-data_2026-09-05.csv
2026,1,week1,WR,Velus,Jones Jr.,SEA,SEA,2000,,1,site-data_2026-09-05.csv
2026,1,week1,TE,Brevin,Jordan,HOU,HOU,2000,,1,site-data_2026-09-05.csv
2026,1,week1,RB,Jawhar,Jordan,HOU,HOU,2000,,1,site-data_2026-09-05.csv
2026,1,week1,FB,Kyle,Juszczyk,SF,SF,2000,,1,site-data_2026-09-05.csv
2026,1,week1,TE,Will,Kacmarek,MIA,MIA,2000,,1,site-data_2026-09-05.csv
2026,1,week1,TE,Nick,Kallerup,SEA,SEA,2000,,1,site-data_2026-09-05.csv
2026,1,week1,TE,Josh,Kattus,CIN,CIN,2000,,1,site-data_2026-09-05.csv
2026,1,week1,WR,Jakobie,Keeney-James,PIT,PIT,2000,,1,site-data_2026-09-05.csv
2026,1,week1,WR,Josh,Kelly,HOU,HOU,2000,,1,site-data_2026-09-05.csv
2026,1,week1,WR,Omari,Kelly,CHI,CHI,2000,,1,site-data_2026-09-05.csv
2026,1,week1,WR,Tom,Kennedy,DET,DET,2000,,1,site-data_2026-09-05.csv
2026,1,week1,TE,Ko,Kieft,TB,TB,2000,,1,site-data_2026-09-05.csv
2026,1,week1,RB,Corey,Kiner,NE,NE,2000,,1,site-data_2026-09-05.csv
2026,1,week1,WR,Mason,Kinsey,TEN,TEN,2000,,1,site-data_2026-09-05.csv
2026,1,week1,WR,Christian,Kirk,SF,SF,2000,,1,site-data_2026-09-05.csv
2026,1,week1,TE,Max,Klare,LAR,LAR,2000,,1,site-data_2026-09-05.csv
2026,1,week1,TE,Marlin,Klein,HOU,HOU,2000,,1,site-data_2026-09-05.csv
2026,1,week1,TE,Cole,Kmet,CHI,CHI,2000,,1,site-data_2026-09-05.csv
2026,1,week1,RB,Bam,Knight,ARI,ARI,2000,,1,site-data_2026-09-05.csv
2026,1,week1,TE,Dawson,Knox,BUF,BUF,2000,,1,site-data_2026-09-05.csv
2026,1,week1,TE,Charlie,Kolar,LAC,LAC,2000,,1,site-data_2026-09-05.csv
2026,1,week1,TE,Tanner,Koziol,JAX,JAX,2000,,1,site-data_2026-09-05.csv
2026,1,week1,RB,Barika,Kpeenu,TB,TB,2000,,1,site-data_2026-09-05.csv
2026,1,week1,TE,Zack,Kuntz,DAL,DAL,2000,,1,site-data_2026-09-05.csv
2026,1,week1,WR,KeAndre,Lambert-Smith,LAC,LAC,2000,,1,site-data_2026-09-05.csv
2026,1,week1,FB,Brock,Lampe,SEA,SEA,2000,,1,site-data_2026-09-05.csv
2026,1,week1,WR,Bryce,Lance,NO,NO,2000,,1,site-data_2026-09-05.csv
2026,1,week1,WR,Jaylin,Lane,WAS,WSH,2000,,1,site-data_2026-09-05.csv
2026,1,week1,WR,Ja'Kobi,Lane,BAL,BAL,2000,,1,site-data_2026-09-05.csv
2026,1,week1,TE,Marshall,Lang,MIN,MIN,2000,,1,site-data_2026-09-05.csv
2026,1,week1,TE,Hayden,Large,CHI,CHI,2000,,1,site-data_2026-09-05.csv
2026,1,week1,RB,Lan,Larison,NE,NE,2000,,1,site-data_2026-09-05.csv
2026,1,week1,WR,Gage,Larvadain,CLE,CLE,2000,,1,site-data_2026-09-05.csv
2026,1,week1,TE,Cameron,Latu,NE,NE,2000,,1,site-data_2026-09-05.csv
2026,1,week1,TE,Keleki,Latu,BUF,BUF,2000,,1,site-data_2026-09-05.csv
2026,1,week1,RB,Dylan,Laube,LV,LV,2000,,1,site-data_2026-09-05.csv
2026,1,week1,TE,Matt,Lauter,MIN,MIN,2000,,1,site-data_2026-09-05.csv
2026,1,week1,WR,Xavier,Legette,CAR,CAR,2000,,1,site-data_2026-09-05.csv
2026,1,week1,RB,MarShawn,Lloyd,GB,GB,2000,,1,site-data_2026-09-05.csv
2026,1,week1,TE,Hunter,Long,ARI,ARI,2000,,1,site-data_2026-09-05.csv
2026,1,week1,WR,Dominic,Lovett,DET,DET,2000,,1,site-data_2026-09-05.csv
2026,1,week1,FB,Hunter,Luepke,DAL,DAL,2000,,1,site-data_2026-09-05.csv
2026,1,week1,WR,Ja'Mori,Maclin,BUF,BUF,2000,,1,site-data_2026-09-05.csv
2026,1,week1,TE,Will,Mallory,IND,IND,2000,,1,site-data_2026-09-05.csv
2026,1,week1,TE,Chris,Manhertz,NYG,NYG,2000,,1,site-data_2026-09-05.csv
2026,1,week1,WR,Keelan,Marion,ATL,ATL,2000,,1,site-data_2026-09-05.csv
2026,1,week1,WR,Terrace,Marshall Jr.,MIA,MIA,2000,,1,site-data_2026-09-05.csv
2026,1,week1,WR,Tay,Martin,DET,DET,2000,,1,site-data_2026-09-05.csv
2026,1,week1,TE,David,Martin-Robinson,TEN,TEN,2000,,1,site-data_2026-09-05.csv
2026,1,week1,RB,Damien,Martinez,GB,GB,2000,,1,site-data_2026-09-05.csv
2026,1,week1,TE,Lance,Mason,PIT,PIT,2000,,1,site-data_2026-09-05.csv
2026,1,week1,TE,Moliki,Matavao,NO,NO,2000,,1,site-data_2026-09-05.csv
2026,1,week1,FB,Scott,Matlock,LAC,LAC,2000,,1,site-data_2026-09-05.csv
2026,1,week1,TE,Michael,Mayer,LV,LV,2000,,1,site-data_2026-09-05.csv
2026,1,week1,WR,Luke,McCaffrey,WAS,WSH,2000,,1,site-data_2026-09-05.csv
2026,1,week1,WR,Malik,McClain,NYJ,NYJ,2000,,1,site-data_2026-09-05.csv
2026,1,week1,WR,Ray-Ray,McCloud III,CHI,CHI,2000,,1,site-data_2026-09-05.csv
2026,1,week1,RB,Sincere,McCormick,SF,SF,2000,,1,site-data_2026-09-05.csv
2026,1,week1,WR,Donaven,McCulley,MIA,MIA,2000,,1,site-data_2026-09-05.csv
2026,1,week1,WR,Lance,McCutcheon,TEN,TEN,2000,,1,site-data_2026-09-05.csv
2026,1,week1,RB,Seth,McGowan,IND,IND,2000,,1,site-data_2026-09-05.csv
2026,1,week1,TE,Tre',McKitty,WAS,WSH,2000,,1,site-data_2026-09-05.csv
2026,1,week1,RB,Dontae,McMillan,BAL,BAL,2000,,1,site-data_2026-09-05.csv
2026,1,week1,RB,Jeremy,McNichols,WAS,WSH,2000,,1,site-data_2026-09-05.csv
2026,1,week1,TE,Lake,McRee,PIT,PIT,2000,,1,site-data_2026-09-05.csv
2026,1,week1,WR,Bub,Means,NO,NO,2000,,1,site-data_2026-09-05.csv
2026,1,week1,WR,Jackson,Meeks,DET,DET,2000,,1,site-data_2026-09-05.csv
2026,1,week1,WR,Bo,Melton,GB,GB,2000,,1,site-data_2026-09-05.csv
2026,1,week1,WR,John,Metchie III,CAR,CAR,2000,,1,site-data_2026-09-05.csv
2026,1,week1,WR,Dohnte,Meyers,CIN,CIN,2000,,1,site-data_2026-09-05.csv
2026,1,week1,RB,Kendre,Miller,NO,NO,2000,,1,site-data_2026-09-05.csv
2026,1,week1,WR,Scotty,Miller,CHI,CHI,2000,,1,site-data_2026-09-05.csv
2026,1,week1,WR,Ryan,Miller,MIA,MIA,2000,,1,site-data_2026-09-05.csv
2026,1,week1,RB,Jam,Miller,NE,NE,2000,,1,site-data_2026-09-05.csv
2026,1,week1,RB,Kendall,Milton,CIN,CIN,2000,,1,site-data_2026-09-05.csv
2026,1,week1,RB,Jordan,Mims,PHI,PHI,2000,,1,site-data_2026-09-05.csv
2026,1,week1,WR,Denzel,Mims,DAL,DAL,2000,,1,site-data_2026-09-05.csv
2026,1,week1,WR,Jonathan,Mingo,DAL,DAL,2000,,1,site-data_2026-09-05.csv
2026,1,week1,TE,Zaire,Mitchell-Paden,HOU,HOU,2000,,1,site-data_2026-09-05.csv
2026,1,week1,WR,D.J.,Montgomery,IND,IND,2000,,1,site-data_2026-09-05.csv
2026,1,week1,WR,Tyren,Montgomery,TEN,TEN,2000,,1,site-data_2026-09-05.csv
2026,1,week1,WR,Skyy,Moore,GB,GB,2000,,1,site-data_2026-09-05.csv
2026,1,week1,WR,Chris,Moore,BAL,BAL,2000,,1,site-data_2026-09-05.csv
2026,1,week1,WR,Elijah,Moore,PHI,PHI,2000,,1,site-data_2026-09-05.csv
2026,1,week1,TE,Tyler,Moore,IND,IND,2000,,1,site-data_2026-09-05.csv
2026,1,week1,TE,Quentin,Moore,WAS,WSH,2000,,1,site-data_2026-09-05.csv
2026,1,week1,WR,David,Moore,CAR,CAR,2000,,1,site-data_2026-09-05.csv
2026,1,week1,WR,Jordan,Moore,CIN,CIN,2000,,1,site-data_2026-09-05.csv
2026,1,week1,TE,Foster,Moreau,HOU,HOU,2000,,1,site-data_2026-09-05.csv
2026,1,week1,WR,Jalen,Moreno-Cropper,NO,NO,2000,,1,site-data_2026-09-05.csv
2026,1,week1,TE,Quintin,Morris,JAX,JAX,2000,,1,site-data_2026-09-05.csv
2026,1,week1,RB,Kalel,Mullings,TEN,TEN,2000,,1,site-data_2026-09-05.csv
2026,1,week1,WR,Konata,Mumpfield,LAR,LAR,2000,,1,site-data_2026-09-05.csv
2026,1,week1,TE,Johnny,Mundt,PHI,PHI,2000,,1,site-data_2026-09-05.csv
2026,1,week1,TE,Nick,Muse,ATL,ATL,2000,,1,site-data_2026-09-05.csv
2026,1,week1,TE,Luke,Musgrave,GB,GB,2000,,1,site-data_2026-09-05.csv
2026,1,week1,TE,Chris,Myarick,LV,LV,2000,,1,site-data_2026-09-05.csv
2026,1,week1,WR,Nick,Nash,WAS,WSH,2000,,1,site-data_2026-09-05.csv
2026,1,week1,RB,Devin,Neal,NO,NO,2000,,1,site-data_2026-09-05.csv
2026,1,week1,TE,Bryson,Nesbit,MIN,MIN,2000,,1,site-data_2026-09-05.csv
2026,1,week1,WR,Isaiah,Neyor,GB,GB,2000,,1,site-data_2026-09-05.csv
2026,1,week1,RB,Lew,Nichols,PIT,PIT,2000,,1,site-data_2026-09-05.csv
2026,1,week1,RB,Jaden,Nixon,GB,GB,2000,,1,site-data_2026-09-05.csv
2026,1,week1,TE,David,Njoku,LAC,LAC,2000,,1,site-data_2026-09-05.csv
2026,1,week1,WR,Jaylin,Noel,HOU,HOU,2000,,1,site-data_2026-09-05.csv
2026,1,week1,FB,Riley,Nowakowski,PIT,PIT,2000,,1,site-data_2026-09-05.csv
2026,1,week1,RB,Kene,Nwangwu,NYJ,NYJ,2000,,1,site-data_2026-09-05.csv
2026,1,week1,TE,Drew,Ogletree,IND,IND,2000,,1,site-data_2026-09-05.csv
2026,1,week1,RB,Dare,Ogunbowale,LV,LV,2000,,1,site-data_2026-09-05.csv
2026,1,week1,TE,Albert,Okwuegbunam Jr.,LV,LV,2000,,1,site-data_2026-09-05.csv
2026,1,week1,TE,Josh,Oliver,MIN,MIN,2000,,1,site-data_2026-09-05.csv
2026,1,week1,WR,K.J.,Osborn,TEN,TEN,2000,,1,site-data_2026-09-05.csv
2026,1,week1,WR,Coleman,Owen,IND,IND,2000,,1,site-data_2026-09-05.csv
2026,1,week1,WR,Trey,Palmer,NO,NO,2000,,1,site-data_2026-09-05.csv
2026,1,week1,WR,Joshua,Palmer,BUF,BUF,2000,,1,site-data_2026-09-05.csv
2026,1,week1,WR,Tejhaun,Palmer,NE,NE,2000,,1,site-data_2026-09-05.csv
2026,1,week1,WR,Eli,Pancol,IND,IND,2000,,1,site-data_2026-09-05.csv
2026,1,week1,DE,Derek,Parish,HOU,HOU,2000,,1,site-data_2026-09-05.csv
2026,1,week1,TE,Johnny,Pascuzzi,LAC,LAC,2000,,1,site-data_2026-09-05.csv
2026,1,week1,WR,Tim,Patrick,NYJ,NYJ,2000,,1,site-data_2026-09-05.csv
2026,1,week1,WR,Ben,Patterson,CLE,CLE,2000,,1,site-data_2026-09-05.csv
2026,1,week1,RB,Jaret,Patterson,LAC,LAC,2000,,1,site-data_2026-09-05.csv
2026,1,week1,WR,Dean,Patterson,TB,TB,2000,,1,site-data_2026-09-05.csv
2026,1,week1,WR,Will,Pauling,SF,SF,2000,,1,site-data_2026-09-05.csv
2026,1,week1,WR,Trebor,Pena,JAX,JAX,2000,,1,site-data_2026-09-05.csv
2026,1,week1,WR,Dante,Pettis,BUF,BUF,2000,,1,site-data_2026-09-05.csv
2026,1,week1,TE,Ty,Pezza,BAL,BAL,2000,,1,site-data_2026-09-05.csv
2026,1,week1,RB,Dameon,Pierce,PHI,PHI,2000,,1,site-data_2026-09-05.csv
2026,1,week1,WR,Cornell,Powell,PIT,PIT,2000,,1,site-data_2026-09-05.csv
2026,1,week1,WR,Kaden,Prather,GB,GB,2000,,1,site-data_2026-09-05.csv
2026,1,week1,WR,Brennan,Presley,LAR,LAR,2000,,1,site-data_2026-09-05.csv
2026,1,week1,WR,Myles,Price,MIN,MIN,2000,,1,site-data_2026-09-05.csv
2026,1,week1,TE,Caden,Prieskorn,CAR,CAR,2000,,1,site-data_2026-09-05.csv
2026,1,week1,WR,Jamaal,Pritchett,NYJ,NYJ,2000,,1,site-data_2026-09-05.csv
2026,1,week1,TE,Layne,Pryor,HOU,HOU,2000,,1,site-data_2026-09-05.csv
2026,1,week1,WR,Kendric,Pryor,CIN,CIN,2000,,1,site-data_2026-09-05.csv
2026,1,week1,TE,Teagan,Quitoriano,ARI,ARI,2000,,1,site-data_2026-09-05.csv
2026,1,week1,RB,Adam,Randall,BAL,BAL,2000,,1,site-data_2026-09-05.csv
2026,1,week1,TE,Eli,Raridon,NE,NE,2000,,1,site-data_2026-09-05.csv
2026,1,week1,WR,Kalif,Raymond,CHI,CHI,2000,,1,site-data_2026-09-05.csv
2026,1,week1,WR,Jalen,Reagor,MIA,MIA,2000,,1,site-data_2026-09-05.csv
2026,1,week1,WR,Brock,Rechsteiner,NO,NO,2000,,1,site-data_2026-09-05.csv
2026,1,week1,TE,Mark,Redman,GB,GB,2000,,1,site-data_2026-09-05.csv
2026,1,week1,WR,Ja'seem,Reed,CAR,CAR,2000,,1,site-data_2026-09-05.csv
2026,1,week1,TE,Tip,Reiman,ARI,ARI,2000,,1,site-data_2026-09-05.csv
2026,1,week1,WR,Xavier,Restrepo,TEN,TEN,2000,,1,site-data_2026-09-05.csv
2026,1,week1,RB,Craig,Reynolds,WAS,WSH,2000,,1,site-data_2026-09-05.csv
2026,1,week1,FB,Patrick,Ricard,NYG,NYG,2000,,1,site-data_2026-09-05.csv
2026,1,week1,RB,Dominic,Richardson,NYJ,NYJ,2000,,1,site-data_2026-09-05.csv
2026,1,week1,WR,JP,Richardson,CHI,CHI,2000,,1,site-data_2026-09-05.csv
2026,1,week1,RB,Ronnie,Rivers,LAR,LAR,2000,,1,site-data_2026-09-05.csv
2026,1,week1,WR,Chase,Roberts,LV,LV,2000,,1,site-data_2026-09-05.csv
2026,1,week1,WR,Demarcus,Robinson,SF,SF,2000,,1,site-data_2026-09-05.csv
2026,1,week1,RB,Brian,Robinson Jr.,ATL,ATL,2000,,1,site-data_2026-09-05.csv
2026,1,week1,WR,Rashad,Rochelle,SEA,SEA,2000,,1,site-data_2026-09-05.csv
2026,1,week1,TE,DJ,Rogers,DAL,DAL,2000,,1,site-data_2026-09-05.csv
2026,1,week1,WR,Devonte,Ross,LAC,LAC,2000,,1,site-data_2026-09-05.csv
2026,1,week1,TE,Sam,Roush,CHI,CHI,2000,,1,site-data_2026-09-05.csv
2026,1,week1,TE,Joe,Royer,CLE,CLE,2000,,1,site-data_2026-09-05.csv
2026,1,week1,TE,Hayden,Rucci,JAX,JAX,2000,,1,site-data_2026-09-05.csv
2026,1,week1,TE,Jeremy,Ruckert,NYJ,NYJ,2000,,1,site-data_2026-09-05.csv
2026,1,week1,WR,Trayvon,Rudolph,MIN,MIN,2000,,1,site-data_2026-09-05.csv
2026,1,week1,TE,Carter,Runyon,LV,LV,2000,,1,site-data_2026-09-05.csv
2026,1,week1,FB,Brady,Russell,SEA,SEA,2000,,1,site-data_2026-09-05.csv
2026,1,week1,TE,Carsen,Ryan,CLE,CLE,2000,,1,site-data_2026-09-05.csv
2026,1,week1,TE,Kenyon,Sadiq,NYJ,NYJ,2000,,1,site-data_2026-09-05.csv
2026,1,week1,TE,Drew,Sample,CIN,CIN,2000,,1,site-data_2026-09-05.csv
2026,1,week1,TE,Ja'Tavion,Sanders,CAR,CAR,2000,,1,site-data_2026-09-05.csv
2026,1,week1,RB,Raheim,Sanders,CLE,CLE,2000,,1,site-data_2026-09-05.csv
2026,1,week1,WR,Marcus,Sanders Jr.,MIN,MIN,2000,,1,site-data_2026-09-05.csv
2026,1,week1,WR,Elijah,Sarratt,BAL,BAL,2000,,1,site-data_2026-09-05.csv
2026,1,week1,TE,Eric,Saubert,SEA,SEA,2000,,1,site-data_2026-09-05.csv
2026,1,week1,WR,Treyvhon,Saunders,HOU,HOU,2000,,1,site-data_2026-09-05.csv
2026,1,week1,RB,Jacob,Saylors,DET,DET,2000,,1,site-data_2026-09-05.csv
2026,1,week1,TE,Luke,Schoonmaker,DAL,DAL,2000,,1,site-data_2026-09-05.csv
2026,1,week1,RB,Zavier,Scott,CHI,CHI,2000,,1,site-data_2026-09-05.csv
2026,1,week1,WR,Tyler,Scott,LAR,LAR,2000,,1,site-data_2026-09-05.csv
2026,1,week1,FB,Lucas,Scott,BAL,BAL,2000,,1,site-data_2026-09-05.csv
2026,1,week1,TE,Bauer,Sharp,TB,TB,2000,,1,site-data_2026-09-05.csv
2026,1,week1,WR,Raylen,Sharpe,IND,IND,2000,,1,site-data_2026-09-05.csv
2026,1,week1,WR,Tyrell,Shavers,BUF,BUF,2000,,1,site-data_2026-09-05.csv
2026,1,week1,WR,Sterling,Shepard,HOU,HOU,2000,,1,site-data_2026-09-05.csv
2026,1,week1,WR,Will,Sheppard,MIA,MIA,2000,,1,site-data_2026-09-05.csv
2026,1,week1,WR,Trent,Sherfield,BUF,BUF,2000,,1,site-data_2026-09-05.csv
2026,1,week1,RB,Will,Shipley,PHI,PHI,2000,,1,site-data_2026-09-05.csv
2026,1,week1,WR,David,Sills V,TB,TB,2000,,1,site-data_2026-09-05.csv
2026,1,week1,TE,Joshua,Simon,WAS,WSH,2000,,1,site-data_2026-09-05.csv
2026,1,week1,TE,Ben,Sims,MIA,MIA,2000,,1,site-data_2026-09-05.csv
2026,1,week1,RB,Nicholas,Singleton,TEN,TEN,2000,,1,site-data_2026-09-05.csv
2026,1,week1,TE,Ben,Sinnott,WAS,WSH,2000,,1,site-data_2026-09-05.csv
2026,1,week1,WR,Quentin,Skinner,BUF,BUF,2000,,1,site-data_2026-09-05.csv
2026,1,week1,WR,Quincy,Skinner Jr.,NYJ,NYJ,2000,,1,site-data_2026-09-05.csv
2026,1,week1,WR,Ben,Skowronek,PIT,PIT,2000,,1,site-data_2026-09-05.csv
2026,1,week1,RB,Jabari,Small,DET,DET,2000,,1,site-data_2026-09-05.csv
2026,1,week1,TE,Stone,Smartt,NO,NO,2000,,1,site-data_2026-09-05.csv
2026,1,week1,WR,Anthony,Smith,DAL,DAL,2000,,1,site-data_2026-09-05.csv
2026,1,week1,WR,Xavier,Smith,LAR,LAR,2000,,1,site-data_2026-09-05.csv
2026,1,week1,WR,Jaden,Smith,DAL,DAL,2000,,1,site-data_2026-09-05.csv
2026,1,week1,WR,Brandon,Smith,PIT,PIT,2000,,1,site-data_2026-09-05.csv
2026,1,week1,WR,Arian,Smith,NYJ,NYJ,2000,,1,site-data_2026-09-05.csv
2026,1,week1,WR,Octavian,Smith Jr.,BAL,BAL,2000,,1,site-data_2026-09-05.csv
2026,1,week1,WR,Ihmir,Smith-Marsette,ARI,ARI,2000,,1,site-data_2026-09-05.csv
2026,1,week1,TE,Durham,Smythe,BAL,BAL,2000,,1,site-data_2026-09-05.csv
2026,1,week1,WR,Daniel,Sobkowicz,HOU,HOU,2000,,1,site-data_2026-09-05.csv
2026,1,week1,TE,Brevyn,Spann-Ford,DAL,DAL,2000,,1,site-data_2026-09-05.csv
2026,1,week1,RB,Carson,Steele,PHI,PHI,2000,,1,site-data_2026-09-05.csv
2026,1,week1,RB,Tre,Stewart,ARI,ARI,2000,,1,site-data_2026-09-05.csv
2026,1,week1,TE,Cade,Stover,HOU,HOU,2000,,1,site-data_2026-09-05.csv
2026,1,week1,TE,Eli,Stowers,PHI,PHI,2000,,1,site-data_2026-09-05.csv
2026,1,week1,RB,Pierre,Strong Jr.,GB,GB,2000,,1,site-data_2026-09-05.csv
2026,1,week1,WR,J. Michael,Sturdivant,GB,GB,2000,,1,site-data_2026-09-05.csv
2026,1,week1,TE,Evan,Svoboda,LAC,LAC,2000,,1,site-data_2026-09-05.csv
2026,1,week1,TE,Messiah,Swinson,CLE,CLE,2000,,1,site-data_2026-09-05.csv
2026,1,week1,RB,Elijah,Tau-Tolliver,BAL,BAL,2000,,1,site-data_2026-09-05.csv
2026,1,week1,RB,J'Mari,Taylor,JAX,JAX,2000,,1,site-data_2026-09-05.csv
2026,1,week1,WR,Roc,Taylor,CAR,CAR,2000,,1,site-data_2026-09-05.csv
2026,1,week1,TE,Mason,Taylor,NYJ,NYJ,2000,,1,site-data_2026-09-05.csv
2026,1,week1,RB,Alex,Tecza,PIT,PIT,2000,,1,site-data_2026-09-05.csv
2026,1,week1,TE,Jermaine,Terry II,CLE,CLE,2000,,1,site-data_2026-09-05.csv
2026,1,week1,TE,Ian,Thomas,LV,LV,2000,,1,site-data_2026-09-05.csv
2026,1,week1,WR,Zavion,Thomas,CHI,CHI,2000,,1,site-data_2026-09-05.csv
2026,1,week1,WR,Noah,Thomas,CIN,CIN,2000,,1,site-data_2026-09-05.csv
2026,1,week1,WR,Deven,Thompkins,LV,LV,2000,,1,site-data_2026-09-05.csv
2026,1,week1,WR,Brenen,Thompson,LAC,LAC,2000,,1,site-data_2026-09-05.csv
2026,1,week1,WR,Dont'e,Thornton Jr.,LV,LV,2000,,1,site-data_2026-09-05.csv
2026,1,week1,WR,Cedric,Tillman,NO,NO,2000,,1,site-data_2026-09-05.csv
2026,1,week1,WR,Mason,Tipton,NO,NO,2000,,1,site-data_2026-09-05.csv
2026,1,week1,WR,Jalen,Tolbert,MIA,MIA,2000,,1,site-data_2026-09-05.csv
2026,1,week1,WR,Max,Tomczak,BUF,BUF,2000,,1,site-data_2026-09-05.csv
2026,1,week1,TE,Robert,Tonyan,PIT,PIT,2000,,1,site-data_2026-09-05.csv
2026,1,week1,WR,Samori,Toure,PHI,PHI,2000,,1,site-data_2026-09-05.csv
2026,1,week1,WR,Austin,Trammell,JAX,JAX,2000,,1,site-data_2026-09-05.csv
2026,1,week1,TE,Seydou,Traore,MIA,MIA,2000,,1,site-data_2026-09-05.csv
2026,1,week1,RB,Chip,Trayanum,NYJ,NYJ,2000,,1,site-data_2026-09-05.csv
2026,1,week1,WR,Laquon,Treadwell,IND,IND,2000,,1,site-data_2026-09-05.csv
2026,1,week1,WR,Brycen,Tremayne,CAR,CAR,2000,,1,site-data_2026-09-05.csv
2026,1,week1,TE,Tommy,Tremble,CAR,CAR,2000,,1,site-data_2026-09-05.csv
2026,1,week1,TE,Michael,Trigg,DAL,DAL,2000,,1,site-data_2026-09-05.csv
2026,1,week1,RB,Sean,Tucker,TB,TB,2000,,1,site-data_2026-09-05.csv
2026,1,week1,WR,Malik,Turner,SF,SF,2000,,1,site-data_2026-09-05.csv
2026,1,week1,TE,Cole,Turner,MIA,MIA,2000,,1,site-data_2026-09-05.csv
2026,1,week1,WR,Jordyn,Tyson,NO,NO,2000,,1,site-data_2026-09-05.csv
2026,1,week1,RB,Anthony,Tyus III,CAR,CAR,2000,,1,site-data_2026-09-05.csv
2026,1,week1,RB,Sione,Vaki,DET,DET,2000,,1,site-data_2026-09-05.csv
2026,1,week1,WR,Marquez,Valdes-Scantling,DAL,DAL,2000,,1,site-data_2026-09-05.csv
2026,1,week1,TE,Mitch,Van Vooren,DAL,DAL,2000,,1,site-data_2026-09-05.csv
2026,1,week1,FB,Ben,VanSumeren,KC,KC,2000,,1,site-data_2026-09-05.csv
2026,1,week1,RB,Deuce,Vaughn,HOU,HOU,2000,,1,site-data_2026-09-05.csv
2026,1,week1,TE,Jack,Velling,ATL,ATL,2000,,1,site-data_2026-09-05.csv
2026,1,week1,TE,Dan,Villari,LAR,LAR,2000,,1,site-data_2026-09-05.csv
2026,1,week1,WR,Reggie,Virgil,ARI,ARI,2000,,1,site-data_2026-09-05.csv
2026,1,week1,WR,Dayton,Wade,BAL,BAL,2000,,1,site-data_2026-09-05.csv
2026,1,week1,WR,Jahdae,Walker,CHI,CHI,2000,,1,site-data_2026-09-05.csv
2026,1,week1,WR,Devontez,Walker,BAL,BAL,2000,,1,site-data_2026-09-05.csv
2026,1,week1,WR,Tylan,Wallace,CLE,CLE,2000,,1,site-data_2026-09-05.csv
2026,1,week1,WR,Harrison,Wallace III,ARI,ARI,2000,,1,site-data_2026-09-05.csv
2026,1,week1,RB,Jonathan,Ward,BAL,BAL,2000,,1,site-data_2026-09-05.csv
2026,1,week1,TE,Darnell,Washington,PIT,PIT,2000,,1,site-data_2026-09-05.csv
2026,1,week1,WR,Casey,Washington,CAR,CAR,2000,,1,site-data_2026-09-05.csv
2026,1,week1,RB,Carlos,Washington Jr.,MIA,MIA,2000,,1,site-data_2026-09-05.csv
2026,1,week1,RB,Jordan,Waters,LAR,LAR,2000,,1,site-data_2026-09-05.csv
2026,1,week1,WR,Quez,Watkins,PHI,PHI,2000,,1,site-data_2026-09-05.csv
2026,1,week1,WR,Jordan,Watkins,SF,SF,2000,,1,site-data_2026-09-05.csv
2026,1,week1,WR,Justin,Watson,HOU,HOU,2000,,1,site-data_2026-09-05.csv
2026,1,week1,WR,Jared,Wayne,HOU,HOU,2000,,1,site-data_2026-09-05.csv
2026,1,week1,TE,Treyton,Welch,NO,NO,2000,,1,site-data_2026-09-05.csv
2026,1,week1,WR,Levi,Wentz,PIT,PIT,2000,,1,site-data_2026-09-05.csv
2026,1,week1,WR,Nick,Westbrook-Ikhine,IND,IND,2000,,1,site-data_2026-09-05.csv
2026,1,week1,WR,LaJohntay,Wester,BAL,BAL,2000,,1,site-data_2026-09-05.csv
2026,1,week1,TE,Jack,Westover,WAS,WSH,2000,,1,site-data_2026-09-05.csv
2026,1,week1,WR,Kaden,Wetjen,PIT,PIT,2000,,1,site-data_2026-09-05.csv
2026,1,week1,RB,Ian,Wheeler,BUF,BUF,2000,,1,site-data_2026-09-05.csv
2026,1,week1,WR,Cody,White,LV,LV,2000,,1,site-data_2026-09-05.csv
2026,1,week1,WR,Ricky,White III,SEA,SEA,2000,,1,site-data_2026-09-05.csv
2026,1,week1,TE,Blake,Whiteheart,CLE,CLE,2000,,1,site-data_2026-09-05.csv
2026,1,week1,RB,Noah,Whittington,HOU,HOU,2000,,1,site-data_2026-09-05.csv
2026,1,week1,TE,Josh,Whyle,GB,GB,2000,,1,site-data_2026-09-05.csv
2026,1,week1,WR,Savion,Williams,GB,GB,2000,,1,site-data_2026-09-05.csv
2026,1,week1,RB,Trayveon,Williams,DET,DET,2000,,1,site-data_2026-09-05.csv
2026,1,week1,RB,Roydell,Williams,DET,DET,2000,,1,site-data_2026-09-05.csv
2026,1,week1,WR,CJ,Williams,JAX,JAX,2000,,1,site-data_2026-09-05.csv
2026,1,week1,WR,Antonio,Williams,WAS,WSH,2000,,1,site-data_2026-09-05.csv
2026,1,week1,WR,Isaiah,Williams,NYJ,NYJ,2000,,1,site-data_2026-09-05.csv
2026,1,week1,RB,Josh,Williams,TB,TB,2000,,1,site-data_2026-09-05.csv
2026,1,week1,WR,Ke'Shawn,Williams,CIN,CIN,2000,,1,site-data_2026-09-05.csv
2026,1,week1,WR,Kyle,Williams,NE,NE,2000,,1,site-data_2026-09-05.csv
2026,1,week1,WR,E.J.,Williams Jr.,LV,LV,2000,,1,site-data_2026-09-05.csv
2026,1,week1,TE,Brayden,Willis,SF,SF,2000,,1,site-data_2026-09-05.csv
2026,1,week1,RB,Emanuel,Wilson,SEA,SEA,2000,,1,site-data_2026-09-05.csv
2026,1,week1,WR,Kole,Wilson,CLE,CLE,2000,,1,site-data_2026-09-05.csv
2026,1,week1,WR,Roman,Wilson,PIT,PIT,2000,,1,site-data_2026-09-05.csv
2026,1,week1,TE,Joel,Wilson,TEN,TEN,2000,,1,site-data_2026-09-05.csv
2026,1,week1,WR,Isaiah,Winstead,PIT,PIT,2000,,1,site-data_2026-09-05.csv
2026,1,week1,TE,Charlie,Woerner,ATL,ATL,2000,,1,site-data_2026-09-05.csv
2026,1,week1,TE,Jelani,Woods,NYJ,NYJ,2000,,1,site-data_2026-09-05.csv
2026,1,week1,WR,Michael,Wortham,JAX,JAX,2000,,1,site-data_2026-09-05.csv
2026,1,week1,RB,Owen,Wright,HOU,HOU,2000,,1,site-data_2026-09-05.csv
2026,1,week1,TE,Brock,Wright,DET,DET,2000,,1,site-data_2026-09-05.csv
2026,1,week1,RB,Jacardia,Wright,SEA,SEA,2000,,1,site-data_2026-09-05.csv
2026,1,week1,RB,Jaylen,Wright,MIA,MIA,2000,,1,site-data_2026-09-05.csv
2026,1,week1,TE,Colson,Yankoff,WAS,WSH,2000,,1,site-data_2026-09-05.csv
2026,1,week1,TE,Thomas,Yassmin,GB,GB,2000,,1,site-data_2026-09-05.csv
2026,1,week1,WR,Colbie,Young,CIN,CIN,2000,,1,site-data_2026-09-05.csv
2026,1,week1,WR,Dareke,Young,LV,LV,2000,,1,site-data_2026-09-05.csv
2026,1,week1,TE,Ben,Yurosek,MIN,MIN,2000,,1,site-data_2026-09-05.csv
2026,1,week1,WR,Olamide,Zaccheaus,ATL,ATL,2000,,1,site-data_2026-09-05.csv
